player_id,Name,sWAR,hand,team,hand.1,AB,WALKS,Injury,SO vlhp,SO v rhp,SO vL+,SO vR+,Pts,Pts.1,BB v lhp,BB v rhp,Unnamed: 17,Unnamed: 18,Pts.2,Pts.3,HIT v lhp,HIT v rhp,Unnamed: 23,Unnamed: 24,Pts.4,Pts.5,OB v lhp,OB v rhp,Unnamed: 29,Unnamed: 30,Pts.6,Pts.7,TB v lhp,TB v rhp,Unnamed: 35,Unnamed: 36,Pts.8,Pts.9,HR v lhp,HR v rhp,Unnamed: 41,Unnamed: 42,Pts.10,Pts.11,BP v lhp,BP v rhp,BPHR v lhp,BPHR v rhp,Unnamed: 49,Unnamed: 50,Pts.12,Pts.13,BP1B v lhp,BP1B v rhp,Unnamed: 55,Unnamed: 56,Pts.14,Pts.15,CL v lhp,CL v rhp,DP v lhp,DP v rhp,Unnamed: 63,Unnamed: 64,Pts.16,Pts.17,Raw vL,Raw vR,Raw Total,STEALING,STL,SPD,STL+,SPD+,Pts.18,Pts.19,B,H,Bunt+,HnR+,Pts.20,Pts.21,INJ,vL,vR,Total,CA,1B,2B,3B,SS,LF,CF,RF,FIELDING,C Rng,1B Rng,2B Rng,3B Rng,SS Rng,LF Rng,CF Rng,RF Rng,C Err,1B Err,2B Err,3B Err,SS Err,LF Err,CF Err,RF Err,CR+,1BR+,2BR+,3BR+,SSR+,LFR+,CFR+,RFR+,CE+,1BE+,2BE+,3BE+,SSE+,LFE+,CFR+.1,RFR+.1,C+,1B+,2B+,3B+,SS+,LF+,CF+,RF+,C Tot,1B Tot,2B Tot,3B Tot,SS Tot,LF Tot,CF Tot,RF Tot,cArm,oArm,Injury Roll,Injury Length,Unnamed: 148,Unnamed: 149,Unnamed: 150,Unnamed: 151,cArm.1,C R%,1B R%,2B R%,3B R%,SS R%,LF R%,CF R%,RF R%,C E%,1B E%,2B E%,3B E%,SS E%,LF E%,CF E%,RF E%,C Play%,1B Play%,2B Play%,3B Play%,SS Play%,LF Play%,CF Play%,RF Play%,C+.1,1B+.1,2B+.1,3B+.1,SS+.1,LF+.1,CF+.1,RF+.1,Team
12495,Aaron Judge,4.45,R,,,559,133,1p70,11,26,1,0,1,0,41,23,3,3,3,3,19.8,29.9,0,2,0,4,63.8,55.9,3,3,15,15,59.5,67.5,2,3,10,15,11.8,10.3,3,3,6,6,8.0,8.0,8,8,3,3,9,9,5,5,1,1,1,1,-1,-10,9,10,0,0,0,0,16,18,34,*3/- (20-6),B,13,1,1,2,3,D,D,0,0,0,0,1,45,53,59,,,,,,300.0,300.0,200.0,cf-3(-4)e0 rf-2e0 lf-3e0,,,,,,3.0,3.0,2.0,,,,,,0.0,0.0,0.0,,,,,,0.0,0.0,3.0,,,,,,4.0,4.0,4.0,,,,,,4.0,4.0,7.0,,,,,,63.0,63.0,66.0,,0.0,4,3,,,,,,,,,,,0.3,0.3,0.15,,,,,,0.0,0.0,0.0,,,,,,0.7,0.7,0.85,,,,,,-4.0,-4.0,1.0,WAI
13375,Shohei Ohtani,3.65,L,,,636,81,1p70,24,24,0,0,0,0,10,14,1,2,1,2,27.8,31.0,1,2,2,4,39.8,47.0,1,2,5,10,48.0,75.8,1,4,5,20,4.0,11.8,2,3,4,6,7.0,8.0,7,8,3,3,9,9,5,5,1,1,1,1,-11,-8,6,5,1,1,1,1,11,18,29,"*2-5,11,12/- (19-15)",AA,17,3,3,6,9,D,D,0,0,0,0,1,28,53,58,,,,,,,,,,,,,,,,,,,,,,,,,,,,,,,,,,,,,,,,,,,,,,,,,,,,,,,,,,,0.0,4,3,,,,,,,,,,,,,,,,,,,,,,,,,,,,,,,,,,,,,,NSH
12588,Bobby Witt Jr,3.84,R,,,636,57,1p70,3,9,2,2,2,2,0,9,-3,0,-3,0,34.3,33.7,2,2,4,4,37.3,45.7,1,2,5,10,52.0,62.1,2,3,10,15,1.8,4.4,-1,2,-2,4,2.0,8.0,2,8,0,3,0,9,5,5,1,1,1,1,3,2,1,1,2,2,2,2,6,17,23,*2-6/- (17-13),A,17,2,3,4,9,D,C,0,0,0,0,1,19,47,50,,,,,116.0,,,,ss-1e16,,,,,1.0,,,,,,,,16.0,,,,,,,,5.0,,,,,,,,2.0,,,,,,,,7.0,,,,,,,,57.0,,,,,,4,3,,,,,,,,,,0.0,,,,,,,,0.08333333333,,,,,,,,0.9166666667,,,,,,,,6.0,,,,BSG
12611,Brent Rooker,2.64,R,,,546,59,1p65,28,39,0,-2,0,-2,10,12,1,1,1,1,27.4,28.5,1,2,2,4,39.3,42.5,1,2,5,10,63.0,57.3,2,2,10,10,10.5,7.8,3,3,6,6,8.0,8.0,8,8,3,3,9,9,5,5,1,1,1,1,-5,-5,5,3,1,2,1,2,13,14,27,*6/- (18-6),B,13,1,1,2,3,D,D,0,0,0,0,1,35,41,47,,,,,,510.0,,510.0,lf-5(0)e10 rf-5e10,,,,,,5.0,,5.0,,,,,,10.0,,10.0,,,,,,-3.0,,-3.0,,,,,,0.0,,0.0,,,,,,-3.0,,-3.0,,,,,,44.0,,44.0,,,4,2,,,,,,,,,,,0.75,,0.75,,,,,,0.181,,0.181,,,,,,0.20475,,0.20475,,,,,,-8.0,,-8.0,DAL
13151,Marcell Ozuna,1.81,R,,,606,74,0p72,34,24,-1,0,-1,0,19,14,3,2,3,2,31.9,28.0,2,2,4,4,51.9,43.0,2,2,10,10,45.3,54.0,1,2,5,10,2.0,7.5,0,3,0,6,3.0,8.0,3,8,1,3,3,9,5,5,1,1,1,1,-13,-14,12,16,0,-1,0,-2,9,14,23,2/- (20-6),E,10,0,0,0,0,D,D,0,0,0,0,0,25,40,45,,,,,,,,,,,,,,,,,,,,,,,,,,,,,,,,,,,,,,,,,,,,,,,,,,,,,,,,,,,,5,4,,,,,,,,,,,,,,,,,,,,,,,,,,,,,,,,,,,,,,DEN
13104,Kyle Tucker,4.02,L,,,277,56,5p40,9,11,1,1,1,1,25,25,3,3,3,3,19.1,25.6,0,1,0,2,45.1,51.6,2,3,10,15,35.6,61.6,0,3,0,15,3.5,11.4,1,3,2,6,6.0,8.0,6,8,3,3,9,9,5,5,1,1,1,1,-7,-9,9,9,0,1,0,1,11,19,30,*5/- (20-11),B,13,1,1,2,3,D,C,0,0,0,0,5,26,53,45,,,,,,,,202.0,rf-2(-3)e2,,,,,,,,2.0,,,,,,,,2.0,,,,,,,,3.0,,,,,,,,4.0,,,,,,,,7.0,,,,,,,,52.0,,,-2,-1,,,,,,,,,,,,,0.15,,,,,,,,0.037,,,,,,,,0.81855,,,,,,,,1.0,DENIL
13047,Juan Soto,3.21,L,,,576,129,1p70,0,16,3,1,3,1,32,28,3,3,3,3,18.1,21.9,0,0,0,0,51.1,51.0,2,3,10,15,37.6,43.3,0,1,0,5,5.2,4.8,3,2,6,4,8.0,7.0,8,7,3,3,9,9,5,5,1,1,1,1,-2,-3,8,8,1,1,1,1,16,15,31,7/- (13-6),C,12,0,0,0,0,B,C,1,0,1,0,1,33,39,45,,,,,,302.0,,302.0,rf-3(-3)e2 lf-3e2,,,,,,3.0,,3.0,,,,,,2.0,,2.0,,,,,,0.0,,0.0,,,,,,4.0,,4.0,,,,,,4.0,,4.0,,,,,,49.0,,49.0,,-2.0,4,3,,,,,,,,,,,0.3,,0.3,,,,,,0.037,,0.037,,,,,,0.6741,,0.6741,,,,,,-2.0,,-2.0,THE
12860,Gunnar Henderson,3.67,L,,,630,78,1p70,28,21,0,0,0,0,20,11,3,1,3,1,19.3,26.4,0,1,0,2,41.3,39.4,1,1,5,5,37.4,47.8,0,2,0,10,2.8,4.8,1,2,2,4,5.0,8.0,5,8,3,3,9,9,5,5,1,1,1,1,-8,-13,0,0,3,3,3,3,12,14,26,*7/- (19-11),A,15,2,2,4,6,D,C,0,0,0,0,1,23,35,42,,,,,226.0,,,,ss-2e26,,,,,2.0,,,,,,,,26.0,,,,,,,,3.0,,,,,,,,0.0,,,,,,,,3.0,,,,,,,,45.0,,,,,,4,3,,,,,,,,,,0.1,,,,,,,,0.1342592593,,,,,,,,0.7791666667,,,,,,,,-1.0,,,,THE
13506,Yordan Alvarez,2.47,L,,,552,69,1p65,15,6,1,2,1,2,5,11,-1,1,-1,1,42.9,24.0,3,1,6,2,51.9,39.0,2,1,10,5,67.7,47.2,3,2,15,10,4.0,6.0,2,3,4,6,8.0,8.0,8,8,3,3,9,9,5,5,1,1,1,1,-16,-10,20,17,-2,-1,-4,-2,12,13,25,2/- (20-6),C,10,0,0,0,0,C,C,0,0,0,0,1,41,34,42,,,,,,503.0,,,lf-5(-3)e3,,,,,,5.0,,,,,,,,3.0,,,,,,,,-3.0,,,,,,,,4.0,,,,,,,,1.0,,,,,,,,43.0,,,,,4,2,,,,,,,,,,,0.75,,,,,,,,0.056,,,,,,,,0.236,,,,,,,,-8.0,,,WV
13473,Vladimir Guerrero Jr,2.58,R,,,616,72,1p70,0,7,3,2,3,2,18,9,3,0,3,0,28.1,35.3,1,3,2,6,48.2,46.3,2,2,10,10,47.3,54.8,1,2,5,10,3.4,3.6,1,1,2,2,6.0,6.0,6,6,3,2,9,6,5,5,1,1,1,1,-5,-6,16,18,-1,-1,-2,-2,14,12,26,4/12 (13-5),E,10,0,0,0,0,D,C,0,0,0,0,1,33,35,42,,314.0,,429.0,,,,,1b-3e14 3b-4e29,,3.0,,4.0,,,,,,14.0,,29.0,,,,,,1.0,,0.0,,,,,,1.0,,-2.0,,,,,,2.0,,-2.0,,,,,,44.0,,40.0,,,,,,,4,3,,,,,,,0.2,,0.3,,,,,,0.25,,0.3472222222,,,,,,0.6,,0.4569444444,,,,,,-6.0,,-8.0,,,,,GME
13365,Seiya Suzuki,1.74,R,,,512,63,1p60,21,39,0,-2,0,-2,19,13,3,1,3,1,23.6,27.6,1,2,2,4,44.6,42.5,2,2,10,10,35.7,46.6,0,2,0,10,1.8,3.2,-1,1,-2,2,3.0,5.0,3,5,1,2,3,6,5,5,1,1,1,1,-11,-11,5,4,1,1,1,1,8,10,18,"*5,6/- (17-12)",B,13,1,1,2,3,D,C,0,0,0,0,1,18,33,36,,,,,,407.0,,407.0,rf-4(-2)e7 lf-4e7,,,,,,4.0,,4.0,,,,,,7.0,,7.0,,,,,,-1.0,,-1.0,,,,,,2.0,,2.0,,,,,,1.0,,1.0,,,,,,37.0,,37.0,,,4,1,,,,,,,,,,,0.55,,0.55,,,,,,0.125,,0.125,,,,,,0.39375,,0.39375,,,,,,-8.0,,-8.0,THEIL
13074,Ketel Marte,3.38,S,,,504,65,1p60,10,20,1,0,1,0,2,18,-2,3,-2,3,38.8,19.2,2,0,4,0,42.8,39.2,1,1,5,5,82.7,36.8,3,0,15,0,12.6,5.0,3,3,6,6,8.0,8.0,8,8,3,3,9,9,5,5,1,1,1,1,-12,-10,15,11,-1,0,-2,0,11,11,22,4/- (18-6),C,14,0,1,0,3,C,B,0,1,0,2,1,37,24,34,,,108.0,,448.0,,,,2b-1e8 ss-4e48,,,1.0,,4.0,,,,,,8.0,,48.0,,,,,,4.0,,-2.0,,,,,,3.0,,-2.0,,,,,,7.0,,-4.0,,,,,,41.0,,30.0,,,,,-3.0,4,1,,,,,,,,0.0,,0.3,,,,,,0.0462962963,,0.2453703704,,,,,,0.9537037037,,0.5282407407,,,,,,8.0,,-8.0,,,,DEN
13023,Jose Ramirez,2.89,S,,,620,54,1p70,0,4,3,2,3,2,0,6,-3,-1,-3,-1,42.2,20.5,3,0,6,0,42.2,26.5,1,-1,5,-5,89.4,38.5,4,1,20,5,11.3,4.0,3,2,6,4,8.0,7.0,8,7,3,3,9,9,5,5,1,1,1,1,-3,-3,11,10,0,0,0,0,15,7,22,*4-6/- (19-14),AA,16,3,2,6,6,D,B,0,1,0,2,1,47,15,34,,,,112.0,,,,,3b-1e12,,,,1.0,,,,,,,,12.0,,,,,,,,4.0,,,,,,,,1.0,,,,,,,,5.0,,,,,,,,39.0,,,,,,2.0,4,3,,,,,,,,,0.0,,,,,,,,0.1435185185,,,,,,,,0.8564814815,,,,,,,,4.0,,,,,MKE
13409,Teoscar Hernandez,1.91,R,,,589,53,1p70,35,38,-1,-1,-1,-1,5,10,-1,0,-1,0,27.0,23.3,1,1,2,2,35.0,36.3,1,1,5,5,52.5,39.5,2,1,10,5,6.0,3.8,3,2,6,4,8.0,5.0,8,5,3,2,9,6,5,5,1,1,1,1,-11,-11,6,7,1,1,1,1,10,8,18,*6/- (18-6),B,13,1,1,2,3,D,C,0,0,0,0,1,32,23,34,,,,,,403.0,,403.0,lf-4(-1)e3 rf-4e3,,,,,,4.0,,4.0,,,,,,3.0,,3.0,,,,,,-1.0,,-1.0,,,,,,4.0,,4.0,,,,,,3.0,,3.0,,,,,,37.0,,37.0,,-1.0,4,3,,,,,,,,,,,0.55,,0.55,,,,,,0.056,,0.056,,,,,,0.4248,,0.4248,,,,,,-7.0,,-7.0,WV
12963,Joc Pederson,1.87,L,,,367,55,1p60,45,25,-2,0,-2,0,15,16,2,2,2,2,12.5,20.6,-1,0,-2,0,37.6,46.7,1,2,5,10,19.2,41.5,-1,1,-5,5,1.8,5.8,-1,3,-2,6,4.0,8.0,4,8,2,3,6,9,5,5,1,1,1,1,-6,-6,4,6,1,1,1,1,2,13,15,*4-6/- (15-11),C,11,0,0,0,0,C,D,0,0,0,0,1,4,34,32,,,,,,,,,,,,,,,,,,,,,,,,,,,,,,,,,,,,,,,,,,,,,,,,,,,,,,,,,,,,4,1,,,,,,,,,,,,,,,,,,,,,,,,,,,,,,,,,,,,,,MDW
13292,Rafael Devers,1.79,L,,,525,67,1p65,42,21,-1,0,-1,0,7,12,-1,1,-1,1,20.9,26.6,0,1,0,2,28.9,39.6,0,1,0,5,35.8,60.4,0,3,0,15,1.3,8.0,-1,3,-2,6,1.0,8.0,1,8,-1,3,-3,9,5,5,1,1,1,1,-9,-7,19,17,-1,-1,-2,-2,-4,12,8,2/- (20-6),D,12,0,0,0,0,D,C,0,0,0,0,1,-8,37,32,,,,415.0,,,,,3b-4e15,,,,4.0,,,,,,,,15.0,,,,,,,,0.0,,,,,,,,1.0,,,,,,,,1.0,,,,,,,,33.0,,,,,,,4,2,,,,,,,,,0.3,,,,,,,,0.1805555556,,,,,,,,0.5736111111,,,,,,,,-6.0,,,,,GME
12820,Francisco Lindor,2.9,S,,,618,56,1p70,9,18,1,1,1,1,5,9,-1,0,-1,0,21.0,25.0,0,1,0,2,30.0,38.0,0,1,0,5,47.9,41.2,1,1,5,5,6.2,3.2,3,1,6,2,8.0,6.0,8,6,3,2,9,6,5,5,1,1,1,1,-4,-7,6,5,1,1,1,1,9,9,18,"*4,5/- (19-13)",A,15,2,2,4,6,D,D,0,0,0,0,1,22,23,32,,,,,114.0,,,,ss-1e14,,,,,1.0,,,,,,,,14.0,,,,,,,,5.0,,,,,,,,2.0,,,,,,,,7.0,,,,,,,,39.0,,,,,-1.0,4,3,,,,,,,,,,0.0,,,,,,,,0.07407407407,,,,,,,,0.9259259259,,,,,,,,6.0,,,,MKE
12686,Christian Yelich,2.03,L,,,270,40,5p40,10,17,1,1,1,1,14,18,2,3,2,3,32.4,30.2,2,2,4,4,48.4,50.2,2,3,10,15,45.0,45.0,1,1,5,5,3.1,2.3,1,0,2,0,5.0,2.0,5,2,3,0,9,0,5,5,1,1,1,1,0,0,5,5,1,1,1,1,14,12,26,"*5,6/- (19-13)",A,16,2,2,4,6,B,C,1,0,1,0,5,35,30,31,,,,,,304.0,,,lf-3(+3)e4,,,,,,3.0,,,,,,,,4.0,,,,,,,,0.0,,,,,,,,2.0,,,,,,,,2.0,,,,,,,,33.0,,,,,-2,-1,,,,,,,,,,,0.3,,,,,,,,0.069,,,,,,,,0.6517,,,,,,,,-4.0,,,MKE
12633,Bryce Harper,2.21,L,,,550,76,1p65,24,22,0,0,0,0,18,11,3,1,3,1,28.9,24.0,1,1,2,2,47.9,35.9,2,1,10,5,50.5,45.3,2,1,10,5,3.6,4.2,2,2,4,4,4.0,6.0,4,6,2,2,6,6,5,5,1,1,1,1,-10,-8,19,21,-1,-2,-2,-4,12,7,19,"4,6/- (13-6)",C,13,0,1,0,3,C,B,0,1,0,2,1,34,20,31,,206.0,,,,,,,1b-2e6,,2.0,,,,,,,,6.0,,,,,,,,3.0,,,,,,,,2.0,,,,,,,,5.0,,,,,,,,36.0,,,,,,,,,4,2,,,,,,,0.1,,,,,,,,0.1064814815,,,,,,,,0.8041666667,,,,,,,,1.0,,,,,,,CHC
13281,Pavin Smith,1.1,L,,,137,18,1p30,11,20,1,0,1,0,20,15,3,2,3,2,10.7,23.9,-1,1,-2,2,30.7,38.9,0,1,0,5,28.9,57.1,0,2,0,10,4.4,7.4,2,3,4,6,,8.0,8,8,3,3,9,9,0,5,0,1,0,1,0,-3,18,19,-1,-1,-2,-2,7,12,19,2/- (20-6),E,10,0,0,0,0,D,C,0,0,0,0,1,13,33,30,,418.0,,,,408.0,,408.0,lf-4(+2)e8 rf-4e8 1b-4e18,,4.0,,,,4.0,,4.0,,18.0,,,,8.0,,8.0,,0.0,,,,-1.0,,-1.0,,0.0,,,,0.0,,0.0,,0.0,,,,-1.0,,-1.0,,30.0,,,,29.0,,29.0,,-1.0,4,-2,,,,,,,0.3,,,,0.55,,0.55,,0.3240740741,,,,0.144,,0.144,,0.4731481481,,,,0.3852,,0.3852,,-8.0,,,,-7.0,,-7.0,WAI
13312,Riley Greene,2.68,L,,,512,64,1p65,38,32,-1,-1,-1,-1,4,17,-2,2,-2,2,15.0,23.0,-1,1,-2,2,21.0,42.0,-1,2,-5,10,37.2,40.0,0,1,0,5,3.2,3.4,1,1,2,2,,5.0,6,5,3,2,9,6,0,5,0,1,0,1,0,2,0,0,3,3,3,3,2,12,14,6/- (13-6),D,13,0,1,0,3,D,C,0,0,0,0,1,4,30,30,,,,,,105.0,305.0,305.0,lf-1(-1)e5 cf-3e5 rf-3e5,,,,,,1.0,3.0,3.0,,,,,,5.0,5.0,5.0,,,,,,4.0,0.0,0.0,,,,,,2.0,3.0,2.0,,,,,,6.0,3.0,2.0,,,,,,36.0,33.0,32.0,,1.0,4,2,,,,,,,,,,,0.0,0.3,0.3,,,,,,0.088,0.06018518519,0.088,,,,,,0.912,0.6578703704,0.6384,,,,,,5.0,-5.0,-7.0,BSG
12897,Jackson Merrill,2.15,L,,,554,29,1p70,6,15,2,1,2,1,3,0,-2,-2,-2,-2,21.0,34.1,0,2,0,4,24.0,34.1,-1,0,-5,0,29.0,57.5,0,2,0,10,2.4,3.4,0,1,0,2,4.0,6.0,4,6,2,2,6,6,5,5,1,1,1,1,0,0,0,0,3,3,3,3,5,10,15,*7/- (19-11),A,15,2,2,4,6,B,C,1,0,1,0,1,5,25,30,,,,,,,203.0,,cf-2(-1)e3,,,,,,,2.0,,,,,,,,3.0,,,,,,,,2.0,,,,,,,,4.0,,,,,,,,6.0,,,,,,,,36.0,,,,4,3,,,,,,,,,,,,0.15,,,,,,,,0.03703703704,,,,,,,,0.8185185185,,,,,,,,1.0,,CLS
13225,Mookie Betts,2.7,R,,,450,61,3p60,0,0,3,3,3,3,12,19,1,3,1,3,30.9,22.0,2,0,4,0,42.9,41.0,1,2,5,10,45.2,39.3,1,1,5,5,1.5,3.2,-1,1,-2,2,1.0,5.0,1,5,-1,2,-3,6,5,5,1,1,1,1,11,10,15,14,-1,0,-2,0,6,13,19,*6/- (19-11),A,14,2,1,4,3,D,C,0,0,0,0,3,12,30,29,,,305.0,,324.0,,,113.0,ss-3e24 rf-1(-3)e13 2b-3e5,,,3.0,,3.0,,,1.0,,,5.0,,24.0,,,13.0,,,0.0,,0.0,,,4.0,,,3.0,,0.0,,,-2.0,,,3.0,,0.0,,,2.0,,,32.0,,29.0,,,31.0,,-3.0,1,1,,,,,,,,0.2,,0.2,,,0.0,,,0.03240740741,,0.125,,,0.236,,,0.7740740741,,0.7,,,0.764,,,-1.0,,-4.0,,,2.0,CYP
13102,Kyle Schwarber,1.47,L,,,573,106,1p70,31,40,0,-2,0,-2,23,23,3,3,3,3,24.5,10.1,1,-2,2,-4,49.5,35.1,2,1,10,5,36.5,29.3,0,0,0,0,4.0,5.2,2,3,4,6,6.0,,6,7,3,3,9,9,5,0,1,0,1,0,1,0,2,3,2,2,2,2,14,8,22,6/- (13-6),D,10,0,0,0,0,D,C,0,0,0,0,1,31,19,29,,,,,,508.0,,,lf-5(+2)e8,,,,,,5.0,,,,,,,,8.0,,,,,,,,-3.0,,,,,,,,0.0,,,,,,,,-3.0,,,,,,,,26.0,,,,,4,3,,,,,,,,,,,0.75,,,,,,,,0.144,,,,,,,,0.214,,,,,,,,-8.0,,,MKE
12713,Corey Seager,2.72,L,,,475,53,3p60,35,7,-1,2,-1,2,0,12,-3,1,-3,1,23.5,25.3,1,1,2,2,24.5,38.3,-1,1,-5,5,34.9,46.8,0,2,0,10,3.4,5.6,1,3,2,6,4.0,8.0,4,8,2,3,6,9,5,5,1,1,1,1,-8,-7,13,11,0,0,0,0,0,14,14,3/12 (13-5),E,9,0,-1,0,-3,D,C,0,0,0,0,3,2,36,29,,,,,310.0,,,,ss-3e10,,,,,3.0,,,,,,,,10.0,,,,,,,,0.0,,,,,,,,3.0,,,,,,,,3.0,,,,,,,,32.0,,,,,-1.0,1,1,,,,,,,,,,0.2,,,,,,,,0.05092592593,,,,,,,,0.7592592593,,,,,,,,-1.0,,,,WAI
12522,Alex Call,3.85,R,,,99,12,3p20,24,5,0,2,0,2,15,15,2,2,2,2,26.0,43.3,1,3,2,6,45.0,62.3,2,3,10,15,36.3,63.5,0,3,0,15,3.3,1.1,1,-2,2,-4,5.0,0.0,5,0,3,-2,9,-6,5,5,1,1,1,1,-6,-6,13,13,0,0,0,0,10,10,20,"*4,6/- (19-12)",B,15,1,2,2,6,D,C,0,0,0,0,3,26,31,29,,,,,,312.0,312.0,312.0,rf-3(0)e12 cf-3e12 lf-3e12,,,,,,3.0,3.0,3.0,,,,,,12.0,12.0,12.0,,,,,,0.0,0.0,0.0,,,,,,-2.0,0.0,-2.0,,,,,,-2.0,0.0,-2.0,,,,,,27.0,29.0,27.0,,,1,-4,,,,,,,,,,,0.3,0.3,0.3,,,,,,0.218,0.1435185185,0.218,,,,,,0.5474,0.599537037,0.5474,,,,,,-8.0,-6.0,-8.0,CANIL
12988,Jonah Bride,0.85,R,,,232,30,1p40,26,16,0,1,0,1,22,12,3,1,3,1,16.5,26.7,0,1,0,2,41.5,41.7,1,2,5,10,23.6,50.0,-1,2,-5,10,2.0,6.4,0,3,0,6,,8.0,-3,8,-3,3,-9,9,5,5,1,1,1,1,-7,-8,19,25,-1,-2,-2,-4,0,12,12,"5,6/- (3-1)",E,11,0,0,0,0,D,C,0,0,0,0,1,-7,36,28,,409.0,408.0,418.0,,,,,1b-4e9 3b-4e18 2b-4e8,,4.0,4.0,4.0,,,,,,9.0,8.0,18.0,,,,,,0.0,-2.0,0.0,,,,,,2.0,3.0,0.0,,,,,,2.0,1.0,0.0,,,,,,30.0,29.0,28.0,,,,,,0.0,4,-1,,,,,,,0.3,0.3,0.3,,,,,,0.162037037,0.0462962963,0.2175925926,,,,,,0.5865740741,0.6675925926,0.5476851852,,,,,,-6.0,-4.0,-8.0,,,,,NSH
13429,Trea Turner,1.61,R,,,505,27,1p60,13,15,1,1,1,1,8,1,0,-2,0,-2,30.5,32.0,2,2,4,4,40.5,35.0,1,1,5,5,50.0,42.6,2,1,10,5,4.0,2.4,2,0,4,0,6.0,4.0,6,4,3,1,9,3,5,5,1,1,1,1,-11,-11,15,16,-1,-1,-2,-2,11,4,15,"*4,6/- (19-12)",A,17,2,3,4,9,D,C,0,0,0,0,1,32,15,28,,,,,324.0,,,,ss-3e24,,,,,3.0,,,,,,,,24.0,,,,,,,,0.0,,,,,,,,0.0,,,,,,,,0.0,,,,,,,,28.0,,,,,,4,1,,,,,,,,,,0.2,,,,,,,,0.125,,,,,,,,0.7,,,,,,,,-4.0,,,,WV
12823,Freddie Freeman,2.14,L,,,542,78,1p65,8,11,2,1,2,1,11,17,1,2,1,2,20.3,27.0,0,1,0,2,35.3,48.0,1,2,5,10,34.1,42.0,0,1,0,5,2.3,2.5,0,0,0,0,4.0,4.0,4,4,2,1,6,3,5,5,1,1,1,1,-6,-5,16,15,-1,-1,-2,-2,6,8,14,5/- (16-6),C,13,0,1,0,3,D,B,0,1,0,2,1,13,22,27,,205.0,,,,,,,1b-2e5,,2.0,,,,,,,,5.0,,,,,,,,3.0,,,,,,,,2.0,,,,,,,,5.0,,,,,,,,32.0,,,,,,,,-1.0,4,2,,,,,,,0.1,,,,,,,,0.08796296296,,,,,,,,0.8208333333,,,,,,,,1.0,,,,,,,POR
12652,Carlos Correa,2.92,R,,,319,40,4p40,13,11,1,1,1,1,9,15,0,2,0,2,30.5,30.3,2,2,4,4,41.5,47.3,1,2,5,10,57.4,45.1,2,1,10,5,6.0,2.1,3,0,6,0,8.0,4.0,8,4,3,1,9,3,5,5,1,1,1,1,-4,-4,11,9,0,1,0,1,13,11,24,-/- (---),E,12,0,0,0,0,D,C,0,0,0,0,4,36,27,27,,,,,110.0,,,,ss-1e10,,,,,1.0,,,,,,,,10.0,,,,,,,,5.0,,,,,,,,3.0,,,,,,,,8.0,,,,,,,,35.0,,,,,1.0,-1,-1,,,,,,,,,,0.0,,,,,,,,0.05092592593,,,,,,,,0.9490740741,,,,,,,,6.0,,,,NSH
13158,Mark Vientos,1.98,R,,,413,33,1p50,42,38,-1,-1,-1,-1,4,10,-2,0,-2,0,29.8,18.5,2,0,4,0,35.8,30.5,1,0,5,0,53.8,39.6,2,1,10,5,4.3,6.2,2,3,4,6,6.0,8.0,6,8,3,3,9,9,5,5,1,1,1,1,-2,-2,13,9,0,1,0,1,8,8,16,-/- (---),E,10,0,0,0,0,D,D,0,0,0,0,1,30,21,27,,412.0,,408.0,,,,,3b-4e8 1b-4e12,,4.0,,4.0,,,,,,12.0,,8.0,,,,,,0.0,,0.0,,,,,,1.0,,2.0,,,,,,1.0,,2.0,,,,,,28.0,,29.0,,,,,,,4,0,,,,,,,0.3,,0.3,,,,,,0.2175925926,,0.09722222222,,,,,,0.5476851852,,0.6319444444,,,,,,-8.0,,-6.0,,,,,WV
13112,Lawrence Butler,1.93,L,,,412,35,1p60,28,27,0,0,0,0,0,9,-3,0,-3,0,27.6,21.9,1,0,2,0,27.6,31.0,0,0,0,0,56.1,42.7,2,1,10,5,7.0,4.4,3,2,6,4,8.0,8.0,8,8,3,3,9,9,5,5,1,1,1,1,3,2,16,14,-1,0,-2,0,6,7,13,*7/- (20-12),A,14,2,1,4,3,D,D,0,0,0,0,1,23,19,27,,,,,,,406.0,306.0,rf-3(-1)e6 cf-4e6,,,,,,,4.0,3.0,,,,,,,6.0,6.0,,,,,,,-2.0,0.0,,,,,,,3.0,2.0,,,,,,,1.0,2.0,,,,,,,28.0,29.0,,,4,1,,,,,,,,,,,,0.55,0.3,,,,,,,0.06944444444,0.106,,,,,,,0.41875,0.6258,,,,,,,-8.0,-6.0,GME
13169,Matt Chapman,3.18,R,,,575,64,1p70,27,29,0,0,0,0,16,11,2,1,2,1,18.0,18.5,0,0,0,0,36.0,31.5,1,0,5,0,36.8,37.7,0,1,0,5,2.8,3.8,1,2,2,4,5.0,7.0,5,7,3,3,9,9,5,5,1,1,1,1,-3,-5,14,16,0,-1,0,-2,8,7,15,*6/- (19-11),B,15,1,2,2,6,D,D,0,0,0,0,1,19,18,27,,,,116.0,,,,,3b-1e16,,,,1.0,,,,,,,,16.0,,,,,,,,4.0,,,,,,,,0.0,,,,,,,,4.0,,,,,,,,31.0,,,,,,-2.0,4,3,,,,,,,,,0.0,,,,,,,,0.1898148148,,,,,,,,0.8101851852,,,,,,,,1.0,,,,,THE
13449,Tyler Fitzgerald,2.38,R,,,314,22,1p50,40,45,-1,-2,-1,-2,4,7,-2,-1,-2,-1,33.7,23.0,2,1,4,2,40.7,33.0,1,0,5,0,58.4,39.8,2,1,10,5,5.0,3.2,3,1,6,2,8.0,6.0,8,6,3,2,9,6,5,5,1,1,1,1,-14,-11,0,1,3,2,3,2,12,5,17,*4-6/- (19-13),A,17,2,3,4,9,C,D,0,0,0,0,1,35,15,27,,425.0,437.0,,327.0,425.0,425.0,,ss-3e27 cf-4(0)e25 2b-4e37 lf-4e25 1b-4e25,,4.0,4.0,,3.0,4.0,4.0,,,25.0,37.0,,27.0,25.0,25.0,,,0.0,-2.0,,0.0,-1.0,-2.0,,,-2.0,-2.0,,-2.0,-4.0,-2.0,,,-2.0,-4.0,,-2.0,-5.0,-4.0,,,25.0,23.0,,25.0,22.0,23.0,,,,4,0,,,,,,,0.3,0.3,,0.2,0.55,0.55,,,0.4490740741,0.2222222222,,0.1388888889,0.449,0.3009259259,,,0.3856481481,0.5444444444,,0.6888888889,0.24795,0.3145833333,,,-8.0,-8.0,,-4.0,-8.0,-8.0,,CHCIL
12508,Adrian Del Castillo,1.67,L,,,80,7,2p20,42,44,-1,-2,-1,-2,0,12,-3,1,-3,1,50.3,27.3,3,1,6,2,50.3,39.3,2,1,10,5,69.0,52.3,3,2,15,10,0.0,7.0,-2,3,-4,6,,8.0,-3,8,-3,3,-9,9,5,5,1,1,1,1,-5,-4,7,9,1,1,1,1,1,11,12,"2-5,11,12/9 (13-6)",D,9,0,-1,0,-3,D,D,0,0,0,0,2,16,33,26,408.0,,,,,,,,"c-4(+3)e8,T-9(pb-0)",4.0,,,,,,,,8.0,,,,,,,,-2.0,,,,,,,,0.0,,,,,,,,-2.0,,,,,,,,24.0,,,,,,,,,,2,-4,,,,,,0.3,,,,,,,,0.097,,,,,,,,0.6321,,,,,,,,-6.0,,,,,,,,CAN
12641,Byron Buxton,2.69,R,,,355,20,3p50,29,31,0,-1,0,-1,6,1,-1,-2,-1,-2,29.8,24.3,2,1,4,2,41.8,31.3,1,0,5,0,49.2,50.4,1,2,5,10,1.6,4.8,-1,2,-2,4,3.0,8.0,3,8,1,3,3,9,5,5,1,1,1,1,-8,-7,3,3,2,2,2,2,6,8,14,*7/- (18-11),C,17,0,3,0,9,D,D,0,0,0,0,3,17,25,26,,,,,,,201.0,,cf-2(-2)e1,,,,,,,2.0,,,,,,,,1.0,,,,,,,,2.0,,,,,,,,4.0,,,,,,,,6.0,,,,,,,,32.0,,,,1,0,,,,,,,,,,,,0.15,,,,,,,,0.01388888889,,,,,,,,0.8381944444,,,,,,,,1.0,,NSHIL
13053,Jurickson Profar,1.56,S,,,564,76,1p70,0,14,3,1,3,1,12,15,1,2,1,2,26.7,22.5,1,1,2,2,44.7,43.5,2,2,10,10,39.3,34.4,1,0,5,0,3.5,2.3,1,0,2,0,6.0,3.0,6,3,3,0,9,0,5,5,1,1,1,1,-3,-3,16,15,-1,-1,-2,-2,12,6,18,*6/- (17-6),B,12,1,0,2,0,A,C,2,0,2,0,1,31,14,26,,414.0,,,,401.0,,,lf-4(-1)e1 1b-4e14,,4.0,,,,4.0,,,,14.0,,,,1.0,,,,0.0,,,,-1.0,,,,1.0,,,,4.0,,,,1.0,,,,3.0,,,,27.0,,,,29.0,,,,3.0,4,3,,,,,,,0.3,,,,0.55,,,,0.25,,,,0.019,,,,0.525,,,,0.44145,,,,-8.0,,,,-11.0,,,MDW
13297,Randal Grichuk,2.29,R,,,254,20,1p50,10,15,1,1,1,1,10,1,1,-2,1,-2,32.7,21.3,2,0,4,0,44.7,24.3,2,-1,10,-5,52.6,55.9,2,2,10,10,2.4,7.5,0,3,0,6,4.0,,4,8,2,3,6,9,5,0,1,0,1,0,-6,0,14,16,0,-1,0,-2,11,5,16,-/- (---),E,12,0,0,0,0,D,D,0,0,0,0,1,33,17,25,,,,,,304.0,,304.0,rf-3(0)e4 lf-3e4,,,,,,3.0,,3.0,,,,,,4.0,,4.0,,,,,,0.0,,0.0,,,,,,2.0,,2.0,,,,,,2.0,,2.0,,,,,,27.0,,27.0,,-1.0,4,0,,,,,,,,,,,0.3,,0.3,,,,,,0.069,,0.069,,,,,,0.6517,,0.6517,,,,,,-3.0,,-3.0,GME
13489,Willy Adames,1.31,R,,,610,74,1p70,29,30,0,-1,0,-1,20,12,3,1,3,1,8.3,23.4,-2,1,-4,2,28.3,35.4,0,1,0,5,13.4,43.1,-2,1,-10,5,0.8,4.5,-2,2,-4,4,1.0,8.0,1,8,-1,3,-3,9,5,5,1,1,1,1,-2,-9,12,12,0,0,0,0,-3,9,6,"*4,5/- (19-12)",A,13,2,1,4,3,D,D,0,0,0,0,1,-17,26,24,,,,,221.0,,,,ss-2e21,,,,,2.0,,,,,,,,21.0,,,,,,,,3.0,,,,,,,,0.0,,,,,,,,3.0,,,,,,,,27.0,,,,,,4,3,,,,,,,,,,0.1,,,,,,,,0.1064814815,,,,,,,,0.8041666667,,,,,,,,1.0,,,,CLS
12895,Jackson Chourio,1.92,R,,,528,39,1p70,20,22,0,0,0,0,6,5,-1,-1,-1,-1,26.7,27.0,1,1,2,2,33.7,33.0,0,0,0,0,30.5,48.2,0,2,0,10,0.3,3.6,-2,1,-4,2,0.0,6.0,0,6,-2,2,-6,6,5,5,1,1,1,1,-3,-3,8,8,1,1,1,1,-2,7,5,*4-6/- (18-13),A,16,2,2,4,6,D,C,0,0,0,0,1,-7,21,24,,,,,,300.0,,200.0,lf-3(-1)e0 rf-2e0,,,,,,3.0,,2.0,,,,,,0.0,,0.0,,,,,,0.0,,3.0,,,,,,4.0,,4.0,,,,,,4.0,,7.0,,,,,,28.0,,31.0,,,4,3,,,,,,,,,,,0.3,,0.15,,,,,,0.0,,0.0,,,,,,0.7,,0.85,,,,,,-4.0,,1.0,MKE
12789,Elly De La Cruz,2.17,S,,,618,69,1p70,46,42,-2,-2,-2,-2,10,12,1,1,1,1,16.2,24.1,0,1,0,2,28.2,38.1,0,1,0,5,23.5,48.1,-1,2,-5,10,2.0,3.0,0,1,0,2,1.0,3.0,1,3,-1,0,-3,0,5,5,1,1,1,1,-10,-8,10,13,0,0,0,0,-2,5,3,"*2-6,11,12/- (19-15)",AA,17,3,3,6,9,C,D,0,0,0,0,1,-8,19,23,,,,,230.0,,,,ss-2e30,,,,,2.0,,,,,,,,30.0,,,,,,,,3.0,,,,,,,,-2.0,,,,,,,,1.0,,,,,,,,24.0,,,,,-1.0,4,3,,,,,,,,,,0.1,,,,,,,,0.1527777778,,,,,,,,0.7625,,,,,,,,-1.0,,,,DAL
12521,Alex Bregman,1.88,R,,,581,44,1p65,0,8,3,2,3,2,8,6,0,-1,0,-1,14.0,26.6,-1,1,-2,2,24.0,34.6,-1,1,-5,5,28.3,40.7,0,1,0,5,3.3,2.8,1,0,2,0,5.0,5.0,5,5,3,2,9,6,5,5,1,1,1,1,-5,-11,16,13,-1,0,-2,0,5,7,12,3/- (15-6),D,12,0,0,0,0,D,C,0,0,0,0,1,6,20,23,,,,112.0,,,,,3b-1e12,,,,1.0,,,,,,,,12.0,,,,,,,,4.0,,,,,,,,1.0,,,,,,,,5.0,,,,,,,,28.0,,,,,,-2.0,4,2,,,,,,,,,0.0,,,,,,,,0.1435185185,,,,,,,,0.8564814815,,,,,,,,4.0,,,,,MDW
12711,Corbin Carroll,1.44,L,,,589,73,1p70,24,14,0,1,0,1,9,16,0,2,0,2,13.9,15.6,-1,-1,-2,-2,25.9,34.6,-1,1,-5,5,30.4,32.0,0,0,0,0,3.6,1.8,2,-1,4,-2,8.0,4.0,8,4,3,1,9,3,5,5,1,1,1,1,-5,-5,0,0,3,3,3,3,7,7,14,"*2-5,11,12/- (19-13)",AA,17,3,3,6,9,C,C,0,0,0,0,1,10,11,22,,,,,,,302.0,202.0,cf-3(+2)e2 rf-2e2,,,,,,,3.0,2.0,,,,,,,2.0,2.0,,,,,,,0.0,3.0,,,,,,,4.0,4.0,,,,,,,4.0,7.0,,,,,,,26.0,29.0,,,4,3,,,,,,,,,,,,0.3,0.15,,,,,,,0.02314814815,0.037,,,,,,,0.6837962963,0.81855,,,,,,,-4.0,1.0,NSH
12557,Anthony Santander,1.26,S,,,595,58,1p70,28,13,0,1,0,1,8,9,0,0,0,0,13.7,15.8,-1,-1,-2,-2,23.6,26.8,-1,-1,-5,-5,41.4,39.7,1,1,5,5,8.6,6.7,3,3,6,6,8.0,8.0,8,8,3,3,9,9,5,5,1,1,1,1,-1,-4,9,11,0,0,0,0,6,7,13,2/- (20-6),E,10,0,0,0,0,D,D,0,0,0,0,1,14,15,22,,418.0,,,,,,303.0,rf-3(-1)e3 1b-4e18,,4.0,,,,,,3.0,,18.0,,,,,,3.0,,0.0,,,,,,0.0,,0.0,,,,,,4.0,,0.0,,,,,,4.0,,22.0,,,,,,26.0,,1.0,4,3,,,,,,,0.3,,,,,,0.3,,0.3240740741,,,,,,0.056,,0.4731481481,,,,,,0.6608,,-8.0,,,,,,-5.0,CHC
12884,Ian Happ,1.72,S,,,569,80,1p70,30,32,0,-1,0,-1,7,19,-1,3,-1,3,17.8,16.4,0,-1,0,-2,26.8,37.3,0,1,0,5,30.0,31.8,0,0,0,0,3.8,2.5,2,0,4,0,6.0,5.0,6,5,3,2,9,6,5,5,1,1,1,1,-6,-4,8,5,1,1,1,1,6,6,12,*5/- (19-6),B,14,1,1,2,3,D,C,0,0,0,0,1,14,13,22,,,,,,201.0,,,lf-2(-2)e1,,,,,,2.0,,,,,,,,1.0,,,,,,,,3.0,,,,,,,,4.0,,,,,,,,7.0,,,,,,,,29.0,,,,1.0,4,3,,,,,,,,,,,0.15,,,,,,,,0.019,,,,,,,,0.83385,,,,,,,,0.0,,,CYP
13073,Kerry Carpenter,2.16,L,,,264,22,5p40,42,29,-1,0,-1,0,12,5,1,-1,1,-1,4.2,28.8,-2,2,-4,4,19.1,36.8,-1,1,-5,5,11.4,64.8,-2,3,-10,15,2.4,7.0,0,3,0,6,4.0,8.0,4,8,2,3,6,9,5,5,1,1,1,1,0,-7,13,16,0,-1,0,-2,-2,11,9,3-7/- (3-1),E,12,0,0,0,0,D,D,0,0,0,0,5,-12,37,22,,,,,,404.0,,404.0,rf-4(0)e4 lf-4e4,,,,,,4.0,,4.0,,,,,,4.0,,4.0,,,,,,-1.0,,-1.0,,,,,,2.0,,2.0,,,,,,1.0,,1.0,,,,,,23.0,,23.0,,1.0,-2,-1,,,,,,,,,,,0.55,,0.55,,,,,,0.069,,0.069,,,,,,0.41895,,0.41895,,,,,,-9.0,,-9.0,POR
13183,Max Muncy,2.97,L,,,237,45,5p40,39,32,-1,-1,-1,-1,13,26,2,3,2,3,7.2,15.0,-2,-1,-4,-2,24.1,45.0,-1,2,-5,10,23.4,37.2,-1,1,-5,5,5.0,4.1,3,2,6,4,,,8,7,3,3,9,9,0,0,0,0,0,0,0,0,0,0,3,3,3,3,6,12,18,2/- (20-6),E,12,0,0,0,0,D,D,0,0,0,0,5,5,31,22,,,,414.0,,,,,3b-4e14,,,,4.0,,,,,,,,14.0,,,,,,,,0.0,,,,,,,,1.0,,,,,,,,1.0,,,,,,,,23.0,,,,,,2.0,-2,-1,,,,,,,,,0.3,,,,,,,,0.1666666667,,,,,,,,0.5833333333,,,,,,,,-6.0,,,,,THEMiL
13177,Matt Wallner,2.44,L,,,220,24,1p40,62,46,-3,-2,-3,-2,7,11,-1,1,-1,1,7.8,17.9,-2,0,-4,0,28.9,43.0,0,2,0,10,11.9,41.8,-2,1,-10,5,1.4,4.4,-1,2,-2,4,2.0,7.0,2,7,0,3,0,9,5,5,1,1,1,1,-5,-1,0,1,3,2,3,2,-5,10,5,3/- (20-6),C,13,0,1,0,3,D,D,0,0,0,0,1,-16,30,22,,,,,,404.0,,404.0,rf-4(-2)e4 lf-4e4,,,,,,4.0,,4.0,,,,,,4.0,,4.0,,,,,,-1.0,,-1.0,,,,,,2.0,,2.0,,,,,,1.0,,1.0,,,,,,23.0,,23.0,,1.0,4,-1,,,,,,,,,,,0.55,,0.55,,,,,,0.069,,0.069,,,,,,0.41895,,0.41895,,,,,,-9.0,,-9.0,BSG
12811,Eugenio Suarez,1.4,R,,,571,49,1p70,44,31,-2,-1,-2,-1,16,6,2,-1,2,-1,16.3,19.3,0,0,0,0,35.3,28.3,1,-1,5,-5,31.3,39.7,0,1,0,5,5.0,4.0,3,2,6,4,8.0,8.0,8,8,3,3,9,9,5,5,1,1,1,1,1,2,10,13,0,0,0,0,8,4,12,4/- (13-6),E,11,0,0,0,0,D,D,0,0,0,0,1,21,12,21,,,,211.0,,,,,3b-2e11,,,,2.0,,,,,,,,11.0,,,,,,,,3.0,,,,,,,,1.0,,,,,,,,4.0,,,,,,,,25.0,,,,,,,4,3,,,,,,,,,0.1,,,,,,,,0.1342592593,,,,,,,,0.7791666667,,,,,,,,-1.0,,,,,CHC
12961,JJ Bleday,0.95,L,,,572,67,1p70,29,15,0,1,0,1,5,14,-1,2,-1,2,16.5,21.2,0,0,0,0,22.5,36.2,-1,1,-5,5,43.8,37.3,1,1,5,5,5.4,1.5,3,-1,6,-2,,3.0,8,3,3,0,9,0,0,5,0,1,0,1,0,-7,10,8,0,1,0,1,5,6,11,5/10 (13-4),E,12,0,0,0,0,D,B,0,1,0,2,1,14,13,21,,,,,,,406.0,,cf-4(-2)e6,,,,,,,4.0,,,,,,,,6.0,,,,,,,,-2.0,,,,,,,,3.0,,,,,,,,1.0,,,,,,,,22.0,,,,4,3,,,,,,,,,,,,0.55,,,,,,,,0.06944444444,,,,,,,,0.41875,,,,,,,,-8.0,,WV
13144,Luke Raley,2.04,L,,,404,27,1p65,37,39,-1,-2,-1,-2,7,2,-1,-2,-1,-2,9.6,20.4,-1,0,-2,0,26.6,32.3,-1,0,-5,0,16.5,41.1,-1,1,-5,5,1.3,5.2,-1,3,-2,6,3.0,8.0,3,8,1,3,3,9,5,5,1,1,1,1,0,0,0,0,3,3,3,3,-1,7,6,"*4,5/- (19-12)",B,15,1,2,2,6,B,D,1,0,1,0,1,-9,20,21,,405.0,,,,306.0,406.0,306.0,lf-3(-2)e6 1b-4e5 rf-3e6 cf-4e6,,4.0,,,,3.0,4.0,3.0,,5.0,,,,6.0,6.0,6.0,,0.0,,,,0.0,-2.0,0.0,,2.0,,,,2.0,3.0,2.0,,2.0,,,,2.0,1.0,2.0,,23.0,,,,23.0,22.0,23.0,,1.0,4,2,,,,,,,0.3,,,,0.3,0.55,0.3,,0.08796296296,,,,0.106,0.06944444444,0.106,,0.6384259259,,,,0.6258,0.41875,0.6258,,-6.0,,,,-7.0,-9.0,-7.0,DEN
13383,Spencer Horwitz,0.91,L,,,328,42,1p50,11,17,1,1,1,1,11,14,1,2,1,2,11.8,25.3,-1,1,-2,2,26.8,43.3,0,2,0,10,18.0,40.9,-1,1,-5,5,0.0,3.2,-2,1,-4,2,,7.0,-3,7,-3,3,-9,9,5,5,1,1,1,1,-3,-3,16,16,-1,-1,-2,-2,-5,11,6,-/- (---),E,9,0,-1,0,-3,D,C,0,0,0,0,1,-19,30,21,,405.0,410.0,,,,,,2b-4e10 1b-4e5,,4.0,4.0,,,,,,,5.0,10.0,,,,,,,0.0,-2.0,,,,,,,2.0,3.0,,,,,,,2.0,1.0,,,,,,,23.0,22.0,,,,,,,-2.0,4,0,,,,,,,0.3,0.3,,,,,,,0.08796296296,0.06018518519,,,,,,,0.6384259259,0.6578703704,,,,,,,-6.0,-4.0,,,,,,CHC
13229,Nathan Lukes,3.82,L,,,76,10,1p20,0,0,3,3,3,3,16,16,2,2,2,2,7.5,36.0,-2,3,-4,6,23.5,52.0,-1,3,-5,15,12.5,60.5,-2,3,-10,15,0.0,3.0,-2,1,-4,2,,,-3,-3,-3,-3,-9,-9,0,5,0,1,0,1,0,-1,7,7,1,1,1,1,-4,14,10,2/- (20-6),D,12,0,0,0,0,C,C,0,0,0,0,1,-26,36,21,,,,,,308.0,408.0,308.0,lf-3(0)e8 rf-3e8 cf-4e8,,,,,,3.0,4.0,3.0,,,,,,8.0,8.0,8.0,,,,,,0.0,-2.0,0.0,,,,,,0.0,2.0,0.0,,,,,,0.0,0.0,0.0,,,,,,21.0,21.0,21.0,,,4,-4,,,,,,,,,,,0.3,0.55,0.3,,,,,,0.144,0.09722222222,0.144,,,,,,0.5992,0.40625,0.5992,,,,,,-6.0,-8.0,-6.0,CAN
13252,Nico Hoerner,1.67,R,,,582,44,1p70,0,0,3,3,3,3,2,8,-2,0,-2,0,39.0,24.5,2,1,4,2,45.0,36.4,2,1,10,5,52.3,38.2,2,1,10,5,3.2,2.1,1,0,2,0,,,-3,-3,-3,-3,-9,-9,5,5,1,1,1,1,-7,-7,9,8,0,1,0,1,6,5,11,"*5,6/- (19-13)",A,16,2,2,4,6,D,C,0,0,0,0,1,19,8,20,,,110.0,,220.0,,,,2b-1e10 ss-2e20,,,1.0,,2.0,,,,,,10.0,,20.0,,,,,,4.0,,3.0,,,,,,3.0,,2.0,,,,,,7.0,,5.0,,,,,,27.0,,25.0,,,,,,4,3,,,,,,,,0.0,,0.1,,,,,,0.06018518519,,0.1018518519,,,,,,0.9398148148,,0.8083333333,,,,,,6.0,,1.0,,,,BSG
12517,Alec Burleson,0.58,L,,,547,35,1p70,0,4,3,2,3,2,1,4,-2,-2,-2,-2,12.4,29.2,-1,2,-2,4,15.4,35.2,-2,1,-10,5,15.6,41.2,-1,1,-5,5,1.0,3.0,-2,1,-4,2,2.0,5.0,2,5,0,2,0,6,5,5,1,1,1,1,-2,-2,11,10,0,0,0,0,-4,8,4,"*4,5/- (16-6)",C,11,0,0,0,0,D,B,0,1,0,2,1,-19,23,20,,405.0,,,,403.0,,403.0,rf-4(-1)e3 lf-4e3 1b-4e5,,4.0,,,,4.0,,4.0,,5.0,,,,3.0,,3.0,,0.0,,,,-1.0,,-1.0,,2.0,,,,4.0,,4.0,,2.0,,,,3.0,,3.0,,22.0,,,,23.0,,23.0,,,4,3,,,,,,,0.3,,,,0.55,,0.55,,0.08796296296,,,,0.056,,0.056,,0.6384259259,,,,0.4248,,0.4248,,-6.0,,,,-8.0,,-8.0,GME
13165,Masyn Winn,2.23,R,,,587,41,1p70,20,9,0,2,0,2,8,5,0,-1,0,-1,19.8,29.4,0,2,0,4,27.8,34.3,0,0,0,0,43.5,44.6,1,1,5,5,3.8,3.0,2,1,4,2,7.0,,7,-3,3,-3,9,-9,5,5,1,1,1,1,-4,-10,0,0,3,3,3,3,10,6,16,"*4,6/- (16-11)",C,15,0,2,0,6,B,C,1,0,1,0,1,22,7,20,,,,,120.0,,,,ss-1e20,,,,,1.0,,,,,,,,20.0,,,,,,,,5.0,,,,,,,,2.0,,,,,,,,7.0,,,,,,,,27.0,,,,,,4,3,,,,,,,,,,0.0,,,,,,,,0.1018518519,,,,,,,,0.8981481481,,,,,,,,4.0,,,,CHC
13002,Jordan Westburg,1.56,R,,,416,22,3p50,38,17,-1,1,-1,1,9,1,0,-2,0,-2,14.3,26.4,-1,1,-2,2,26.3,30.4,-1,0,-5,0,32.5,48.8,0,2,0,10,3.6,3.2,2,1,4,2,8.0,6.0,8,6,3,2,9,6,5,5,1,1,1,1,0,0,6,8,1,1,1,1,4,7,11,*4-6/- (15-11),C,14,0,1,0,3,D,C,0,0,0,0,3,7,21,19,,,211.0,205.0,488.0,,,,3b-2e5 2b-2e11 ss-4e88,,,2.0,2.0,4.0,,,,,,11.0,5.0,88.0,,,,,,2.0,3.0,-2.0,,,,,,2.0,2.0,-2.0,,,,,,4.0,5.0,-4.0,,,,,,23.0,24.0,15.0,,,,,,1,0,,,,,,,,0.1,0.1,0.3,,,,,,0.06481481481,0.06018518519,0.4537037037,,,,,,0.8416666667,0.8458333333,0.3824074074,,,,,,1.0,1.0,-8.0,,,,BSG
12802,Eric Haase,1.68,R,,,66,3,2p20,50,66,-2,-3,-2,-3,11,0,1,-2,1,-2,28.5,24.7,1,1,2,2,39.5,24.7,1,-1,5,-5,63.8,43.3,2,1,10,5,11.8,6.2,3,3,6,6,8.0,8.0,8,8,3,3,9,9,5,5,1,1,1,1,-8,-9,0,0,3,3,3,3,13,6,19,-/- (---),E,12,0,0,0,0,D,D,0,0,0,0,2,35,16,19,410.0,,,,,,,,"c-4(+3)e10,T-7(pb-0)",4.0,,,,,,,,10.0,,,,,,,,-2.0,,,,,,,,0.0,,,,,,,,-2.0,,,,,,,,20.0,,,,,,,,3.0,,2,-4,c-4,"+3)e10,T-7",pb-0),,3.0,0.3,,,,,,,,0.121,,,,,,,,0.6153,,,,,,,,-9.0,,,,,,,,FA
13019,Jose Iglesias,3.09,R,,,270,12,1p40,2,6,2,2,2,2,0,0,-3,-2,-3,-2,48.3,36.6,3,3,6,6,54.3,42.6,2,2,10,10,71.0,40.9,3,1,15,5,2.3,0.3,0,-2,0,-4,,0.0,-3,0,-3,-2,-9,-6,5,5,1,1,1,1,2,2,10,10,0,0,0,0,5,3,8,*7/- (17-6),B,13,1,1,2,3,D,C,0,0,0,0,1,22,12,19,,,206.0,211.0,307.0,,,,2b-2e6 3b-2e11 ss-3e7,,,2.0,2.0,3.0,,,,,,6.0,11.0,7.0,,,,,,2.0,3.0,0.0,,,,,,3.0,1.0,3.0,,,,,,5.0,4.0,3.0,,,,,,24.0,23.0,22.0,,,,,-1.0,4,-1,,,,,,,,0.1,0.1,0.2,,,,,,0.03703703704,0.1342592593,0.03703703704,,,,,,0.8666666667,0.7791666667,0.7703703704,,,,,,4.0,-1.0,-1.0,,,,POR
12543,Andrew McCutchen,0.45,R,,,448,58,1p60,39,28,-1,0,-1,0,18,15,3,2,3,2,7.1,17.9,-2,0,-4,0,28.1,35.8,0,1,0,5,18.3,31.1,-1,0,-5,0,3.8,3.0,2,1,4,2,6.0,5.0,6,5,3,2,9,6,5,5,1,1,1,1,-1,-9,11,13,0,0,0,0,5,7,12,6/- (13-6),D,12,0,0,0,0,D,D,0,0,0,0,1,7,16,19,,,,,,,,503.0,rf-5(+2)e3,,,,,,,,5.0,,,,,,,,3.0,,,,,,,,-3.0,,,,,,,,4.0,,,,,,,,1.0,,,,,,,,20.0,,,4,1,,,,,,,,,,,,,0.75,,,,,,,,0.056,,,,,,,,0.236,,,,,,,,-8.0,FA
12629,Bryan Reynolds,1.51,S,,,622,57,1p70,26,24,0,0,0,0,4,9,-2,0,-2,0,23.3,23.6,1,1,2,2,30.3,35.5,0,1,0,5,32.3,37.1,0,0,0,0,2.0,2.7,0,0,0,0,3.0,4.0,3,4,1,1,3,3,5,5,1,1,1,1,3,3,6,6,1,1,1,1,2,5,7,*4/- (19-6),B,14,1,1,2,3,D,C,0,0,0,0,1,5,12,19,,,,,,402.0,,402.0,lf-4(-1)e2 rf-4e2,,,,,,4.0,,4.0,,,,,,2.0,,2.0,,,,,,-1.0,,-1.0,,,,,,4.0,,4.0,,,,,,3.0,,3.0,,,,,,22.0,,22.0,,-1.0,4,3,,,,,,,,,,,0.55,,0.55,,,,,,0.037,,0.037,,,,,,0.43335,,0.43335,,,,,,-7.0,,-7.0,BSGMiL
12888,Ivan Herrera,1.9,R,,,229,25,3p40,25,17,0,1,0,1,12,13,1,1,1,1,21.9,35.3,0,3,0,6,35.9,50.3,1,3,5,15,25.1,46.8,-1,2,-5,10,1.0,0.4,-2,-2,-4,-4,2.0,0.0,2,0,0,-2,0,-6,5,5,1,1,1,1,-7,-7,7,7,1,1,1,1,1,8,9,*3/- (20-6),B,11,1,0,2,0,D,D,0,0,0,0,3,-1,25,19,401.0,,,,,,,,"c-4(+2)e1,T-6(pb-0)",4.0,,,,,,,,1.0,,,,,,,,-2.0,,,,,,,,4.0,,,,,,,,2.0,,,,,,,,23.0,,,,,,,,2.0,,1,-1,c-4,"+2)e1,T-6",pb-0),,2.0,0.3,,,,,,,,0.014,,,,,,,,0.6902,,,,,,,,-6.0,,,,,,,,POR
12685,Christian Walker,1.37,R,,,479,55,3p60,30,27,0,0,0,0,10,13,1,1,1,1,24.3,14.8,1,-1,2,-2,38.3,31.8,1,0,5,0,32.0,39.7,0,1,0,5,1.6,6.2,-1,3,-2,6,2.0,8.0,2,8,0,3,0,9,5,5,1,1,1,1,-5,-1,15,14,-1,0,-2,0,2,8,10,6/12 (13-5),E,10,0,0,0,0,D,C,0,0,0,0,3,5,20,18,,103.0,,,,,,,1b-1e3,,1.0,,,,,,,,3.0,,,,,,,,4.0,,,,,,,,4.0,,,,,,,,8.0,,,,,,,,26.0,,,,,,,,,1,1,,,,,,,0.0,,,,,,,,0.05555555556,,,,,,,,0.9444444444,,,,,,,,6.0,,,,,,,THE
13008,Jorge Soler,0.56,R,,,493,68,1p65,26,29,0,0,0,0,23,16,3,2,3,2,17.8,15.9,0,-1,0,-2,42.8,33.8,1,0,5,0,39.5,30.5,1,0,5,0,3.0,2.8,1,0,2,0,6.0,5.0,6,5,3,2,9,6,5,5,1,1,1,1,0,-5,9,11,0,0,0,0,10,4,14,2/- (20-6),E,10,0,0,0,0,D,D,0,0,0,0,1,25,7,18,,,,,,504.0,,504.0,rf-5(+1)e4 lf-5e4,,,,,,5.0,,5.0,,,,,,4.0,,4.0,,,,,,-3.0,,-3.0,,,,,,2.0,,2.0,,,,,,-1.0,,-1.0,,,,,,17.0,,17.0,,,4,2,,,,,,,,,,,0.75,,0.75,,,,,,0.069,,0.069,,,,,,0.23275,,0.23275,,,,,,-8.0,,-8.0,POR
13390,Steven Kwan,2.15,L,,,480,53,3p60,0,0,3,3,3,3,14,11,2,1,2,1,33.2,27.5,2,2,4,4,49.2,40.5,2,1,10,5,40.0,35.8,1,0,5,0,2.3,1.2,0,-2,0,-4,4.0,1.0,4,1,2,-1,6,-3,5,5,1,1,1,1,-8,-8,4,4,1,1,1,1,14,6,20,"*4,6/- (16-11)",B,14,1,1,2,3,B,C,1,0,1,0,3,32,8,18,,,,,,101.0,,,lf-1(-3)e1,,,,,,1.0,,,,,,,,1.0,,,,,,,,4.0,,,,,,,,4.0,,,,,,,,8.0,,,,,,,,26.0,,,,,1,1,,,,,,,,,,,0.0,,,,,,,,0.019,,,,,,,,0.981,,,,,,,,8.0,,,MYT
13036,Josh Naylor,0.69,L,,,563,58,1p70,16,10,1,2,1,2,10,8,1,0,1,0,15.0,17.8,-1,0,-2,0,28.0,28.8,0,0,0,0,33.2,33.0,0,0,0,0,3.0,4.3,1,2,2,4,4.0,8.0,4,8,2,3,6,9,5,5,1,1,1,1,0,0,20,20,-2,-2,-4,-4,3,6,9,6/- (15-6),C,11,0,0,0,0,D,B,0,1,0,2,1,5,12,18,,311.0,,,,,,,1b-3e11,,3.0,,,,,,,,11.0,,,,,,,,1.0,,,,,,,,1.0,,,,,,,,2.0,,,,,,,,20.0,,,,,,,,1.0,4,3,,,,,,,0.2,,,,,,,,0.1990740741,,,,,,,,0.6407407407,,,,,,,,-6.0,,,,,,,WV
13284,Pete Alonso,1.08,R,,,608,70,0p72,24,29,0,0,0,0,13,13,2,1,2,1,15.0,16.9,-1,-1,-2,-2,32.0,33.8,0,0,0,0,33.3,32.3,0,0,0,0,4.3,3.8,2,2,4,4,6.0,6.0,6,6,3,2,9,6,5,5,1,1,1,1,-3,-6,15,15,-1,-1,-2,-2,6,4,10,2/- (20-6),D,11,0,0,0,0,D,C,0,0,0,0,0,12,8,18,,407.0,,,,,,,1b-4e7,,4.0,,,,,,,,7.0,,,,,,,,0.0,,,,,,,,2.0,,,,,,,,2.0,,,,,,,,20.0,,,,,,,,,5,4,,,,,,,0.3,,,,,,,,0.125,,,,,,,,0.6125,,,,,,,,-6.0,,,,,,,CLS
12606,Brendan Donovan,1.16,L,,,587,47,1p70,0,4,3,2,3,2,6,6,-1,-1,-1,-1,24.4,27.5,1,2,2,4,35.3,38.5,1,1,5,5,37.8,37.0,1,0,5,0,0.0,1.8,-2,-1,-4,-2,,3.0,-3,3,-3,0,-9,0,5,5,1,1,1,1,-3,-3,2,2,2,2,2,2,3,6,9,"5,6/10 (13-6)",D,13,0,1,0,3,C,B,0,1,0,2,1,4,11,18,,,303.0,427.0,,300.0,,,lf-3(+2)e0 2b-3e3 3b-4e27,,,3.0,4.0,,3.0,,,,,3.0,27.0,,0.0,,,,,0.0,0.0,,0.0,,,,,4.0,-2.0,,4.0,,,,,4.0,-2.0,,4.0,,,,,22.0,16.0,,22.0,,,,2.0,4,3,,,,,,,,0.2,0.3,,0.3,,,,,0.01851851852,0.3240740741,,0.0,,,,,0.7851851852,0.4731481481,,0.7,,,,,-1.0,-8.0,,-6.0,,,CLS
13468,Victor Robles,3.05,R,,,254,21,3p40,12,17,1,1,1,1,12,5,1,-1,1,-1,26.7,33.0,1,2,2,4,47.7,47.0,2,2,10,10,35.6,47.0,0,2,0,10,2.0,0.3,0,-2,0,-4,,0.0,-3,0,-3,-2,-9,-6,5,5,1,1,1,1,7,7,2,2,2,2,2,2,5,5,10,"*2-6,11/- (19-15)",AA,16,3,2,6,6,A,C,2,0,2,0,3,8,17,18,,,,,,207.0,207.0,207.0,cf-2(-1)e7 rf-2e7 lf-2e7,,,,,,2.0,2.0,2.0,,,,,,7.0,7.0,7.0,,,,,,3.0,2.0,3.0,,,,,,2.0,3.0,2.0,,,,,,5.0,5.0,5.0,,,,,,23.0,23.0,23.0,,,1,-1,,,,,,,,,,,0.15,0.15,0.15,,,,,,0.125,0.08333333333,0.125,,,,,,0.74375,0.7791666667,0.74375,,,,,,-4.0,-1.0,-4.0,MDW
13172,Matt Olson,1.61,L,,,600,71,0p72,27,30,0,-1,0,-1,5,14,-1,2,-1,2,21.9,15.4,0,-1,0,-2,29.9,32.3,0,0,0,0,48.0,29.3,1,0,5,0,5.6,2.5,3,0,6,0,8.0,5.0,8,5,3,2,9,6,5,5,1,1,1,1,2,2,18,15,-1,-1,-2,-2,6,2,8,-/- (---),E,10,0,0,0,0,D,D,0,0,0,0,0,18,4,17,,106.0,,,,,,,1b-1e6,,1.0,,,,,,,,6.0,,,,,,,,4.0,,,,,,,,2.0,,,,,,,,6.0,,,,,,,,23.0,,,,,,,,-2.0,5,4,,,,,,,0.0,,,,,,,,0.1064814815,,,,,,,,0.8935185185,,,,,,,,4.0,,,,,,,DAL
13296,Ramon Urias,1.45,R,,,272,23,2p50,15,14,1,1,1,1,0,12,-3,1,-3,1,24.1,18.6,1,0,2,0,28.1,34.6,0,1,0,5,41.9,28.2,1,-1,5,-5,4.3,2.3,2,0,4,0,8.0,5.0,8,5,3,2,9,6,5,5,1,1,1,1,-3,-3,0,0,3,3,3,3,9,8,17,6/12 (13-5),E,12,0,0,0,0,D,C,0,0,0,0,2,22,12,17,,418.0,304.0,313.0,,,,,3b-3e13 1b-4e18 2b-3e4,,4.0,3.0,3.0,,,,,,18.0,4.0,13.0,,,,,,0.0,0.0,1.0,,,,,,0.0,4.0,1.0,,,,,,0.0,4.0,2.0,,,,,,17.0,21.0,19.0,,,,,,,2,0,,,,,,,0.3,0.2,0.2,,,,,,0.3240740741,0.02314814815,0.1574074074,,,,,,0.4731481481,0.7814814815,0.6740740741,,,,,,-8.0,-1.0,-4.0,,,,,CAN
13494,Xavier Edwards,1.91,S,,,265,33,5p40,16,12,1,1,1,1,19,11,3,1,3,1,28.4,38.4,1,3,2,6,47.4,49.4,2,2,10,10,37.2,51.5,0,2,0,10,0.0,0.9,-2,-2,-4,-4,,,-3,-3,-3,-3,-9,-9,5,5,1,1,1,1,-2,-2,0,0,3,3,3,3,6,8,14,"*2-5,11,12/- (19-15)",AA,17,3,3,6,9,C,C,0,0,0,0,5,7,19,17,,,411.0,,417.0,,,,ss-4e17 2b-4e11,,,4.0,,4.0,,,,,,11.0,,17.0,,,,,,-2.0,,-2.0,,,,,,2.0,,2.0,,,,,,0.0,,0.0,,,,,,17.0,,17.0,,,,,-3.0,-2,-1,,,,,,,,0.3,,0.3,,,,,,0.06481481481,,0.08796296296,,,,,,0.6546296296,,0.6384259259,,,,,,-4.0,,-6.0,,,,CANIL
12941,Jazz Chisholm,1.26,L,,,562,53,1p65,26,28,0,0,0,0,10,7,1,-1,1,-1,20.4,21.9,0,0,0,0,32.4,30.9,0,0,0,0,28.9,36.3,0,0,0,0,2.0,3.2,0,1,0,2,3.0,5.0,3,5,1,2,3,6,5,5,1,1,1,1,-9,-10,6,6,1,1,1,1,4,4,8,"*2-5,11,12/- (19-15)",AA,16,3,2,6,6,D,D,0,0,0,0,1,6,9,17,,,312.0,425.0,,,304.0,,cf-3(0)e4 3b-4e25 2b-3e12,,,3.0,4.0,,,3.0,,,,12.0,25.0,,,4.0,,,,0.0,0.0,,,0.0,,,,2.0,-2.0,,,3.0,,,,2.0,-2.0,,,3.0,,,,19.0,15.0,,,20.0,,,2.0,4,2,,,,,,,,0.2,0.3,,,0.3,,,,0.06944444444,0.3009259259,,,0.0462962963,,,,0.7444444444,0.4893518519,,,0.6675925926,,,,-4.0,-8.0,,,-6.0,,DAL
13148,Manny Machado,1.4,R,,,593,45,1p70,23,16,0,1,0,1,11,4,1,-2,1,-2,19.5,27.3,0,1,0,2,30.5,31.3,0,0,0,0,33.5,42.4,0,1,0,5,3.5,3.3,1,1,2,2,7.0,6.0,7,6,3,2,9,6,5,5,1,1,1,1,1,1,27,29,-2,-3,-4,-6,4,2,6,*5/- (19-6),B,12,1,0,2,0,D,C,0,0,0,0,1,9,9,17,,,,212.0,,,,,3b-2e12,,,,2.0,,,,,,,,12.0,,,,,,,,3.0,,,,,,,,1.0,,,,,,,,4.0,,,,,,,,21.0,,,,,,,4,3,,,,,,,,,0.1,,,,,,,,0.1435185185,,,,,,,,0.7708333333,,,,,,,,-1.0,,,,,DAL
12645,Cal Raleigh,2.17,S,,,546,70,1p70,29,39,0,-2,0,-2,5,16,-1,2,-1,2,7.8,15.1,-2,-1,-4,-2,14.8,33.2,-2,0,-10,0,28.8,31.4,0,0,0,0,7.0,4.8,3,2,6,4,,8.0,8,8,3,3,9,9,0,5,0,1,0,1,0,-1,9,8,0,1,0,1,1,6,7,4/- (17-6),C,11,0,0,0,0,D,D,0,0,0,0,1,0,13,17,102.0,,,,,,,,"c-1(-2)e2,T-6(pb-2)",1.0,,,,,,,,2.0,,,,,,,,4.0,,,,,,,,4.0,,,,,,,,8.0,,,,,,,,23.0,,,,,,,,-2.0,1.0,4,3,c-1,"-2)e2,T-6",pb-2),,-2.0,0.0,,,,,,,,0.024,,,,,,,,0.976,,,,,,,,10.0,,,,,,,,CLS
12597,Brandon Lowe,1.64,L,,,385,33,3p50,37,32,-1,-1,-1,-1,1,7,-2,-1,-2,-1,19.0,19.3,0,0,0,0,23.0,29.3,-1,0,-5,0,41.8,38.9,1,1,5,5,6.2,4.2,3,2,6,4,8.0,7.0,8,7,3,3,9,9,5,5,1,1,1,1,-1,-1,15,13,-1,0,-2,0,3,5,8,5/- (17-6),C,13,0,1,0,3,D,D,0,0,0,0,3,11,17,17,,417.0,308.0,,,,,,2b-3e8 1b-4e17,,4.0,3.0,,,,,,,17.0,8.0,,,,,,,0.0,0.0,,,,,,,0.0,3.0,,,,,,,0.0,3.0,,,,,,,17.0,20.0,,,,,,,-1.0,1,0,,,,,,,0.3,0.2,,,,,,,0.3055555556,0.0462962963,,,,,,,0.4861111111,0.762962963,,,,,,,-8.0,-1.0,,,,,,THE
12925,James Wood,0.95,L,,,295,39,1p40,28,42,0,-2,0,-2,8,20,0,3,0,3,24.5,19.8,1,0,2,0,34.5,41.8,0,2,0,10,34.8,36.3,0,0,0,0,1.8,2.5,-1,0,-2,0,,4.0,-3,4,-3,1,-9,3,5,5,1,1,1,1,-3,-3,0,0,3,3,3,3,1,8,9,"*2-8,11,12/- (15-13)",B,15,1,2,2,6,D,C,0,0,0,0,1,-5,18,17,,,,,,408.0,,,lf-4(-1)e8,,,,,,4.0,,,,,,,,8.0,,,,,,,,-1.0,,,,,,,,0.0,,,,,,,,-1.0,,,,,,,,16.0,,,,-2.0,4,-1,,,,,,,,,,,0.55,,,,,,,,0.144,,,,,,,,0.3852,,,,,,,,-6.0,,,CHC
12566,Austin Riley,1.79,R,,,425,37,3p50,23,32,0,-1,0,-1,15,7,2,-1,2,-1,14.4,24.0,-1,1,-2,2,31.4,33.0,0,0,0,0,32.4,42.0,0,1,0,5,3.5,3.3,1,1,2,2,6.0,5.0,6,5,3,2,9,6,5,5,1,1,1,1,-2,-11,8,9,1,1,1,1,7,5,12,-/- (---),E,13,0,1,0,3,D,D,0,0,0,0,3,13,15,16,,,,215.0,,,,,3b-2e15,,,,2.0,,,,,,,,15.0,,,,,,,,3.0,,,,,,,,1.0,,,,,,,,4.0,,,,,,,,20.0,,,,,,0.0,1,0,,,,,,,,,0.1,,,,,,,,0.1805555556,,,,,,,,0.7375,,,,,,,,-4.0,,,,,WAI
13214,Mike Trout,2.53,R,,,109,16,5p20,2,24,2,0,2,0,31,16,3,2,3,2,1.7,14.4,-2,-1,-4,-2,34.7,32.4,0,0,0,0,6.5,54.7,-2,2,-10,10,1.6,11.5,-1,3,-2,6,,,3,8,1,3,3,9,0,0,0,0,0,0,0,0,0,0,3,3,3,3,4,12,16,"*2-5,12/- (19-13)",B,15,1,2,2,6,D,D,0,0,0,0,5,-5,28,16,,,,,,,301.0,,cf-3(-1)e1,,,,,,,3.0,,,,,,,,1.0,,,,,,,,0.0,,,,,,,,4.0,,,,,,,,4.0,,,,,,,,20.0,,,-1.0,-2,-4,,,,,,,,,,,,0.3,,,,,,,,0.01388888889,,,,,,,,0.6902777778,,,,,,,,-3.0,,MDW
12908,Jake Burger,0.25,R,,,535,31,1p65,30,32,0,-1,0,-1,1,4,-2,-2,-2,-2,13.4,22.0,-1,0,-2,0,17.5,29.1,-2,0,-10,0,28.5,39.9,0,1,0,5,4.0,4.5,2,2,4,4,8.0,8.0,8,8,3,3,9,9,5,5,1,1,1,1,-1,-1,17,17,-1,-1,-2,-2,0,3,3,3/12 (13-5),E,11,0,0,0,0,D,D,0,0,0,0,1,-2,14,16,,406.0,,432.0,,,,,1b-4e6 3b-4e32,,4.0,,4.0,,,,,,6.0,,32.0,,,,,,0.0,,0.0,,,,,,2.0,,-2.0,,,,,,2.0,,-2.0,,,,,,18.0,,14.0,,,,,,,4,2,,,,,,,0.3,,0.3,,,,,,0.1064814815,,0.3842592593,,,,,,0.625462963,,0.4310185185,,,,,,-6.0,,-8.0,,,,,MKE
13262,Oneil Cruz,1.21,L,,,541,51,1p65,40,42,-1,-2,-1,-2,4,9,-2,0,-2,0,15.3,23.6,-1,1,-2,2,20.3,33.7,-1,0,-5,0,32.8,38.4,0,1,0,5,3.0,2.3,1,0,2,0,6.0,4.0,6,4,3,1,9,3,5,5,1,1,1,1,-3,-6,11,10,0,0,0,0,0,2,2,*7/- (19-12),A,15,2,2,4,6,D,C,0,0,0,0,1,2,9,16,,,,,436.0,,415.0,,ss-4e36 cf-4(-1)e15,,,,,4.0,,4.0,,,,,,36.0,,15.0,,,,,,-2.0,,-2.0,,,,,,-2.0,,0.0,,,,,,-4.0,,-2.0,,,,,,12.0,,14.0,,,1.0,4,2,,,,,,,,,,0.3,,0.55,,,,,,0.1851851852,,0.1805555556,,,,,,0.5703703704,,0.36875,,,,,,-6.0,,-9.0,,FA
13373,Shea Langeliers,1.57,R,,,482,41,1p65,31,35,0,-1,0,-1,9,7,0,-1,0,-1,13.6,16.6,-1,-1,-2,-2,24.6,25.6,-1,-1,-5,-5,36.3,38.8,0,1,0,5,6.5,6.2,3,3,6,6,8.0,8.0,8,8,3,3,9,9,5,5,1,1,1,1,-4,-5,17,17,-1,-1,-2,-2,4,3,7,"4,5/- (13-6)",D,11,0,0,0,0,D,D,0,0,0,0,1,7,10,15,401.0,,,,,,,,"c-4(-2)e1,T-6(pb-1)",4.0,,,,,,,,1.0,,,,,,,,-2.0,,,,,,,,4.0,,,,,,,,2.0,,,,,,,,15.0,,,,,,,,-2.0,1.0,4,2,c-4,"-2)e1,T-6",pb-1),,-2.0,0.3,,,,,,,,0.014,,,,,,,,0.6902,,,,,,,,-2.0,,,,,,,,WAI
12705,Colton Cowser,1.6,L,,,499,52,1p70,48,39,-2,-2,-2,-2,5,12,-1,1,-1,1,16.9,18.1,0,0,0,0,24.8,33.1,-1,0,-5,0,27.9,33.8,0,0,0,0,2.5,3.3,0,1,0,2,4.0,6.0,4,6,2,2,6,6,5,5,1,1,1,1,-9,-7,11,10,0,0,0,0,-1,3,2,"*4,6/- (16-6)",C,14,0,1,0,3,D,D,0,0,0,0,1,-1,8,14,,,,,,201.0,301.0,201.0,lf-2(-2)e1 cf-3e1 rf-2e1,,,,,,2.0,3.0,2.0,,,,,,1.0,1.0,1.0,,,,,,3.0,0.0,3.0,,,,,,4.0,4.0,4.0,,,,,,7.0,4.0,7.0,,,,,,21.0,18.0,21.0,,-1.0,4,3,,,,,,,,,,,0.15,0.3,0.15,,,,,,0.019,0.01388888889,0.019,,,,,,0.83385,0.6902777778,0.83385,,,,,,2.0,-3.0,2.0,BSG
12665,Cedric Mullins,1.51,L,,,444,41,1p65,16,19,1,1,1,1,0,11,-3,1,-3,1,14.0,18.2,-1,0,-2,0,16.0,31.2,-2,0,-10,0,25.5,31.0,-1,0,-5,0,2.2,3.2,0,1,0,2,,5.0,-3,5,-3,2,-9,6,5,5,1,1,1,1,-5,-4,0,0,3,3,3,3,-5,9,4,"*2-5,11,12/- (19-15)",AA,16,3,2,6,6,B,B,1,1,1,2,1,-24,14,14,,,,,,,101.0,,cf-1(0)e1,,,,,,,1.0,,,,,,,,1.0,,,,,,,,4.0,,,,,,,,4.0,,,,,,,,8.0,,,,,,,,22.0,,,,4,2,,,,,,,,,,,,0.0,,,,,,,,0.01388888889,,,,,,,,0.9861111111,,,,,,,,8.0,,WV
13188,Michael Busch,1.43,L,,,496,63,1p70,29,38,0,-1,0,-1,10,15,1,2,1,2,24.1,17.4,1,-1,2,-2,36.1,34.4,1,0,5,0,41.9,32.1,1,0,5,0,2.0,3.3,0,1,0,2,,6.0,-3,6,-3,2,-9,6,5,5,1,1,1,1,-6,-6,12,11,0,0,0,0,2,4,6,4/- (13-6),E,12,0,0,0,0,D,C,0,0,0,0,1,5,8,14,,305.0,406.0,559.0,,,,,1b-3e5 2b-4e6 3b-5e59,,3.0,4.0,5.0,,,,,,5.0,6.0,59.0,,,,,,1.0,-2.0,-2.0,,,,,,2.0,3.0,-2.0,,,,,,3.0,1.0,-4.0,,,,,,17.0,15.0,10.0,,,,,,-3.0,4,3,,,,,,,0.2,0.3,0.4,,,,,,0.08796296296,0.03703703704,0.7083333333,,,,,,0.7296296296,0.6740740741,0.175,,,,,,-4.0,-4.0,-8.0,,,,,BSG
13459,Tyler Stephenson,1.35,R,,,457,48,1p65,11,29,1,0,1,0,10,12,1,1,1,1,15.1,22.1,-1,0,-2,0,29.1,38.1,0,1,0,5,33.5,34.4,0,0,0,0,4.8,1.8,3,-1,6,-2,6.0,2.0,6,2,3,0,9,0,5,5,1,1,1,1,-2,-2,14,14,0,0,0,0,8,2,10,2/- (20-6),E,11,0,0,0,0,D,C,0,0,0,0,1,16,5,14,201.0,,,,,,,,"c-2(-1)e1,T-5(pb-1)",2.0,,,,,,,,1.0,,,,,,,,2.0,,,,,,,,4.0,,,,,,,,6.0,,,,,,,,19.0,,,,,,,,-1.0,,4,2,c-2,"-1)e1,T-5",pb-1),,-1.0,0.1,,,,,,,,0.014,,,,,,,,0.8874,,,,,,,,5.0,,,,,,,,NSH
12958,Jhonkensy Noel,1.46,R,,,179,13,1p30,33,45,-1,-2,-1,-2,5,7,-1,-1,-1,-1,20.6,9.9,0,-2,0,-4,31.6,22.9,0,-1,0,-5,67.6,28.7,3,0,15,0,14.0,5.0,3,3,6,6,,8.0,8,8,3,3,9,9,0,5,0,1,0,1,0,-1,1,1,2,2,2,2,9,3,12,-/- (---),E,10,0,0,0,0,D,D,0,0,0,0,1,30,6,14,,413.0,,,,,,402.0,rf-4(-1)e2 1b-4e13,,4.0,,,,,,4.0,,13.0,,,,,,2.0,,0.0,,,,,,-1.0,,1.0,,,,,,4.0,,1.0,,,,,,3.0,,15.0,,,,,,17.0,,-2.0,4,-2,,,,,,,0.3,,,,,,0.55,,0.2361111111,,,,,,0.037,,0.5347222222,,,,,,0.43335,,-8.0,,,,,,-6.0,THE
13351,Sam Hilliard,0.92,L,,,138,14,1p30,60,52,-2,-2,-2,-2,0,15,-3,2,-3,2,25.3,11.4,1,-2,2,-4,25.3,26.5,-1,-1,-5,-5,59.5,34.5,2,0,10,0,9.5,6.7,3,3,6,6,8.0,8.0,8,8,3,3,9,9,5,5,1,1,1,1,-8,-1,8,11,1,0,1,0,5,4,9,*3-6/- (17-13),B,15,1,2,2,6,B,D,1,0,1,0,1,19,7,14,,,,,,212.0,312.0,312.0,lf-2(-1)e12 cf-3e12 rf-3e12,,,,,,2.0,3.0,3.0,,,,,,12.0,12.0,12.0,,,,,,3.0,0.0,0.0,,,,,,-2.0,0.0,-2.0,,,,,,1.0,0.0,-2.0,,,,,,15.0,14.0,12.0,,-1.0,4,-2,,,,,,,,,,,0.15,0.3,0.3,,,,,,0.218,0.1435185185,0.218,,,,,,0.6647,0.599537037,0.5474,,,,,,-3.0,-5.0,-7.0,CHC
13126,Luis Arraez,0.43,L,,,637,24,1p70,0,0,3,3,3,3,0,0,-3,-2,-3,-2,28.9,40.0,1,3,2,6,31.9,43.0,0,2,0,10,35.5,51.0,0,2,0,10,1.0,1.5,-2,-1,-4,-2,,,-3,-3,-3,-3,-9,-9,5,5,1,1,1,1,4,4,21,21,-2,-2,-4,-4,-5,3,-2,6/- (15-6),C,11,0,0,0,0,B,B,1,1,1,2,1,-14,13,14,,414.0,417.0,,,,,,1b-4e14 2b-4e17,,4.0,4.0,,,,,,,14.0,17.0,,,,,,,0.0,-2.0,,,,,,,1.0,2.0,,,,,,,1.0,0.0,,,,,,,15.0,14.0,,,,,,,,4,3,,,,,,,0.3,0.3,,,,,,,0.25,0.1018518519,,,,,,,0.525,0.6287037037,,,,,,,-8.0,-6.0,,,,,,MYT
12913,Jake Fraley,0.23,L,,,350,26,1p60,1,18,2,1,2,1,0,7,-3,-1,-3,-1,24.4,30.0,1,2,2,4,26.4,39.0,-1,1,-5,5,28.4,46.8,0,2,0,10,1.4,2.7,-1,0,-2,0,0.0,,0,-3,-2,-3,-6,-9,5,5,1,1,1,1,-15,-14,13,12,0,0,0,0,-3,3,0,*4-6/- (19-13),A,14,2,1,4,3,D,B,0,1,0,2,1,-11,11,13,,,,,,304.0,404.0,304.0,rf-3(0)e4 lf-3e4 cf-4e4,,,,,,3.0,4.0,3.0,,,,,,4.0,4.0,4.0,,,,,,0.0,-2.0,0.0,,,,,,2.0,3.0,2.0,,,,,,2.0,1.0,2.0,,,,,,15.0,14.0,15.0,,,4,1,,,,,,,,,,,0.3,0.55,0.3,,,,,,0.069,0.0462962963,0.069,,,,,,0.6517,0.4291666667,0.6517,,,,,,-4.0,-8.0,-4.0,POR
12613,Brenton Doyle,1.92,R,,,542,46,1p70,21,34,0,-1,0,-1,4,10,-2,0,-2,0,21.0,19.5,0,0,0,0,26.0,30.5,-1,0,-5,0,35.6,33.7,0,0,0,0,2.3,3.0,0,1,0,2,2.0,5.0,2,5,0,2,0,6,5,5,1,1,1,1,6,6,19,15,-1,-1,-2,-2,-3,2,-1,*2-5/- (19-13),AA,17,3,3,6,9,C,D,0,0,0,0,1,-8,6,13,,,,,,,105.0,,cf-1(-3)e5,,,,,,,1.0,,,,,,,,5.0,,,,,,,,4.0,,,,,,,,3.0,,,,,,,,7.0,,,,,,,,20.0,,,-1.0,4,3,,,,,,,,,,,,0.0,,,,,,,,0.06018518519,,,,,,,,0.9398148148,,,,,,,,7.0,,MKE
13011,Jose Altuve,1.45,R,,,628,47,1p70,12,13,1,1,1,1,5,7,-1,-1,-1,-1,45.5,25.4,3,1,6,2,52.5,34.3,2,0,10,0,61.1,33.3,2,0,10,0,1.0,2.0,-2,-1,-4,-2,1.0,3.0,1,3,-1,0,-3,0,5,5,1,1,1,1,-3,-3,18,17,-1,-1,-2,-2,4,0,4,*2-5/- (17-12),A,14,2,1,4,3,B,D,1,0,1,0,1,18,-1,13,,,406.0,,,,,,2b-4e6,,,4.0,,,,,,,,6.0,,,,,,,,-2.0,,,,,,,,3.0,,,,,,,,1.0,,,,,,,,14.0,,,,,,,,4,3,,,,,,,,0.3,,,,,,,,0.03703703704,,,,,,,,0.6740740741,,,,,,,,-4.0,,,,,,CYP
13349,Salvador Perez,1.11,R,,,590,44,1p70,16,19,1,1,1,1,0,6,-3,-1,-3,-1,28.0,21.5,1,0,2,0,32.0,31.5,0,0,0,0,45.7,35.1,1,0,5,0,5.8,2.7,3,0,6,0,8.0,5.0,8,5,3,2,9,6,5,5,1,1,1,1,0,0,20,20,-2,-2,-4,-4,5,1,6,-/- (---),E,8,0,-1,0,-3,D,D,0,0,0,0,1,17,3,13,301.0,303.0,,,,,,,"c-3(-2)e1,T-13(pb-0) 1b-3e3",3.0,3.0,,,,,,,1.0,3.0,,,,,,,0.0,1.0,,,,,,,4.0,4.0,,,,,,,4.0,5.0,,,,,,,17.0,18.0,,,,,,,,0.0,4,3,,,,,,0.2,0.2,,,,,,,0.014,0.05555555556,,,,,,,0.7888,0.7555555556,,,,,,,-1.0,-1.0,,,,,,,CYP
13518,Zach Neto,2.46,R,,,542,39,1p70,16,26,1,0,1,0,4,6,-2,-1,-2,-1,37.3,15.6,2,-1,4,-2,47.3,27.6,2,-1,10,-5,56.8,30.7,2,0,10,0,3.2,2.7,1,0,2,0,5.0,4.0,5,4,3,1,9,3,5,5,1,1,1,1,-2,-2,16,18,-1,-1,-2,-2,9,-2,7,*2-6/- (18-14),A,14,2,1,4,3,B,C,1,0,1,0,1,33,-6,13,,,,,219.0,,,,ss-2e19,,,,,2.0,,,,,,,,19.0,,,,,,,,3.0,,,,,,,,2.0,,,,,,,,5.0,,,,,,,,18.0,,,,,-1.0,4,3,,,,,,,,,,0.1,,,,,,,,0.09722222222,,,,,,,,0.8125,,,,,,,,1.0,,,,WAIMiL
13408,Taylor Ward,1.01,R,,,585,63,1p70,19,30,1,-1,1,-1,7,14,-1,2,-1,2,33.8,14.0,2,-1,4,-2,43.8,31.0,2,0,10,0,46.6,25.5,1,-1,5,-5,1.8,2.8,-1,0,-2,0,3.0,5.0,3,5,1,2,3,6,5,5,1,1,1,1,1,1,13,13,0,0,0,0,6,2,8,"4,5/12 (13-6)",C,12,0,0,0,0,D,C,0,0,0,0,1,21,1,13,,,,,,306.0,,,lf-3(+1)e6,,,,,,3.0,,,,,,,,6.0,,,,,,,,0.0,,,,,,,,2.0,,,,,,,,2.0,,,,,,,,15.0,,,,1.0,4,3,,,,,,,,,,,0.3,,,,,,,,0.106,,,,,,,,0.6258,,,,,,,,-7.0,,,MKEMiL
12953,Jesse Winker,1.14,L,,,430,63,1p65,32,18,-1,1,-1,1,16,17,2,2,2,2,17.5,19.0,0,0,0,0,38.5,41.0,1,2,5,10,31.3,29.0,0,0,0,0,2.0,2.0,0,-1,0,-2,,3.0,-3,3,-3,0,-9,0,5,5,1,1,1,1,-2,-2,18,16,-1,-1,-2,-2,-1,4,3,"*4,5/- (18-11)",B,11,1,0,2,0,D,C,0,0,0,0,1,-4,10,13,,,,,,404.0,,404.0,lf-4(0)e4 rf-4e4,,,,,,4.0,,4.0,,,,,,4.0,,4.0,,,,,,-1.0,,-1.0,,,,,,2.0,,2.0,,,,,,1.0,,1.0,,,,,,14.0,,14.0,,,4,2,,,,,,,,,,,0.55,,0.55,,,,,,0.069,,0.069,,,,,,0.41895,,0.41895,,,,,,-8.0,,-8.0,CLS
12972,Joey Bart,2.26,R,,,253,22,4p40,39,26,-1,0,-1,0,6,10,-1,0,-1,0,26.5,21.2,1,0,2,0,37.4,36.2,1,1,5,5,51.8,35.1,2,0,10,0,8.3,3.2,3,1,6,2,8.0,5.0,8,5,3,2,9,6,5,5,1,1,1,1,-12,-11,15,21,-1,-2,-2,-4,8,3,11,-/- (---),E,10,0,0,0,0,D,D,0,0,0,0,4,29,10,13,307.0,,,,,,,,"c-3(+1)e7,T-2(pb-2)",3.0,,,,,,,,7.0,,,,,,,,0.0,,,,,,,,2.0,,,,,,,,2.0,,,,,,,,16.0,,,,,,,,1.0,0.0,-1,-1,c-3,"+1)e7,T-2",pb-2),,1.0,0.2,,,,,,,,0.084,,,,,,,,0.7328,,,,,,,,-5.0,,,,,,,,CHC
12736,Daulton Varsho,2.83,L,,,459,48,2p60,7,40,2,-2,2,-2,12,10,1,0,1,0,29.7,11.7,2,-2,4,-4,43.7,23.7,2,-1,10,-5,46.8,29.5,1,0,5,0,2.5,3.0,0,1,0,2,4.0,,4,5,2,2,6,6,5,0,1,0,1,0,-14,0,0,0,3,3,3,3,14,1,15,*6/- (19-11),B,15,1,2,2,6,C,D,0,0,0,0,2,32,0,13,,,,,,103.0,103.0,203.0,cf-1(-3)e3 lf-1e3 rf-2e3,,,,,,1.0,1.0,2.0,,,,,,3.0,3.0,3.0,,,,,,4.0,4.0,3.0,,,,,,4.0,4.0,4.0,,,,,,8.0,8.0,7.0,,,,,,21.0,21.0,20.0,,-1.0,2,1,,,,,,,,,,,0.0,0.0,0.15,,,,,,0.056,0.03703703704,0.056,,,,,,0.944,0.962962963,0.8024,,,,,,7.0,9.0,2.0,DAL
12916,Jake McCarthy,1.0,L,,,442,31,1p65,15,8,1,2,1,2,4,4,-2,-2,-2,-2,25.8,26.9,1,1,2,2,35.8,36.8,1,1,5,5,36.3,34.8,0,0,0,0,0.0,1.2,-2,-2,-4,-4,,2.0,-3,2,-3,0,-9,0,5,5,1,1,1,1,8,8,4,4,1,1,1,1,-2,2,0,"*2-5,12/- (19-13)",A,17,2,3,4,9,A,C,2,0,2,0,1,-5,5,12,,,,,,203.0,303.0,203.0,cf-3(-1)e3 rf-2e3 lf-2e3,,,,,,2.0,3.0,2.0,,,,,,3.0,3.0,3.0,,,,,,3.0,0.0,3.0,,,,,,4.0,4.0,4.0,,,,,,7.0,4.0,7.0,,,,,,19.0,16.0,19.0,,0.0,4,2,,,,,,,,,,,0.15,0.3,0.15,,,,,,0.056,0.03703703704,0.056,,,,,,0.8024,0.6740740741,0.8024,,,,,,1.0,-4.0,1.0,MYT
12694,Cody Bellinger,1.12,L,,,516,45,1p60,7,10,2,2,2,2,0,10,-3,0,-3,0,33.3,19.6,2,0,4,0,34.3,30.6,0,0,0,0,46.8,32.0,1,0,5,0,1.6,2.5,-1,0,-2,0,2.0,4.0,2,4,0,1,0,3,5,5,1,1,1,1,2,2,17,13,-1,0,-2,0,1,4,5,*5/- (18-6),C,15,0,2,0,6,D,C,0,0,0,0,1,5,6,12,,207.0,,,,,204.0,204.0,cf-2(-2)e4 rf-2e4 1b-2e7,,2.0,,,,,2.0,2.0,,7.0,,,,,4.0,4.0,,3.0,,,,,2.0,3.0,,2.0,,,,,3.0,2.0,,5.0,,,,,5.0,5.0,,17.0,,,,,17.0,17.0,,1.0,4,1,,,,,,,0.1,,,,,0.15,0.15,,0.125,,,,,0.0462962963,0.069,,0.7875,,,,,0.8106481481,0.79135,,-1.0,,,,,0.0,-2.0,WAI
12707,Connor Norby,0.3,R,,,178,15,1p20,57,40,-2,-2,-2,-2,0,17,-3,2,-3,2,18.6,15.3,0,-1,0,-2,18.6,32.3,-1,0,-5,0,38.9,30.4,1,0,5,0,4.0,4.0,2,2,4,4,7.0,7.0,7,7,3,3,9,9,5,5,1,1,1,1,-4,-6,8,6,1,1,1,1,2,6,8,"*2-7,12/9,10 (15-7)",C,12,0,0,0,0,D,D,0,0,0,0,1,10,13,12,,,416.0,437.0,,,,,3b-4e37 2b-4e16,,,4.0,4.0,,,,,,,16.0,37.0,,,,,,,-2.0,0.0,,,,,,,2.0,-2.0,,,,,,,0.0,-2.0,,,,,,,12.0,10.0,,,,,,,4,-4,,,,,,,,0.3,0.3,,,,,,,0.09722222222,0.4444444444,,,,,,,0.6319444444,0.3888888889,,,,,,,-6.0,-8.0,,,,,THE
12833,Garrett Mitchell,2.59,L,,,196,25,5p40,54,42,-2,-2,-2,-2,5,17,-1,2,-1,2,27.4,19.5,1,0,2,0,33.4,37.5,0,1,0,5,31.9,41.5,0,1,0,5,0.0,3.3,-2,1,-4,2,,4.0,-3,4,-3,1,-9,3,5,5,1,1,1,1,-10,-4,0,0,3,3,3,3,-3,8,5,*2-6/- (18-13),A,17,2,3,4,9,B,D,1,0,1,0,5,-10,19,12,,,,,,,302.0,202.0,cf-3(-2)e2 rf-2e2,,,,,,,3.0,2.0,,,,,,,2.0,2.0,,,,,,,0.0,3.0,,,,,,,4.0,4.0,,,,,,,4.0,7.0,,,,,,,16.0,19.0,,-1.0,-2,-1,,,,,,,,,,,,0.3,0.15,,,,,,,0.02314814815,0.037,,,,,,,0.6837962963,0.81855,,,,,,,-3.0,2.0,WAIMiL
12765,Donovan Solano,0.94,R,,,283,22,1p50,13,26,1,0,1,0,13,4,2,-2,2,-2,29.8,29.3,2,2,4,4,44.8,35.3,2,1,10,5,36.5,38.1,0,1,0,5,2.3,0.9,0,-2,0,-4,3.0,1.0,3,1,1,-1,3,-3,5,5,1,1,1,1,-4,-4,13,18,0,-1,0,-2,9,-1,8,5/- (13-6),D,10,0,0,0,0,D,D,0,0,0,0,1,21,4,12,,409.0,408.0,408.0,,,,,3b-4e8 1b-4e9 2b-4e8,,4.0,4.0,4.0,,,,,,9.0,8.0,8.0,,,,,,0.0,-2.0,0.0,,,,,,2.0,3.0,2.0,,,,,,2.0,1.0,2.0,,,,,,14.0,13.0,14.0,,,,,,,4,0,,,,,,,0.3,0.3,0.3,,,,,,0.162037037,0.0462962963,0.09722222222,,,,,,0.5865740741,0.6675925926,0.6319444444,,,,,,-6.0,-4.0,-6.0,,,,,WVIL
13298,Randy Arozarena,0.76,R,,,549,73,1p70,25,33,0,-1,0,-1,22,14,3,2,3,2,12.4,13.1,-1,-1,-2,-2,42.3,35.1,1,1,5,5,27.6,24.2,0,-1,0,-5,2.8,2.0,1,-1,2,-2,4.0,2.0,4,2,2,0,6,0,5,5,1,1,1,1,0,-3,5,6,1,1,1,1,8,1,9,"*2-7,11,12/- (15-13)",A,14,2,1,4,3,D,C,0,0,0,0,1,16,-1,12,,,,,,202.0,402.0,,lf-2(-1)e2 cf-4e2,,,,,,2.0,4.0,,,,,,,2.0,2.0,,,,,,,3.0,-2.0,,,,,,,4.0,4.0,,,,,,,7.0,2.0,,,,,,,19.0,14.0,,,,4,3,,,,,,,,,,,0.15,0.55,,,,,,,0.037,0.02314814815,,,,,,,0.81855,0.4395833333,,,,,,,1.0,-8.0,,CLS
13492,Wyatt Langford,2.03,R,,,499,51,2p60,26,18,0,1,0,1,20,8,3,0,3,0,13.3,23.7,-1,1,-2,2,35.3,33.7,1,0,5,0,41.6,32.6,1,0,5,0,5.8,0.8,3,-2,6,-4,8.0,1.0,8,1,3,-1,9,-3,5,5,1,1,1,1,0,-2,5,7,1,1,1,1,12,1,13,"*4,6/- (19-12)",A,17,2,3,4,9,D,D,0,0,0,0,2,28,-2,12,,,,,,203.0,303.0,,lf-2(-3)e3 cf-3e3,,,,,,2.0,3.0,,,,,,,3.0,3.0,,,,,,,3.0,0.0,,,,,,,4.0,4.0,,,,,,,7.0,4.0,,,,,,,19.0,16.0,,,-1.0,2,1,,,,,,,,,,,0.15,0.3,,,,,,,0.056,0.03703703704,,,,,,,0.8024,0.6740740741,,,,,,,2.0,-3.0,,CLSMiL
13385,Spencer Steer,0.66,R,,,574,72,1p70,18,21,1,0,1,0,19,14,3,2,3,2,11.6,14.1,-1,-1,-2,-2,33.6,31.1,0,0,0,0,22.7,30.2,-1,0,-5,0,0.5,3.0,-2,1,-4,2,0.0,2.0,0,2,-2,0,-6,0,5,5,1,1,1,1,0,10,3,3,2,2,2,2,1,5,6,"*4,5/- (19-13)",A,15,2,2,4,6,D,B,0,1,0,2,1,-10,5,11,,303.0,414.0,,420.0,309.0,,409.0,lf-3(-1)e9 1b-3e3 2b-4e14 rf-4e9 ss-4e20,,3.0,4.0,,4.0,3.0,,4.0,,3.0,14.0,,20.0,9.0,,9.0,,1.0,-2.0,,-2.0,0.0,,-1.0,,4.0,2.0,,2.0,0.0,,0.0,,5.0,0.0,,0.0,0.0,,-1.0,,16.0,11.0,,11.0,11.0,,10.0,,-1.0,4,3,,,,,,,0.2,0.3,,0.3,0.3,,0.55,,0.05555555556,0.08333333333,,0.1018518519,0.162,,0.162,,0.7555555556,0.6416666667,,0.6287037037,0.5866,,0.3771,,-1.0,-6.0,,-6.0,-5.0,,-7.0,MKEMiL
13175,Matt Vierling,1.53,R,,,518,41,1p65,26,20,0,0,0,0,7,7,-1,-1,-1,-1,27.5,22.2,1,0,2,0,35.5,30.2,1,0,5,0,35.1,39.1,0,1,0,5,1.0,2.3,-2,0,-4,0,0.0,3.0,0,3,-2,0,-6,0,5,5,1,1,1,1,-7,-7,12,12,0,0,0,0,-2,1,-1,4/- (17-6),C,15,0,2,0,6,D,C,0,0,0,0,1,-3,5,11,,425.0,,408.0,,304.0,304.0,204.0,cf-3(-1)e4 3b-4e8 rf-2e4 lf-3e4 1b-4e25,,4.0,,4.0,,3.0,3.0,2.0,,25.0,,8.0,,4.0,4.0,4.0,,0.0,,0.0,,0.0,0.0,3.0,,-2.0,,2.0,,2.0,3.0,2.0,,-2.0,,2.0,,2.0,3.0,5.0,,9.0,,13.0,,13.0,14.0,16.0,,-1.0,4,2,,,,,,,0.3,,0.3,,0.3,0.3,0.15,,0.4490740741,,0.09722222222,,0.069,0.0462962963,0.069,,0.3856481481,,0.6319444444,,0.6517,0.6675925926,0.79135,,-8.0,,-6.0,,-3.0,-3.0,0.0,MDWMiL
13208,Miguel Rojas,2.93,R,,,307,23,1p50,0,0,3,3,3,3,6,7,-1,-1,-1,-1,24.3,31.9,1,2,2,4,32.3,40.8,0,2,0,10,31.6,44.2,0,1,0,5,0.4,0.9,-2,-2,-4,-4,0.0,0.0,0,0,-2,-2,-6,-6,5,5,1,1,1,1,1,1,19,19,-1,-1,-2,-2,-1,3,2,*7/- (18-11),B,12,1,0,2,0,C,B,0,1,0,2,1,-7,10,11,,425.0,314.0,323.0,105.0,,,,ss-1e5 2b-3e14 3b-3e23 1b-4e25,,4.0,3.0,3.0,1.0,,,,,25.0,14.0,23.0,5.0,,,,,0.0,0.0,1.0,5.0,,,,,-2.0,2.0,-2.0,3.0,,,,,-2.0,2.0,-1.0,8.0,,,,,9.0,13.0,10.0,19.0,,,,,,4,0,,,,,,,0.3,0.2,0.2,0.0,,,,,0.4490740741,0.08333333333,0.2777777778,0.02314814815,,,,,0.3856481481,0.7333333333,0.5777777778,0.9768518519,,,,,-8.0,-4.0,-6.0,8.0,,,,CYP
12618,Brice Turang,2.2,L,,,559,50,1p70,18,11,1,1,1,1,6,8,-1,0,-1,0,21.4,24.7,0,1,0,2,28.3,33.7,0,0,0,0,27.2,38.8,0,1,0,5,0.0,3.3,-2,1,-4,2,,,-3,-3,-3,-3,-9,-9,5,5,1,1,1,1,-2,-2,9,9,0,1,0,1,-4,3,-1,"*2-5,11,12/- (19-15)",AA,17,3,3,6,9,A,C,2,0,2,0,1,-12,3,11,,,108.0,,,,,,2b-1e8,,,1.0,,,,,,,,8.0,,,,,,,,4.0,,,,,,,,3.0,,,,,,,,7.0,,,,,,,,18.0,,,,,,,1.0,4,3,,,,,,,,0.0,,,,,,,,0.0462962963,,,,,,,,0.9537037037,,,,,,,,8.0,,,,,,MYT
13233,Nicholas Castellanos,0.35,R,,,606,41,0p72,26,19,0,1,0,1,4,5,-2,-1,-2,-1,22.3,21.9,0,0,0,0,29.3,29.9,0,0,0,0,41.0,34.0,1,0,5,0,5.1,1.5,3,-1,6,-2,8.0,2.0,8,2,3,0,9,0,5,5,1,1,1,1,1,1,17,16,-1,-1,-2,-2,5,-1,4,5/- (15-6),D,12,0,0,0,0,D,C,0,0,0,0,0,17,-3,11,,,,,,,,403.0,rf-4(0)e3,,,,,,,,4.0,,,,,,,,3.0,,,,,,,,-1.0,,,,,,,,4.0,,,,,,,,3.0,,,,,,,,14.0,,,5,4,,,,,,,,,,,,,0.55,,,,,,,,0.056,,,,,,,,0.4248,,,,,,,,-8.0,CLS
12598,Brandon Marsh,1.89,L,,,418,50,1p60,51,45,-2,-2,-2,-2,10,14,1,2,1,2,11.7,22.2,-1,0,-2,0,22.7,37.2,-1,1,-5,5,23.7,35.3,-1,0,-5,0,2.5,3.0,0,1,0,2,,3.0,-3,3,-3,0,-9,0,5,5,1,1,1,1,-4,-7,0,0,3,3,3,3,-3,6,3,"*4,6/- (19-13)",A,15,2,2,4,6,D,C,0,0,0,0,1,-18,11,11,,,,,,107.0,307.0,307.0,lf-1(-2)e7 cf-3e7 rf-3e7,,,,,,1.0,3.0,3.0,,,,,,7.0,7.0,7.0,,,,,,4.0,0.0,0.0,,,,,,2.0,3.0,2.0,,,,,,6.0,3.0,2.0,,,,,,17.0,14.0,13.0,,,4,1,,,,,,,,,,,0.0,0.3,0.3,,,,,,0.125,0.08333333333,0.125,,,,,,0.875,0.6416666667,0.6125,,,,,,4.0,-6.0,-6.0,GMEMiL
12817,Fernando Tatis Jr,1.72,R,,,398,32,4p50,32,18,-1,1,-1,1,24,2,3,-2,3,-2,18.5,28.0,0,2,0,4,46.5,34.0,2,0,10,0,21.1,50.6,-1,2,-5,10,0.3,5.4,-2,3,-4,6,0.0,8.0,8,-3,3,-3,9,-9,0,0,0,0,0,0,-8,-10,11,15,0,-1,0,-2,4,2,6,"*4,5/- (18-11)",B,15,1,2,2,6,D,B,0,1,0,2,4,12,8,11,,,,,,,,209.0,rf-2(-3)e9,,,,,,,,2.0,,,,,,,,9.0,,,,,,,,3.0,,,,,,,,0.0,,,,,,,,3.0,,,,,,,,14.0,,,-1,0,,,,,,,,,,,,,0.15,,,,,,,,0.162,,,,,,,,0.7123,,,,,,,,-4.0,CAN
13129,Luis Garcia,0.0,L,,,500,27,2p50,13,10,1,2,1,2,2,1,-2,-2,-2,-2,26.9,29.6,1,2,2,4,28.9,30.6,0,0,0,0,40.0,42.8,1,1,5,5,2.0,2.7,0,0,0,0,,5.0,-3,5,-3,2,-9,6,5,5,1,1,1,1,-8,-8,20,20,-2,-2,-4,-4,-3,4,1,*2-5/- (19-13),A,14,2,1,4,3,D,C,0,0,0,0,1,-6,12,11,,,313.0,,,,,,2b-3e13,,,3.0,,,,,,,,13.0,,,,,,,,0.0,,,,,,,,2.0,,,,,,,,2.0,,,,,,,,13.0,,,,,,,2.2,2,0,,,,,,,,0.2,,,,,,,,0.0787037037,,,,,,,,0.737037037,,,,,,,,-4.0,,,,,,FA
13048,Juan Yepez,0.7,R,,,226,18,1p30,16,10,1,2,1,2,8,7,0,-1,0,-1,34.3,28.3,2,2,4,4,43.3,36.3,2,1,10,5,47.7,39.5,1,1,5,5,1.4,1.4,-1,-1,-2,-2,1.0,2.0,1,2,-1,0,-3,0,5,5,1,1,1,1,-12,-12,24,28,-2,-3,-4,-6,3,2,5,7/- (13-6),D,10,0,0,0,0,D,C,0,0,0,0,1,12,8,11,,407.0,,,,,,,1b-4e7,,4.0,,,,,,,,7.0,,,,,,,,0.0,,,,,,,,2.0,,,,,,,,2.0,,,,,,,,13.0,,,,,,,,3.4,4,-2,,,,,,,0.3,,,,,,,,0.125,,,,,,,,0.6125,,,,,,,,-6.0,,,,,,,GMEMiL
13161,Masataka Yoshida,0.96,L,,,378,27,3p50,0,5,3,2,3,2,10,3,1,-2,1,-2,8.2,30.7,-2,2,-4,4,26.2,41.7,-1,2,-5,10,13.7,41.4,-2,1,-10,5,1.3,1.3,-1,-1,-2,-2,1.0,2.0,1,2,-1,0,-3,0,5,5,1,1,1,1,5,5,9,11,0,0,0,0,-2,5,3,2/- (20-6),E,10,0,0,0,0,D,B,0,1,0,2,3,-19,18,10,,,,,,506.0,,,lf-5(+1)e6,,,,,,5.0,,,,,,,,6.0,,,,,,,,-3.0,,,,,,,,2.0,,,,,,,,-1.0,,,,,,,,9.0,,,,,1,0,,,,,,,,,,,0.75,,,,,,,,0.106,,,,,,,,0.2235,,,,,,,,-8.0,,,FA
13201,Michael Toglia,0.83,S,,,399,54,1p60,37,50,-1,-2,-1,-2,18,14,3,2,3,2,11.3,8.3,-1,-2,-2,-4,29.3,22.3,0,-1,0,-5,31.7,24.5,0,-1,0,-5,5.2,4.4,3,2,6,4,8.0,8.0,8,8,3,3,9,9,5,5,1,1,1,1,0,0,11,12,0,0,0,0,8,2,10,*6/- (19-11),B,13,1,1,2,3,D,D,0,0,0,0,1,16,0,10,,313.0,,,,,,405.0,1b-3e13 rf-4(0)e5,,3.0,,,,,,4.0,,13.0,,,,,,5.0,,1.0,,,,,,-1.0,,1.0,,,,,,2.0,,2.0,,,,,,1.0,,12.0,,,,,,11.0,,0.0,4,1,,,,,,,0.2,,,,,,0.55,,0.2361111111,,,,,,0.088,,0.6111111111,,,,,,0.4104,,-6.0,,,,,,-8.0,FA
12815,Ezequiel Tovar,1.59,R,,,655,23,1p70,42,36,-1,-1,-1,-1,0,0,-3,-2,-3,-2,22.0,25.5,0,1,0,2,23.0,26.5,-1,-1,-5,-5,38.8,44.4,1,1,5,5,2.8,2.5,1,0,2,0,4.0,4.0,4,4,2,1,6,3,5,5,1,1,1,1,-1,-1,19,18,-1,-1,-2,-2,-1,-1,-2,"2-5,10/11 (13-7)",D,14,0,1,0,3,B,B,1,1,1,2,1,3,1,10,,,,,108.0,,,,ss-1e8,,,,,1.0,,,,,,,,8.0,,,,,,,,5.0,,,,,,,,3.0,,,,,,,,8.0,,,,,,,,18.0,,,,,,4,3,,,,,,,,,,0.0,,,,,,,,0.0462962963,,,,,,,,0.9537037037,,,,,,,,8.0,,,,DEN
12599,Brandon Nimmo,0.96,L,,,571,77,1p70,26,26,0,0,0,0,5,19,-1,3,-1,3,21.5,10.3,0,-2,0,-4,30.5,33.3,0,0,0,0,35.8,20.5,0,-1,0,-5,1.9,2.7,-1,0,-2,0,2.0,5.0,2,5,0,2,0,6,5,5,1,1,1,1,6,5,8,5,1,1,1,1,0,4,4,*5/- (20-6),B,15,1,2,2,6,D,C,0,0,0,0,1,-1,2,10,,,,,,202.0,302.0,,lf-2(+1)e2 cf-3e2,,,,,,2.0,3.0,,,,,,,2.0,2.0,,,,,,,3.0,0.0,,,,,,,4.0,4.0,,,,,,,7.0,4.0,,,,,,,17.0,14.0,,,,4,3,,,,,,,,,,,0.15,0.3,,,,,,,0.037,0.02314814815,,,,,,,0.81855,0.6837962963,,,,,,,1.0,-4.0,,DEN
12516,Alec Bohm,1.44,R,,,554,40,1p65,0,11,3,1,3,1,4,6,-2,-1,-2,-1,28.3,27.1,1,1,2,2,34.3,35.2,0,1,0,5,45.1,42.3,1,1,5,5,2.3,1.0,0,-2,0,-4,3.0,1.0,3,1,1,-1,3,-3,5,5,1,1,1,1,5,5,23,22,-2,-2,-4,-4,3,-1,2,6/- (14-6),D,11,0,0,0,0,D,C,0,0,0,0,1,8,2,10,,413.0,,318.0,,,,,3b-3e18 1b-4e13,,4.0,,3.0,,,,,,13.0,,18.0,,,,,,0.0,,1.0,,,,,,1.0,,0.0,,,,,,1.0,,1.0,,,,,,11.0,,11.0,,,,,,,4,2,,,,,,,0.3,,0.2,,,,,,0.2361111111,,0.2175925926,,,,,,0.5347222222,,0.6259259259,,,,,,-8.0,,-6.0,,,,,CAN
13256,Nolan Arenado,1.14,R,,,578,44,1p70,0,9,3,2,3,2,0,9,-3,0,-3,0,19.2,28.5,0,2,0,4,21.2,39.5,-1,1,-5,5,28.9,35.2,0,0,0,0,2.3,1.4,0,-1,0,-2,3.0,1.0,3,1,1,-1,3,-3,5,5,1,1,1,1,-4,-3,21,19,-2,-1,-4,-2,-1,3,2,5/12 (13-5),E,10,0,0,0,0,D,C,0,0,0,0,1,-5,5,10,,,,110.0,,,,,3b-1e10,,,,1.0,,,,,,,,10.0,,,,,,,,4.0,,,,,,,,2.0,,,,,,,,6.0,,,,,,,,16.0,,,,,,,4,3,,,,,,,,,0.0,,,,,,,,0.1203703704,,,,,,,,0.8796296296,,,,,,,,4.0,,,,,DEN
12869,Heliot Ramos,1.29,R,,,475,37,1p60,29,33,0,-1,0,-1,11,6,1,-1,1,-1,40.6,19.0,3,0,6,0,52.6,26.0,2,-1,10,-5,89.6,28.4,4,-1,20,-5,12.0,2.0,3,-1,6,-2,8.0,4.0,8,4,3,1,9,3,5,5,1,1,1,1,1,1,10,18,0,-1,0,-2,17,-4,13,4/- (17-6),C,14,0,1,0,3,D,D,0,0,0,0,1,53,-12,10,,,,,,201.0,401.0,301.0,cf-4(-1)e1 lf-2e1 rf-3e1,,,,,,2.0,4.0,3.0,,,,,,1.0,1.0,1.0,,,,,,3.0,-2.0,0.0,,,,,,4.0,4.0,4.0,,,,,,7.0,2.0,4.0,,,,,,17.0,12.0,14.0,,,4,1,,,,,,,,,,,0.15,0.55,0.3,,,,,,0.019,0.01388888889,0.019,,,,,,0.83385,0.44375,0.6867,,,,,,1.0,-8.0,-4.0,NSH
13039,Josh Smith,1.57,L,,,523,46,1p70,34,16,-1,1,-1,1,3,8,-2,0,-2,0,27.8,20.6,1,0,2,0,37.8,35.6,1,1,5,5,37.9,29.8,1,0,5,0,1.8,1.0,-1,-2,-2,-4,3.0,0.0,3,0,1,-2,3,-6,5,5,1,1,1,1,1,1,6,5,1,1,1,1,2,0,2,*5/- (19-6),B,13,1,1,2,3,B,C,1,0,1,0,1,12,-2,10,,,432.0,208.0,326.0,410.0,,410.0,3b-2e8 ss-3e26 lf-4(+1)e10 rf-4e10 2b-4e32,,,4.0,2.0,3.0,4.0,,4.0,,,32.0,8.0,26.0,10.0,,10.0,,,-2.0,3.0,0.0,-1.0,,-1.0,,,-2.0,2.0,0.0,0.0,,0.0,,,-4.0,5.0,0.0,-1.0,,-1.0,,,6.0,15.0,10.0,9.0,,9.0,,2.0,4,3,,,,,,,,0.3,0.1,0.2,0.55,,0.55,,,0.1898148148,0.09722222222,0.1342592593,0.181,,0.181,,,0.5671296296,0.8125,0.6925925926,0.36855,,0.36855,,,-6.0,1.0,-4.0,-10.0,,-10.0,CYP
13441,Triston Casas,0.72,L,,,212,30,5p30,47,43,-2,-2,-2,-2,10,16,1,2,1,2,15.9,16.0,-1,-1,-2,-2,26.9,33.0,0,0,0,0,34.2,34.9,0,0,0,0,5.2,5.6,3,3,6,6,8.0,8.0,8,8,3,3,9,9,5,5,1,1,1,1,-6,-6,18,14,-1,0,-2,0,4,6,10,"2-5,12/- (3-1)",E,8,0,-1,0,-3,D,D,0,0,0,0,5,11,14,9,,414.0,,,,,,,1b-4e14,,4.0,,,,,,,,14.0,,,,,,,,0.0,,,,,,,,1.0,,,,,,,,1.0,,,,,,,,10.0,,,,,,,,,-2,-2,,,,,,,0.3,,,,,,,,0.25,,,,,,,,0.525,,,,,,,,-8.0,,,,,,,NSHMiL
12732,Dansby Swanson,1.96,R,,,534,54,1p70,20,29,0,0,0,0,11,11,1,1,1,1,33.2,16.2,2,-1,4,-2,45.2,28.2,2,-1,10,-5,47.6,25.7,1,-1,5,-5,2.0,1.5,0,-1,0,-2,4.0,2.0,4,2,2,0,6,0,5,5,1,1,1,1,-3,-3,8,8,1,1,1,1,10,-1,9,"*4,5/- (19-12)",A,15,2,2,4,6,D,B,0,1,0,2,1,28,-11,9,,,,,106.0,,,,ss-1e6,,,,,1.0,,,,,,,,6.0,,,,,,,,5.0,,,,,,,,3.0,,,,,,,,8.0,,,,,,,,17.0,,,,,,4,3,,,,,,,,,,0.0,,,,,,,,0.03240740741,,,,,,,,0.9675925926,,,,,,,,8.0,,,,CAN
12886,Isaac Paredes,1.22,R,,,542,76,1p70,10,11,1,1,1,1,11,19,1,3,1,3,24.1,13.2,1,-1,2,-2,41.0,38.2,1,1,5,5,35.0,21.8,0,-1,0,-5,1.8,1.8,-1,-1,-2,-2,3.0,3.0,3,3,1,0,3,0,5,5,1,1,1,1,2,2,18,17,-1,-1,-2,-2,4,2,6,3/- (13-5),E,11,0,0,0,0,D,B,0,1,0,2,1,9,-1,9,,312.0,,319.0,,,,,3b-3e19 1b-3e12,,3.0,,3.0,,,,,,12.0,,19.0,,,,,,1.0,,1.0,,,,,,1.0,,0.0,,,,,,2.0,,1.0,,,,,,11.0,,10.0,,,,,,,4,3,,,,,,,0.2,,0.2,,,,,,0.2175925926,,0.2268518519,,,,,,0.6259259259,,0.6185185185,,,,,,-6.0,,-6.0,,,,,CLS
13021,Jose Miranda,1.15,R,,,401,18,2p60,16,5,1,2,1,2,0,0,-3,-2,-3,-2,18.3,35.5,0,3,0,6,21.3,38.5,-1,1,-5,5,33.2,54.9,0,2,0,10,3.2,1.2,1,-2,2,-4,,2.0,-3,2,-3,0,-9,0,5,5,1,1,1,1,1,1,24,24,-2,-2,-4,-4,-6,3,-3,7/11 (13-5),E,10,0,0,0,0,D,C,0,0,0,0,2,-17,14,9,,409.0,,414.0,548.0,,,,3b-4e14 1b-4e9 ss-5e48,,4.0,,4.0,5.0,,,,,9.0,,14.0,48.0,,,,,0.0,,0.0,-4.0,,,,,2.0,,1.0,-2.0,,,,,2.0,,1.0,-6.0,,,,,11.0,,10.0,3.0,,,,,,2,1,,,,,,,0.3,,0.3,0.4,,,,,0.162037037,,0.1666666667,0.2453703704,,,,,0.5865740741,,0.5833333333,0.4527777778,,,,,-6.0,,-6.0,-8.0,,,,MDW
12656,Carlos Santana,1.22,S,,,521,65,1p70,12,12,1,1,1,1,8,15,0,2,0,2,26.4,14.6,1,-1,2,-2,36.4,31.6,1,0,5,0,59.0,23.5,2,-1,10,-5,9.5,1.5,3,-1,6,-2,8.0,1.0,8,1,3,-1,9,-3,5,5,1,1,1,1,-10,-7,16,14,-1,0,-2,0,11,0,11,2/- (20-6),D,11,0,0,0,0,D,C,0,0,0,0,1,32,-8,9,,105.0,,,,,,,1b-1e5,,1.0,,,,,,,,5.0,,,,,,,,4.0,,,,,,,,2.0,,,,,,,,6.0,,,,,,,,15.0,,,,,,,,0.0,4,3,,,,,,,0.0,,,,,,,,0.08796296296,,,,,,,,0.912037037,,,,,,,,6.0,,,,,,,FA
12849,Gleyber Torres,0.47,R,,,587,65,1p70,22,19,0,1,0,1,17,12,3,1,3,1,20.8,23.6,0,1,0,2,38.8,36.7,1,1,5,5,33.3,27.8,0,-1,0,-5,3.0,0.3,1,-2,2,-4,5.0,0.0,5,0,3,-2,9,-6,5,5,1,1,1,1,-4,-4,4,4,1,1,1,1,10,1,11,"4,5/12 (13-6)",D,11,0,0,0,0,D,C,0,0,0,0,1,21,-4,9,,,419.0,,,,,,2b-4e19,,,4.0,,,,,,,,19.0,,,,,,,,-2.0,,,,,,,,2.0,,,,,,,,0.0,,,,,,,,9.0,,,,,,,,4,3,,,,,,,,0.3,,,,,,,,0.1111111111,,,,,,,,0.6222222222,,,,,,,,-6.0,,,,,,GME
13215,Mike Yastrzemski,1.28,L,,,428,38,1p65,44,29,-2,0,-2,0,9,7,0,-1,0,-1,18.5,15.6,0,-1,0,-2,30.5,25.6,0,-1,0,-5,33.8,35.4,0,0,0,0,0.0,4.0,-2,2,-4,4,,8.0,-3,8,-3,3,-9,9,5,5,1,1,1,1,-8,-5,6,7,1,1,1,1,-5,4,-1,7/- (13-6),D,14,0,1,0,3,C,D,0,0,0,0,1,-13,7,9,,,,,,,306.0,106.0,rf-1(-1)e6 cf-3e6,,,,,,,3.0,1.0,,,,,,,6.0,6.0,,,,,,,0.0,4.0,,,,,,,3.0,2.0,,,,,,,3.0,6.0,,,,,,,12.0,15.0,,,4,2,,,,,,,,,,,,0.3,0.0,,,,,,,0.06944444444,0.106,,,,,,,0.6513888889,0.894,,,,,,,-4.0,4.0,THE
13230,Nathaniel Lowe,1.39,L,,,486,71,2p65,30,21,0,0,0,0,25,15,3,2,3,2,25.6,19.9,1,0,2,0,52.5,37.0,2,1,10,5,31.0,27.3,0,-1,0,-5,1.4,2.1,-1,0,-2,0,1.0,2.0,1,2,-1,0,-3,0,5,5,1,1,1,1,4,5,14,12,0,0,0,0,5,3,8,2/- (20-6),E,11,0,0,0,0,D,D,0,0,0,0,2,11,3,9,,106.0,,,,,,,1b-1e6,,1.0,,,,,,,,6.0,,,,,,,,4.0,,,,,,,,2.0,,,,,,,,6.0,,,,,,,,15.0,,,,,,,,,2,2,,,,,,,0.0,,,,,,,,0.1064814815,,,,,,,,0.8935185185,,,,,,,,4.0,,,,,,,DENIL
13196,Michael Massey,1.3,L,,,332,15,4p50,34,4,-1,2,-1,2,0,0,-3,-2,-3,-2,25.0,23.3,1,1,2,2,27.0,25.3,0,-1,0,-5,46.8,38.1,1,1,5,5,2.5,3.3,0,1,0,2,5.0,6.0,5,6,3,2,9,6,5,5,1,1,1,1,-3,-3,19,21,-1,-2,-2,-4,1,3,4,2/- (20-6),E,13,0,1,0,3,C,B,0,1,0,2,4,11,7,8,,,306.0,,,,,,2b-3e6,,,3.0,,,,,,,,6.0,,,,,,,,0.0,,,,,,,,3.0,,,,,,,,3.0,,,,,,,,11.0,,,,,,,-1.0,-1,0,,,,,,,,0.2,,,,,,,,0.03703703704,,,,,,,,0.7703703704,,,,,,,,-1.0,,,,,,CANMiL
13472,Vinnie Pasquantino,0.58,L,,,496,40,3p60,15,0,1,3,1,3,0,9,-3,0,-3,0,19.8,21.1,0,0,0,0,21.8,32.2,-1,0,-5,0,36.8,35.3,0,0,0,0,3.0,2.3,1,0,2,0,5.0,5.0,5,5,3,2,9,6,5,5,1,1,1,1,13,12,20,17,-2,-1,-4,-2,0,5,5,2/- (20-6),E,9,0,-1,0,-3,D,B,0,1,0,2,3,1,8,8,,403.0,,,,,,,1b-4e3,,4.0,,,,,,,,3.0,,,,,,,,0.0,,,,,,,,4.0,,,,,,,,4.0,,,,,,,,12.0,,,,,,,,-2.0,1,1,,,,,,,0.3,,,,,,,,0.05555555556,,,,,,,,0.6611111111,,,,,,,,-4.0,,,,,,,NSH
12978,Joey Ortiz,1.53,R,,,440,56,1p65,29,15,0,1,0,1,21,14,3,2,3,2,11.3,20.6,-1,0,-2,0,35.3,37.6,1,1,5,5,28.5,31.2,0,0,0,0,3.0,0.0,1,-3,2,-6,4.0,0.0,4,0,2,-2,6,-6,5,5,1,1,1,1,0,0,14,15,0,-1,0,-2,7,-1,6,"*2-6,12/- (15-12)",B,13,1,1,2,3,D,B,0,1,0,2,1,15,-5,8,,,308.0,113.0,308.0,,,,3b-1e13 2b-3e8 ss-3e8,,,3.0,1.0,3.0,,,,,,8.0,13.0,8.0,,,,,,0.0,4.0,0.0,,,,,,3.0,1.0,3.0,,,,,,3.0,5.0,3.0,,,,,,11.0,13.0,11.0,,,,,2.0,4,2,,,,,,,,0.2,0.0,0.2,,,,,,0.0462962963,0.1574074074,0.0462962963,,,,,,0.762962963,0.8425925926,0.762962963,,,,,,-1.0,1.0,-1.0,,,,MDW
12911,Jake Cronenworth,0.84,L,,,577,61,1p70,13,15,1,1,1,1,10,11,1,1,1,1,13.3,20.2,-1,0,-2,0,27.3,35.2,0,1,0,5,18.9,33.6,-1,0,-5,0,1.3,2.3,-1,0,-2,0,,3.0,-3,3,-3,0,-9,0,5,5,1,1,1,1,2,2,21,19,-2,-1,-4,-2,-5,3,-2,5/- (14-6),D,14,0,1,0,3,C,B,0,1,0,2,1,-19,6,8,,208.0,205.0,,,,,,1b-2e8 2b-2e5,,2.0,2.0,,,,,,,8.0,5.0,,,,,,,3.0,2.0,,,,,,,2.0,3.0,,,,,,,5.0,5.0,,,,,,,13.0,13.0,,,,,,,,4,3,,,,,,,0.1,0.1,,,,,,,0.1435185185,0.03240740741,,,,,,,0.7708333333,0.8708333333,,,,,,,-1.0,4.0,,,,,,NSH
12690,CJ Abrams,1.64,L,,,541,40,1p65,29,18,0,1,0,1,3,5,-2,-1,-2,-1,30.6,14.4,2,-1,4,-2,39.6,25.4,1,-1,5,-5,48.5,28.4,1,-1,5,-5,2.0,2.5,0,0,0,0,2.0,4.0,2,4,0,1,0,3,5,5,1,1,1,1,-8,-5,2,2,2,2,2,2,5,1,6,"*2-6,12/- (17-15)",A,16,2,2,4,6,D,C,0,0,0,0,1,15,-6,8,,,,,321.0,,,,ss-3e21,,,,,3.0,,,,,,,,21.0,,,,,,,,0.0,,,,,,,,0.0,,,,,,,,0.0,,,,,,,,8.0,,,,,2.0,4,2,,,,,,,,,,0.2,,,,,,,,0.1064814815,,,,,,,,0.7148148148,,,,,,,,-4.0,,,,MDWMiL
12708,Connor Wong,0.95,R,,,447,28,2p60,19,29,1,0,1,0,12,0,1,-2,1,-2,29.5,25.7,1,1,2,2,45.5,29.7,2,0,10,0,43.5,34.5,1,0,5,0,2.3,1.2,0,-2,0,-4,3.0,2.0,3,2,1,0,3,0,5,5,1,1,1,1,-2,-2,10,12,0,0,0,0,8,-2,6,*2-7/9 (15-8),C,14,0,1,0,3,C,D,0,0,0,0,2,23,-3,7,403.0,430.0,471.0,,,525.0,,,"c-4(-1)e3,T-4(pb-0) 1b-4e30 2b-4e71 lf-5(0)e25",4.0,4.0,4.0,,,5.0,,,3.0,30.0,71.0,,,25.0,,,-2.0,0.0,-2.0,,,-3.0,,,3.0,-2.0,-2.0,,,-4.0,,,1.0,-2.0,-4.0,,,-7.0,,,7.0,5.0,3.0,,,0.0,,,-1.0,,2,1,c-4,"-1)e3,T-4",pb-0) 1b-4e30 2b-4e71 lf-5,0)e25,-1.0,0.3,0.3,0.3,,,0.75,,,0.038,0.537037037,0.4259259259,,,0.449,,,0.6734,0.3240740741,0.4018518519,,,0.13775,,,-3.0,-8.0,-8.0,,,-8.0,,,BSG
12951,Jeremy Pena,1.83,R,,,602,25,1p70,2,16,2,1,2,1,0,0,-3,-2,-3,-2,33.3,23.7,2,1,4,2,38.3,28.7,1,0,5,0,49.0,30.0,1,0,5,0,1.0,1.3,-2,-1,-4,-2,1.0,1.0,1,1,-1,-1,-3,-3,5,5,1,1,1,1,-3,-3,19,19,-1,-1,-2,-2,0,-2,-2,"*2-5,12/- (17-12)",A,16,2,2,4,6,C,C,0,0,0,0,1,5,-5,7,,,,,220.0,,,,ss-2e20,,,,,2.0,,,,,,,,20.0,,,,,,,,3.0,,,,,,,,2.0,,,,,,,,5.0,,,,,,,,12.0,,,,,-4.0,4,3,,,,,,,,,,0.1,,,,,,,,0.1018518519,,,,,,,,0.8083333333,,,,,,,,1.0,,,,GME
13135,Luis Rengifo,1.81,S,,,283,16,1p40,13,5,1,2,1,2,2,2,-2,-2,-2,-2,43.5,31.3,3,2,6,4,48.5,36.3,2,1,10,5,58.2,36.1,2,0,10,0,0.4,0.9,-2,-2,-4,-4,0.0,0.0,0,0,-2,-2,-6,-6,5,5,1,1,1,1,-1,-1,16,17,-1,-1,-2,-2,2,-1,1,*2-6/- (18-15),A,14,2,1,4,3,D,C,0,0,0,0,1,14,-2,7,,,318.0,312.0,442.0,,,408.0,3b-3e12 2b-3e18 ss-4e42 rf-4(+2)e8,,,3.0,3.0,4.0,,,4.0,,,18.0,12.0,42.0,,,8.0,,,0.0,1.0,-2.0,,,-1.0,,,2.0,1.0,-2.0,,,0.0,,,2.0,2.0,-4.0,,,-1.0,,,9.0,9.0,3.0,,,6.0,,,4,-1,,,,,,,,0.2,0.2,0.3,,,0.55,,,0.1064814815,0.1435185185,0.212962963,,,0.144,,,0.7148148148,0.6851851852,0.5509259259,,,0.3852,,,-4.0,-4.0,-6.0,,,-8.0,MYT
12548,Andy Pages,0.85,R,,,403,29,1p60,25,29,0,0,0,0,5,7,-1,-1,-1,-1,32.0,18.6,2,0,4,0,40.0,28.6,1,0,5,0,45.7,30.9,1,0,5,0,1.8,2.3,-1,0,-2,0,2.0,2.0,2,2,0,0,0,0,5,5,1,1,1,1,-9,-8,15,15,-1,-1,-2,-2,2,-1,1,7/8 (13-3),E,14,0,1,0,3,D,D,0,0,0,0,1,10,-2,7,,,,,,205.0,305.0,205.0,cf-3(-1)e5 rf-2e5 lf-2e5,,,,,,2.0,3.0,2.0,,,,,,5.0,5.0,5.0,,,,,,3.0,0.0,3.0,,,,,,2.0,3.0,2.0,,,,,,5.0,3.0,5.0,,,,,,12.0,10.0,12.0,,-1.0,4,1,,,,,,,,,,,0.15,0.3,0.15,,,,,,0.088,0.06018518519,0.088,,,,,,0.7752,0.6578703704,0.7752,,,,,,0.0,-3.0,0.0,WV
12846,Giancarlo Stanton,0.44,R,,,417,38,3p60,38,44,-1,-2,-1,-2,5,11,-1,1,-1,1,19.2,14.4,0,-1,0,-2,25.2,26.3,-1,-1,-5,-5,30.7,41.3,0,1,0,5,2.5,7.6,0,3,0,6,4.0,8.0,4,8,2,3,6,9,5,5,1,1,1,1,-7,0,30,23,-3,-2,-6,-4,-3,3,0,-/- (---),E,8,0,-1,0,-3,D,D,0,0,0,0,3,-6,9,7,,,,,,,,,,,,,,,,,,,,,,,,,,,,,,,,,,,,,,,,,,,,,,,,,,,,,,,,,,,2.0,1,1,,,,,,,,,,,,,,,,,,,,,,,,,,,,,,,,,,,,,,WAIMiL
13046,JT Realmuto,2.11,R,,,380,27,4p50,27,29,0,0,0,0,7,5,-1,-1,-1,-1,29.1,23.9,1,1,2,2,39.1,31.9,1,0,5,0,39.2,36.2,1,0,5,0,2.3,2.3,0,0,0,0,3.0,4.0,3,4,1,1,3,3,5,5,1,1,1,1,-14,-13,10,13,0,0,0,0,4,2,6,7/11 (13-5),D,13,0,1,0,3,D,D,0,0,0,0,4,15,5,7,201.0,,,,,,,,"c-2(-3)e1,T-7(pb-1)",2.0,,,,,,,,1.0,,,,,,,,2.0,,,,,,,,4.0,,,,,,,,6.0,,,,,,,,10.0,,,,,,,,-3.0,,-1,0,c-2,"-3)e1,T-7",pb-1),,-3.0,0.1,,,,,,,,0.014,,,,,,,,0.8874,,,,,,,,7.0,,,,,,,,WV
13106,LaMonte Wade Jr,1.52,L,,,331,62,3p60,1,28,2,0,2,0,24,21,3,3,3,3,15.1,19.5,-1,0,-2,0,42.2,43.5,1,2,5,10,18.6,25.4,-1,-1,-5,-5,0.0,0.8,-2,-2,-4,-4,,2.0,-3,2,-3,0,-9,0,5,5,1,1,1,1,1,1,0,0,3,3,3,3,3,6,9,4/- (13-6),E,10,0,0,0,0,D,D,0,0,0,0,3,-6,8,7,,302.0,,,,401.0,,401.0,1b-3e2 rf-4(0)e1 lf-4e1,,3.0,,,,4.0,,4.0,,2.0,,,,1.0,,1.0,,1.0,,,,-1.0,,-1.0,,4.0,,,,4.0,,4.0,,5.0,,,,3.0,,3.0,,12.0,,,,10.0,,10.0,,0.0,1,1,,,,,,,0.2,,,,0.55,,0.55,,0.03703703704,,,,0.019,,0.019,,0.7703703704,,,,0.44145,,0.44145,,-1.0,,,,-8.0,,-8.0,CAN
12807,Ernie Clement,1.31,R,,,434,11,1p65,0,0,3,3,3,3,0,0,-3,-2,-3,-2,20.5,29.3,0,2,0,4,22.5,31.3,-1,0,-5,0,33.0,39.5,0,1,0,5,1.0,1.8,-2,-1,-4,-2,0.0,3.0,0,3,-2,0,-6,0,5,5,1,1,1,1,-4,-4,20,20,-2,-2,-4,-4,-6,2,-4,"*4,6/- (18-12)",B,13,1,1,2,3,C,C,0,0,0,0,1,-18,5,7,,,332.0,222.0,314.0,416.0,,,3b-2e22 ss-3e14 2b-3e32 lf-4(+2)e16,,,3.0,2.0,3.0,4.0,,,,,32.0,22.0,14.0,16.0,,,,,0.0,3.0,0.0,-1.0,,,,,-2.0,-2.0,2.0,-2.0,,,,,-2.0,1.0,2.0,-3.0,,,,,5.0,8.0,9.0,4.0,,,,1.0,4,2,,,,,,,,0.2,0.1,0.2,0.55,,,,,0.1898148148,0.2638888889,0.07407407407,0.287,,,,,0.6481481481,0.6625,0.7407407407,0.32085,,,,,-6.0,-4.0,-4.0,-9.0,,,GME
12994,Jonathan India,0.77,R,,,533,80,1p70,20,17,0,1,0,1,24,18,3,3,3,3,21.1,15.9,0,-1,0,-2,51.1,39.9,2,1,10,5,29.9,25.4,0,-1,0,-5,0.5,1.8,-2,-1,-4,-2,0.0,1.0,0,1,-2,-1,-6,-3,5,5,1,1,1,1,0,0,15,18,-1,-1,-2,-2,1,1,2,*5/- (19-6),B,14,1,1,2,3,D,C,0,0,0,0,1,2,-4,6,,,405.0,,,,,,2b-4e5,,,4.0,,,,,,,,5.0,,,,,,,,-2.0,,,,,,,,3.0,,,,,,,,1.0,,,,,,,,7.0,,,,,,,-2.0,4,3,,,,,,,,0.3,,,,,,,,0.03240740741,,,,,,,,0.6773148148,,,,,,,,-4.0,,,,,,FA
12668,Charlie Blackmon,0.35,L,,,449,43,1p60,0,17,3,1,3,1,7,9,-1,0,-1,0,23.1,19.7,1,0,2,0,33.1,31.7,0,0,0,0,42.4,32.5,1,0,5,0,2.0,2.0,0,-1,0,-2,,2.0,-3,2,-3,0,-9,0,5,5,1,1,1,1,3,3,4,4,1,1,1,1,3,2,5,6/- (15-6),C,12,0,0,0,0,D,C,0,0,0,0,1,2,1,6,,,,,,,,403.0,rf-4(0)e3,,,,,,,,4.0,,,,,,,,3.0,,,,,,,,-1.0,,,,,,,,4.0,,,,,,,,3.0,,,,,,,,9.0,,0.0,4,1,,,,,,,,,,,,,0.55,,,,,,,,0.056,,,,,,,,0.4248,,,,,,,,-8.0,FA
13179,Mauricio Dubon,0.75,R,,,402,16,1p65,13,0,1,3,1,3,0,0,-3,-2,-3,-2,22.1,29.4,0,2,0,4,23.1,30.4,-1,0,-5,0,40.0,41.9,1,1,5,5,3.8,1.5,2,-1,4,-2,,,-3,-3,-3,-3,-9,-9,5,5,1,1,1,1,5,5,11,11,0,0,0,0,-2,1,-1,7/- (13-6),D,13,0,1,0,3,C,B,0,1,0,2,1,-6,0,6,,413.0,212.0,319.0,444.0,213.0,213.0,313.0,lf-2(-1)e13 cf-2e13 2b-2e12 1b-4e13 rf-3e13 3b-3e19 ss-4e44,,4.0,2.0,3.0,4.0,2.0,2.0,3.0,,13.0,12.0,19.0,44.0,13.0,13.0,13.0,,0.0,2.0,1.0,-2.0,3.0,2.0,0.0,,1.0,2.0,0.0,-2.0,-2.0,0.0,-2.0,,1.0,4.0,1.0,-4.0,1.0,2.0,-2.0,,7.0,10.0,7.0,2.0,7.0,8.0,4.0,,,4,2,,,,,,,0.3,0.1,0.2,0.3,0.15,0.15,0.3,,0.2361111111,0.06944444444,0.2268518519,0.2268518519,0.236,0.1574074074,0.236,,0.5347222222,0.8375,0.6185185185,0.5412037037,0.6494,0.7162037037,0.5348,,-8.0,1.0,-6.0,-8.0,-6.0,-4.0,-8.0,GME
12987,Jon Singleton,0.21,L,,,355,47,1p60,53,30,-2,-1,-2,-1,7,18,-1,3,-1,3,3.4,21.5,-2,0,-4,0,10.4,39.5,-2,1,-10,5,8.8,31.1,-2,0,-10,0,1.6,2.4,-1,0,-2,0,,3.0,2,3,0,0,0,0,0,5,0,1,0,1,0,-10,1,0,2,3,2,3,-8,7,-1,-/- (---),E,9,0,-1,0,-3,D,D,0,0,0,0,1,-27,11,6,,415.0,,,,,,,1b-4e15,,4.0,,,,,,,,15.0,,,,,,,,0.0,,,,,,,,1.0,,,,,,,,1.0,,,,,,,,7.0,,,,,,,,,4,1,,,,,,,0.3,,,,,,,,0.2685185185,,,,,,,,0.512037037,,,,,,,,-8.0,,,,,,,WAI
13278,Paul Goldschmidt,0.58,R,,,599,47,1p70,13,39,1,-2,1,-2,11,6,1,-1,1,-1,29.6,18.1,1,0,2,0,41.6,25.1,1,-1,5,-5,44.6,31.2,1,0,5,0,2.0,2.8,0,0,0,0,3.0,4.0,3,4,1,1,3,3,5,5,1,1,1,1,-12,-8,22,25,-2,-2,-4,-4,5,-4,1,*4/- (20-6),B,13,1,1,2,3,D,D,0,0,0,0,1,14,-8,6,,205.0,,,,,,,1b-2e5,,2.0,,,,,,,,5.0,,,,,,,,3.0,,,,,,,,2.0,,,,,,,,5.0,,,,,,,,11.0,,,,,,,,,4,3,,,,,,,0.1,,,,,,,,0.08796296296,,,,,,,,0.8208333333,,,,,,,,1.0,,,,,,,MYT
13189,Michael Conforto,0.77,L,,,438,42,2p60,27,28,0,0,0,0,13,8,2,0,2,0,19.4,16.9,0,-1,0,-2,34.4,26.9,0,-1,0,-5,47.2,34.9,1,0,5,0,6.8,3.0,3,1,6,2,8.0,5.0,8,5,3,2,9,6,5,5,1,1,1,1,-4,-4,24,24,-2,-2,-4,-4,8,0,8,7/- (3-1),E,11,0,0,0,0,D,D,0,0,0,0,2,19,-2,6,,,,,,403.0,,,lf-4(-1)e3,,,,,,4.0,,,,,,,,3.0,,,,,,,,-1.0,,,,,,,,4.0,,,,,,,,3.0,,,,,,,,9.0,,,,,2,1,,,,,,,,,,,0.55,,,,,,,,0.056,,,,,,,,0.4248,,,,,,,,-8.0,,,FA
12506,Adley Rutschman,1.55,S,,,571,58,1p70,4,14,2,1,2,1,9,9,0,0,0,0,31.9,14.9,2,-1,4,-2,41.8,25.0,1,-1,5,-5,42.8,21.3,1,-1,5,-5,2.3,1.8,0,-1,0,-2,5.0,2.0,5,2,3,0,9,0,5,5,1,1,1,1,7,7,11,11,0,0,0,0,10,-2,8,2/- (20-6),E,11,0,0,0,0,D,C,0,0,0,0,1,26,-12,5,101.0,,,,,,,,"c-1(0)e1,T-5(pb-1)",1.0,,,,,,,,1.0,,,,,,,,4.0,,,,,,,,4.0,,,,,,,,8.0,,,,,,,,13.0,,,,,,,,0.0,,4,3,c-1,"0)e1,T-5",pb-1),,0.0,0.0,,,,,,,,0.014,,,,,,,,0.986,,,,,,,,8.0,,,,,,,,WVMiL
13491,Wilyer Abreu,2.21,L,,,399,40,2p60,32,37,-1,-1,-1,-1,8,10,0,0,0,0,7.9,21.6,-2,0,-4,0,17.9,33.6,-2,0,-10,0,15.3,42.4,-1,1,-5,5,0.8,2.5,-2,0,-4,0,0.0,5.0,0,5,-2,2,-6,6,5,5,1,1,1,1,2,2,14,12,0,0,0,0,-9,3,-6,"*4,5/- (17-11)",B,13,1,1,2,3,D,D,0,0,0,0,2,-29,11,5,,,,,,211.0,,111.0,rf-1(-4)e11 lf-2e11,,,,,,2.0,,1.0,,,,,,11.0,,11.0,,,,,,3.0,,4.0,,,,,,0.0,,0.0,,,,,,3.0,,4.0,,,,,,8.0,,9.0,,,2,1,,,,,,,,,,,0.15,,0.0,,,,,,0.194,,0.194,,,,,,0.6851,,0.806,,,,,,-4.0,,1.0,CYP
12740,David Fry,1.04,R,,,335,42,2p60,21,23,0,0,0,0,27,4,3,-2,3,-2,20.7,23.0,0,1,0,2,52.7,32.0,2,0,10,0,45.1,31.7,1,0,5,0,5.8,1.3,3,-1,6,-2,8.0,1.0,8,1,3,-1,9,-3,5,5,1,1,1,1,-6,-11,19,27,-1,-2,-2,-4,12,-4,8,4/- (16-6),C,11,0,0,0,0,D,D,0,0,0,0,2,32,-8,5,405.0,420.0,,408.0,,413.0,,413.0,"1b-4e20 c-4(+2)e5,T-1(pb-0) lf-4(0)e13 rf-4e13 3b-4e8",4.0,4.0,,4.0,,4.0,,4.0,5.0,20.0,,8.0,,13.0,,13.0,-2.0,0.0,,0.0,,-1.0,,-1.0,2.0,0.0,,2.0,,-2.0,,-2.0,0.0,0.0,,2.0,,-3.0,,-3.0,5.0,5.0,,7.0,,2.0,,2.0,,0.0,2,1,1b-4e20 c-4,"+2)e5,T-1",pb-0) lf-4,0)e13 rf-4e13 3b-4e8,,0.3,0.3,,0.3,,0.55,,0.55,0.061,0.3611111111,,0.09722222222,,0.236,,0.236,0.6573,0.4472222222,,0.6319444444,,0.3438,,0.3438,-4.0,-8.0,,-6.0,,-8.0,,-8.0,NSH
13277,Paul DeJong,0.54,R,,,445,23,1p65,51,42,-2,-2,-2,-2,7,1,-1,-2,-1,-2,10.0,16.8,-1,-1,-2,-2,20.9,21.8,-1,-2,-5,-10,20.2,35.0,-1,0,-5,0,3.4,5.0,1,3,2,6,5.0,8.0,5,8,3,3,9,9,5,5,1,1,1,1,-5,-7,14,14,0,0,0,0,-1,0,-1,"4,5/11 (13-5)",E,11,0,0,0,0,D,D,0,0,0,0,1,-3,0,5,,,,413.0,323.0,,,,ss-3e23 3b-4e13,,,,4.0,3.0,,,,,,,13.0,23.0,,,,,,,0.0,0.0,,,,,,,1.0,0.0,,,,,,,1.0,0.0,,,,,,,6.0,5.0,,,,,,4,2,,,,,,,,,0.3,0.2,,,,,,,0.1574074074,0.1203703704,,,,,,,0.5898148148,0.7037037037,,,,,,,-6.0,-4.0,,,,FA
13481,Will D Smith,1.87,R,,,476,51,2p60,10,21,1,0,1,0,11,10,1,0,1,0,17.9,18.6,0,0,0,0,32.9,32.6,0,0,0,0,39.7,28.5,1,-1,5,-5,4.3,2.0,2,-1,4,-2,7.0,3.0,7,3,3,0,9,0,5,5,1,1,1,1,1,1,11,8,0,1,0,1,9,0,9,3/12 (13-5),E,12,0,0,0,0,D,C,0,0,0,0,2,21,-5,5,305.0,,,,,,,,"c-3(-3)e5,T-6(pb-0)",3.0,,,,,,,,5.0,,,,,,,,0.0,,,,,,,,2.0,,,,,,,,2.0,,,,,,,,4.0,,,,,,,,-3.0,0.0,2,1,c-3,"-3)e5,T-6",pb-0),,-3.0,0.2,,,,,,,,0.061,,,,,,,,0.7512,,,,,,,,2.0,,,,,,,,DAL
12858,Griffin Conine,1.37,L,,,82,6,1p20,24,48,0,-2,0,-2,2,6,-2,-1,-2,-1,24.1,22.1,1,0,2,0,29.1,31.1,0,0,0,0,35.2,39.9,0,1,0,5,3.7,1.8,2,-1,4,-2,7.0,2.0,7,2,3,0,9,0,5,5,1,1,1,1,4,4,8,8,1,1,1,1,6,-1,5,-/- (---),E,12,0,0,0,0,D,D,0,0,0,0,1,15,2,5,,,,,,308.0,,308.0,rf-3(-2)e8 lf-3e8,,,,,,3.0,,3.0,,,,,,8.0,,8.0,,,,,,0.0,,0.0,,,,,,0.0,,0.0,,,,,,0.0,,0.0,,,,,,5.0,,5.0,,,4,-4,,,,,,,,,,,0.3,,0.3,,,,,,0.144,,0.144,,,,,,0.5992,,0.5992,,,,,,-6.0,,-6.0,FA
12955,Jesus Sanchez,0.38,L,,,489,41,1p70,39,29,-1,0,-1,0,7,6,-1,-1,-1,-1,3.1,25.3,-2,1,-4,2,12.1,33.3,-2,0,-10,0,9.1,39.9,-2,1,-10,5,2.0,2.5,0,0,0,0,2.0,3.0,2,3,0,0,0,0,5,5,1,1,1,1,0,-6,18,17,-1,-1,-2,-2,-8,1,-7,*7/- (19-12),A,12,2,0,4,0,D,D,0,0,0,0,1,-27,5,5,,,,,,406.0,,306.0,rf-3(-2)e6 lf-4e6,,,,,,4.0,,3.0,,,,,,6.0,,6.0,,,,,,-1.0,,0.0,,,,,,2.0,,2.0,,,,,,1.0,,2.0,,,,,,6.0,,7.0,,,4,3,,,,,,,,,,,0.55,,0.3,,,,,,0.106,,0.106,,,,,,0.4023,,0.6258,,,,,,-8.0,,-6.0,WAI
13485,Willi Castro,0.73,S,,,558,51,1p70,29,26,0,0,0,0,3,10,-2,0,-2,0,20.5,21.1,0,0,0,0,31.5,39.1,0,1,0,5,30.7,29.6,0,0,0,0,1.3,0.3,-1,-2,-2,-4,1.0,0.0,1,0,-1,-2,-3,-6,5,5,1,1,1,1,-11,-12,9,7,0,1,0,1,-3,-1,-4,"*2-6,10/12 (15-10)",B,15,1,2,2,6,D,C,0,0,0,0,1,-6,-3,5,,,310.0,310.0,410.0,307.0,407.0,,ss-4e10 2b-3e10 lf-3(-2)e7 cf-4e7 3b-3e10,,,3.0,3.0,4.0,3.0,4.0,,,,10.0,10.0,10.0,7.0,7.0,,,,0.0,1.0,-2.0,0.0,-2.0,,,,3.0,2.0,3.0,2.0,3.0,,,,3.0,3.0,1.0,2.0,1.0,,,,8.0,8.0,6.0,7.0,6.0,,,-1.0,4,3,,,,,,,,0.2,0.2,0.3,0.3,0.55,,,,0.06018518519,0.1203703704,0.05092592593,0.125,0.08333333333,,,,0.7518518519,0.7037037037,0.6643518519,0.6125,0.4125,,,,-1.0,-4.0,-4.0,-5.0,-7.0,,BSGMiL
13052,Junior Caminero,0.69,R,,,165,11,1p20,7,24,2,0,2,0,0,4,-3,-2,-3,-2,41.4,19.5,3,0,6,0,42.4,24.5,1,-1,5,-5,51.7,36.0,2,0,10,0,0.0,3.2,-2,1,-4,2,,5.0,-3,5,-3,2,-9,6,5,5,1,1,1,1,-11,-7,8,7,1,1,1,1,2,2,4,3/- (20-6),D,12,0,0,0,0,D,C,0,0,0,0,1,9,3,5,,525.0,,426.0,,,,,3b-4e26 1b-5e25,,5.0,,4.0,,,,,,25.0,,26.0,,,,,,-2.0,,0.0,,,,,,-2.0,,-2.0,,,,,,-4.0,,-2.0,,,,,,1.0,,3.0,,,,,,,4,-4,,,,,,,0.4,,0.3,,,,,,0.4490740741,,0.3101851852,,,,,,0.3305555556,,0.4828703704,,,,,,-8.0,,-8.0,,,,,BSG
13154,Marcus Semien,1.66,R,,,650,64,1p70,7,6,2,2,2,2,14,9,2,0,2,0,22.0,16.4,0,-1,0,-2,37.0,26.4,1,-1,5,-5,31.9,26.0,0,-1,0,-5,1.8,2.3,-1,0,-2,0,2.0,3.0,2,3,0,0,0,0,5,5,1,1,1,1,6,6,8,9,1,1,1,1,6,1,7,6/- (15-6),C,15,0,2,0,6,D,C,0,0,0,0,1,9,-8,5,,,108.0,,,,,,2b-1e8,,,1.0,,,,,,,,8.0,,,,,,,,4.0,,,,,,,,3.0,,,,,,,,7.0,,,,,,,,12.0,,,,,,,-1.0,4,3,,,,,,,,0.0,,,,,,,,0.0462962963,,,,,,,,0.9537037037,,,,,,,,8.0,,,,,,MKE
13484,Will Wagner,2.36,L,,,82,4,2p20,42,6,-1,2,-1,2,2,0,-2,-2,-2,-2,20.4,40.3,0,3,0,6,22.4,40.3,-1,1,-5,5,30.6,56.4,0,2,0,10,3.4,0.3,1,-2,2,-4,6.0,1.0,6,1,3,-1,9,-3,5,5,1,1,1,1,3,3,24,28,-2,-3,-4,-6,-1,1,0,-/- (---),E,11,0,0,0,0,D,C,0,0,0,0,2,0,9,5,,510.0,408.0,,,,,,2b-4e8 1b-5e10,,5.0,4.0,,,,,,,10.0,8.0,,,,,,,-2.0,-2.0,,,,,,,2.0,3.0,,,,,,,0.0,1.0,,,,,,,5.0,6.0,,,,,,,0.0,2,-4,,,,,,,0.4,0.3,,,,,,,0.1805555556,0.0462962963,,,,,,,0.4916666667,0.6675925926,,,,,,,-8.0,-4.0,,,,,,CHCMiL
13191,Michael Harris,1.97,L,,,440,23,3p50,21,18,0,1,0,1,0,2,-3,-2,-3,-2,28.3,22.9,1,1,2,2,30.3,26.9,0,-1,0,-5,42.5,32.3,1,0,5,0,4.3,1.8,2,-1,4,-2,8.0,2.0,8,2,3,0,9,0,5,5,1,1,1,1,-3,-2,10,10,0,0,0,0,5,-1,4,"*2-6,11,12/- (15-12)",B,15,1,2,2,6,D,C,0,0,0,0,3,18,-5,4,,,,,,,103.0,,cf-1(-3)e3,,,,,,,1.0,,,,,,,,3.0,,,,,,,,4.0,,,,,,,,4.0,,,,,,,,8.0,,,,,,,,12.0,,,,1,0,,,,,,,,,,,,0.0,,,,,,,,0.03703703704,,,,,,,,0.962962963,,,,,,,,8.0,,CANIL
13295,Ramon Laureano,1.22,R,,,286,15,1p50,45,39,-2,-2,-2,-2,6,0,-1,-2,-1,-2,26.9,21.8,1,0,2,0,37.9,26.8,1,-1,5,-5,46.6,33.7,1,0,5,0,4.2,1.8,2,-1,4,-2,7.0,3.0,7,3,3,0,9,0,5,5,1,1,1,1,-9,-10,10,13,0,0,0,0,6,-5,1,*2-5/- (17-12),B,13,1,1,2,3,D,D,0,0,0,0,1,23,-10,4,,,,,,302.0,302.0,302.0,rf-3(-4)e2 lf-3e2 cf-3e2,,,,,,3.0,3.0,3.0,,,,,,2.0,2.0,2.0,,,,,,0.0,0.0,0.0,,,,,,4.0,4.0,4.0,,,,,,4.0,4.0,4.0,,,,,,8.0,8.0,8.0,,,4,0,,,,,,,,,,,0.3,0.3,0.3,,,,,,0.037,0.02314814815,0.037,,,,,,0.6741,0.6837962963,0.6741,,,,,,-4.0,-4.0,-4.0,THE
13314,Rob Refsnyder,0.76,R,,,272,28,3p50,31,29,0,0,0,0,12,8,1,0,1,0,29.3,22.5,1,1,2,2,45.3,34.5,2,0,10,0,52.1,31.5,2,0,10,0,5.0,0.9,3,-2,6,-4,8.0,0.0,8,0,3,-2,9,-6,5,5,1,1,1,1,-8,-8,16,15,-1,-1,-2,-2,12,-3,9,"4,6/11 (13-6)",D,13,0,1,0,3,D,D,0,0,0,0,3,37,-9,4,,,,,,412.0,,412.0,lf-4(0)e12 rf-4e12,,,,,,4.0,,4.0,,,,,,12.0,,12.0,,,,,,-1.0,,-1.0,,,,,,-2.0,,-2.0,,,,,,-3.0,,-3.0,,,,,,1.0,,1.0,,-1.0,1,0,,,,,,,,,,,0.55,,0.55,,,,,,0.218,,0.218,,,,,,0.3519,,0.3519,,,,,,-7.0,,-7.0,PORIL
13335,Ryan McMahon,1.12,L,,,567,69,1p70,38,37,-1,-1,-1,-1,12,13,1,1,1,1,21.7,15.6,0,-1,0,-2,34.7,29.6,0,0,0,0,31.6,27.5,0,-1,0,-5,2.3,2.3,0,0,0,0,4.0,3.0,4,3,2,0,6,0,5,5,1,1,1,1,-5,-5,9,11,0,0,0,0,3,-1,2,"4,6/8 (13-4)",D,12,0,0,0,0,D,C,0,0,0,0,1,7,-6,4,,,,116.0,,,,,3b-1e16,,,,1.0,,,,,,,,16.0,,,,,,,,4.0,,,,,,,,0.0,,,,,,,,4.0,,,,,,,,8.0,,,,,,-1.0,4,3,,,,,,,,,0.0,,,,,,,,0.1898148148,,,,,,,,0.8101851852,,,,,,,,1.0,,,,,FA
13271,Parker Meadows,2.14,L,,,270,25,2p40,45,27,-2,0,-2,0,2,10,-2,0,-2,0,23.5,18.5,1,0,2,0,26.5,29.5,-1,0,-5,0,42.0,35.9,1,0,5,0,1.0,2.5,-2,0,-4,0,0.0,3.0,0,3,-2,0,-6,0,5,5,1,1,1,1,4,3,0,0,3,3,3,3,-3,4,1,*4-6/- (17-13),B,16,1,2,2,6,D,D,0,0,0,0,2,-8,4,4,,,,,,,102.0,,cf-1(0)e2,,,,,,,1.0,,,,,,,,2.0,,,,,,,,4.0,,,,,,,,4.0,,,,,,,,8.0,,,,,,,,12.0,,,,2,-1,,,,,,,,,,,,0.0,,,,,,,,0.02314814815,,,,,,,,0.9768518519,,,,,,,,8.0,,PORMiL
13259,Nolan Schanuel,0.62,L,,,519,68,1p65,17,11,1,1,1,1,18,15,3,2,3,2,18.4,20.8,0,0,0,0,40.3,39.8,1,1,5,5,23.8,24.6,-1,-1,-5,-5,1.2,0.6,-1,-2,-2,-4,2.0,1.0,2,1,0,-1,0,-3,5,5,1,1,1,1,-2,-2,14,16,0,-1,0,-2,4,0,4,*4/- (19-6),B,11,1,0,2,0,C,C,0,0,0,0,1,3,-5,4,,308.0,,,,,,,1b-3e8,,3.0,,,,,,,,8.0,,,,,,,,1.0,,,,,,,,2.0,,,,,,,,3.0,,,,,,,,7.0,,,,,,,,2.0,4,2,,,,,,,0.2,,,,,,,,0.1435185185,,,,,,,,0.6851851852,,,,,,,,-4.0,,,,,,,FA
13326,Royce Lewis,0.62,R,,,292,28,5p40,21,27,0,0,0,0,15,7,2,-1,2,-1,19.9,13.9,0,-1,0,-2,34.9,21.0,1,-2,5,-10,33.5,36.8,0,0,0,0,3.4,5.4,1,3,2,6,5.0,8.0,5,8,3,3,9,9,5,5,1,1,1,1,-8,0,11,12,0,0,0,0,8,3,11,-/- (---),E,12,0,0,0,0,D,D,0,0,0,0,5,19,3,4,,,571.0,321.0,,,,,3b-3e21 2b-5e71,,,5.0,3.0,,,,,,,71.0,21.0,,,,,,,-4.0,1.0,,,,,,,-2.0,-2.0,,,,,,,-6.0,-1.0,,,,,,,-2.0,3.0,,,,,,,-2,-1,,,,,,,,0.4,0.2,,,,,,,0.4259259259,0.25,,,,,,,0.3444444444,0.6,,,,,,,-8.0,-6.0,,,,,WAIMiL
13462,Tyrone Taylor,1.68,R,,,319,19,1p60,22,27,0,0,0,0,7,2,-1,-2,-1,-2,21.8,24.0,0,1,0,2,31.8,29.0,0,0,0,0,34.9,38.7,0,1,0,5,0.8,1.0,-2,-2,-4,-4,0.0,1.0,0,1,-2,-1,-6,-3,5,5,1,1,1,1,-5,-5,8,9,1,1,1,1,-3,-1,-4,"*4,6/- (19-12)",B,14,1,1,2,3,D,D,0,0,0,0,1,-9,0,4,,,,,,206.0,206.0,106.0,rf-1(-1)e6 cf-2e6 lf-2e6,,,,,,2.0,2.0,1.0,,,,,,6.0,6.0,6.0,,,,,,3.0,2.0,4.0,,,,,,2.0,3.0,2.0,,,,,,5.0,5.0,6.0,,,,,,9.0,9.0,10.0,,,4,1,,,,,,,,,,,0.15,0.15,0.0,,,,,,0.106,0.06944444444,0.106,,,,,,0.7599,0.7909722222,0.894,,,,,,-1.0,-1.0,4.0,FA
13238,Nick Gonzales,0.67,R,,,359,18,2p50,27,13,0,1,0,1,0,4,-3,-2,-3,-2,30.9,22.8,2,1,4,2,33.9,29.8,0,0,0,0,47.5,38.5,1,1,5,5,1.8,3.0,-1,1,-2,2,4.0,,4,-3,2,-3,6,-9,5,5,1,1,1,1,11,10,15,16,-1,-1,-2,-2,1,-1,0,"*2-5,12/- (15-11)",C,15,0,2,0,6,D,C,0,0,0,0,2,9,-2,4,,,410.0,434.0,448.0,,,,2b-4e10 ss-4e48 3b-4e34,,,4.0,4.0,4.0,,,,,,10.0,34.0,48.0,,,,,,-2.0,0.0,-2.0,,,,,,3.0,-2.0,-2.0,,,,,,1.0,-2.0,-4.0,,,,,,5.0,2.0,0.0,,,,,,2,0,,,,,,,,0.3,0.3,0.3,,,,,,0.06018518519,0.4074074074,0.2453703704,,,,,,0.6578703704,0.4148148148,0.5282407407,,,,,,-4.0,-8.0,-8.0,,,,POR
13095,Kyle Higashioka,1.54,R,,,246,15,2p40,37,36,-1,-1,-1,-1,1,6,-2,-1,-2,-1,13.4,14.6,-1,-1,-2,-2,14.4,20.5,-2,-2,-10,-10,48.2,34.7,1,0,5,0,10.3,5.2,3,3,6,6,,8.0,8,8,3,3,9,9,0,5,0,1,0,1,0,-2,8,6,1,1,1,1,2,3,5,3/- (20-6),D,9,0,-1,0,-3,D,C,0,0,0,0,2,6,3,4,315.0,,,,,,,,"c-3(-1)e15,T-4(pb-5)",3.0,,,,,,,,15.0,,,,,,,,0.0,,,,,,,,-2.0,,,,,,,,-2.0,,,,,,,,1.0,,,,,,,,-1.0,,2,-1,c-3,"-1)e15,T-4",pb-5),,-1.0,0.2,,,,,,,,0.181,,,,,,,,0.6552,,,,,,,,-3.0,,,,,,,,FA
12742,David Peralta,0.89,L,,,236,22,1p40,55,17,-2,1,-2,1,2,9,-2,0,-2,0,15.6,26.4,-1,1,-2,2,19.6,37.4,-1,1,-5,5,21.0,36.8,-1,0,-5,0,0.0,2.3,-2,0,-4,0,,3.0,-3,3,-3,0,-9,0,5,5,1,1,1,1,-7,-12,9,8,0,1,0,1,-11,5,-6,2/- (20-6),D,11,0,0,0,0,D,C,0,0,0,0,1,-28,10,4,,,,,,403.0,,403.0,rf-4(-1)e3 lf-4e3,,,,,,4.0,,4.0,,,,,,3.0,,3.0,,,,,,-1.0,,-1.0,,,,,,4.0,,4.0,,,,,,3.0,,3.0,,,,,,7.0,,7.0,,1.0,4,-1,,,,,,,,,,,0.55,,0.55,,,,,,0.056,,0.056,,,,,,0.4248,,0.4248,,,,,,-9.0,,-9.0,DALMiL
13123,Lourdes Gurriel Jr,1.05,R,,,513,29,1p60,16,15,1,1,1,1,2,3,-2,-2,-2,-2,35.9,21.6,2,0,4,0,39.9,26.6,1,-1,5,-5,51.4,31.6,2,0,10,0,3.3,2.0,1,-1,2,-2,6.0,3.0,6,3,3,0,9,0,5,5,1,1,1,1,3,3,23,23,-2,-2,-4,-4,7,-4,3,4/- (18-6),C,12,0,0,0,0,D,D,0,0,0,0,1,26,-11,3,,414.0,,,,207.0,,,lf-2(-1)e7 1b-4e14,,4.0,,,,2.0,,,,14.0,,,,7.0,,,,0.0,,,,3.0,,,,1.0,,,,2.0,,,,1.0,,,,5.0,,,,4.0,,,,8.0,,,,,4,1,,,,,,,0.3,,,,0.15,,,,0.25,,,,0.125,,,,0.525,,,,0.74375,,,,-8.0,,,,-4.0,,,FA
12844,Geraldo Perdomo,2.62,S,,,337,36,4p50,2,12,2,1,2,1,8,12,0,1,0,1,33.8,20.4,2,0,4,0,43.8,34.4,2,0,10,0,36.4,37.8,0,1,0,5,0.0,2.5,-2,0,-4,0,,,-3,-3,-3,-3,-9,-9,5,5,1,1,1,1,0,0,10,9,0,1,0,1,2,2,4,*5/- (19-6),B,15,1,2,2,6,A,C,2,0,2,0,4,4,0,3,,,,,208.0,,,,ss-2e8,,,,,2.0,,,,,,,,8.0,,,,,,,,3.0,,,,,,,,3.0,,,,,,,,6.0,,,,,,,,9.0,,,,,,-1,0,,,,,,,,,,0.1,,,,,,,,0.0462962963,,,,,,,,0.8583333333,,,,,,,,4.0,,,,POR
12871,Heston Kjerstad,1.02,L,,,99,10,1p20,23,40,0,-2,0,-2,0,8,-3,0,-3,0,22.4,19.1,0,0,0,0,32.3,37.1,0,1,0,5,30.4,27.4,0,-1,0,-5,0.0,2.8,-2,0,-4,0,,5.0,-3,5,-3,2,-9,6,5,5,1,1,1,1,-10,-9,0,0,3,3,3,3,-4,4,0,2/- (20-6),D,12,0,0,0,0,D,D,0,0,0,0,1,-12,8,3,,,,,,403.0,,403.0,lf-4(+1)e3 rf-4e3,,,,,,4.0,,4.0,,,,,,3.0,,3.0,,,,,,-1.0,,-1.0,,,,,,4.0,,4.0,,,,,,3.0,,3.0,,,,,,6.0,,6.0,,,4,-4,,,,,,,,,,,0.55,,0.55,,,,,,0.056,,0.056,,,,,,0.4248,,0.4248,,,,,,-8.0,,-8.0,FA
12545,Andrew Vaughn,0.09,R,,,570,38,1p70,12,24,1,0,1,0,3,6,-2,-1,-2,-1,27.6,17.9,1,0,2,0,32.6,25.9,0,-1,0,-5,40.0,29.8,1,0,5,0,2.1,2.1,0,0,0,0,3.0,3.0,3,3,1,0,3,0,5,5,1,1,1,1,2,2,16,17,-1,-1,-2,-2,2,-2,0,2/- (20-6),E,9,0,-1,0,-3,D,C,0,0,0,0,1,8,-7,3,,405.0,,,,,,,1b-4e5,,4.0,,,,,,,,5.0,,,,,,,,0.0,,,,,,,,2.0,,,,,,,,2.0,,,,,,,,5.0,,,,,,,,,4,3,,,,,,,0.3,,,,,,,,0.08796296296,,,,,,,,0.6384259259,,,,,,,,-6.0,,,,,,,FA
13213,Mike Tauchman,0.5,L,,,298,47,3p50,17,19,1,1,1,1,11,22,1,3,1,3,24.4,17.2,1,-1,2,-2,38.3,42.2,1,2,5,10,27.5,22.3,0,-1,0,-5,0.5,0.8,-2,-2,-4,-4,0.0,1.0,0,1,-2,-1,-6,-3,5,5,1,1,1,1,-6,-5,16,13,-1,0,-2,0,0,2,2,*6/- (17-6),B,13,1,1,2,3,D,D,0,0,0,0,3,-2,1,3,,,,,,303.0,303.0,303.0,rf-3(+1)e3 lf-3e3 cf-3e3,,,,,,3.0,3.0,3.0,,,,,,3.0,3.0,3.0,,,,,,0.0,0.0,0.0,,,,,,4.0,4.0,4.0,,,,,,4.0,4.0,4.0,,,,,,7.0,7.0,7.0,,0.0,1,0,,,,,,,,,,,0.3,0.3,0.3,,,,,,0.056,0.03703703704,0.056,,,,,,0.6608,0.6740740741,0.6608,,,,,,-4.0,-4.0,-4.0,DALIL
12703,Colt Keith,0.34,L,,,516,36,1p70,32,16,-1,1,-1,1,6,3,-1,-2,-1,-2,27.9,23.6,1,1,2,2,34.9,27.6,1,-1,5,-5,35.3,30.4,0,0,0,0,2.4,1.2,0,-2,0,-4,,2.0,-3,2,-3,0,-9,0,5,5,1,1,1,1,1,1,3,3,2,2,2,2,0,0,0,4/- (18-6),C,12,0,0,0,0,D,C,0,0,0,0,1,-1,-5,3,,,416.0,,,,,,2b-4e16,,,4.0,,,,,,,,16.0,,,,,,,,-2.0,,,,,,,,2.0,,,,,,,,0.0,,,,,,,,3.0,,,,,,,3.0,4,3,,,,,,,,0.3,,,,,,,,0.09722222222,,,,,,,,0.6319444444,,,,,,,,-6.0,,,,,,FA
12574,Ben Gamel,0.59,L,,,81,18,2p20,38,26,-1,0,-1,0,15,31,2,3,2,3,12.8,19.2,-1,0,-2,0,27.8,50.2,0,3,0,15,12.8,31.5,-2,0,-10,0,0.0,2.3,-2,0,-4,0,,,-3,-3,-3,-3,-9,-9,5,5,1,1,1,1,-7,-6,0,0,3,3,3,3,-3,7,4,2/- (20-6),D,12,0,0,0,0,D,D,0,0,0,0,2,-20,13,3,,,,,,308.0,,308.0,rf-3(+1)e8 lf-3e8,,,,,,3.0,,3.0,,,,,,8.0,,8.0,,,,,,0.0,,0.0,,,,,,0.0,,0.0,,,,,,0.0,,0.0,,,,,,3.0,,3.0,,,2,-4,,,,,,,,,,,0.3,,0.3,,,,,,0.144,,0.144,,,,,,0.5992,,0.5992,,,,,,-6.0,,-6.0,CANIL
13333,Ryan Jeffers,1.31,R,,,412,32,2p60,27,16,0,1,0,1,2,9,-2,0,-2,0,18.5,12.3,0,-2,0,-4,27.5,28.3,0,-1,0,-5,44.8,25.1,1,-1,5,-5,7.0,2.6,3,0,6,0,8.0,5.0,8,5,3,2,9,6,5,5,1,1,1,1,-5,-2,16,14,-1,0,-2,0,5,0,5,2/- (20-6),D,11,0,0,0,0,D,C,0,0,0,0,2,17,-6,3,408.0,,,,,,,,"c-4(+1)e8,T-4(pb-0)",4.0,,,,,,,,8.0,,,,,,,,-2.0,,,,,,,,0.0,,,,,,,,-2.0,,,,,,,,2.0,,,,,,,,1.0,,2,1,c-4,"+1)e8,T-4",pb-0),,1.0,0.3,,,,,,,,0.097,,,,,,,,0.6321,,,,,,,,-7.0,,,,,,,,FA
12558,Anthony Volpe,1.43,R,,,637,42,1p70,21,26,0,0,0,0,7,4,-1,-2,-1,-2,22.8,23.5,0,1,0,2,30.8,28.5,0,0,0,0,37.9,32.6,1,0,5,0,3.5,0.5,1,-2,2,-4,,0.0,-3,0,-3,-2,-9,-6,5,5,1,1,1,1,-9,-9,9,10,0,0,0,0,-1,-4,-5,*2-5/- (19-13),A,16,2,2,4,6,D,B,0,1,0,2,1,-2,-9,3,,,,,116.0,,,,ss-1e16,,,,,1.0,,,,,,,,16.0,,,,,,,,5.0,,,,,,,,2.0,,,,,,,,7.0,,,,,,,,10.0,,,,,1.0,4,3,,,,,,,,,,0.0,,,,,,,,0.08333333333,,,,,,,,0.9166666667,,,,,,,,6.0,,,,NSHMiL
12949,Jerar Encarnacion,0.14,R,,,113,5,1p20,41,36,-1,-1,-1,-1,1,1,-2,-2,-2,-2,24.5,19.1,1,0,2,0,25.5,20.1,-1,-2,-5,-10,36.0,36.5,0,0,0,0,0.9,5.6,-2,3,-4,6,2.0,8.0,2,8,0,3,0,9,5,5,1,1,1,1,-1,-1,0,0,3,3,3,3,-1,5,4,2/- (20-6),E,12,0,0,0,0,D,D,0,0,0,0,1,-6,6,3,,530.0,,,,408.0,,408.0,rf-4(-1)e8 lf-4e8 1b-5e30,,5.0,,,,4.0,,4.0,,30.0,,,,8.0,,8.0,,-2.0,,,,-1.0,,-1.0,,-2.0,,,,0.0,,0.0,,-4.0,,,,-1.0,,-1.0,,-1.0,,,,2.0,,2.0,,-3.0,4,-4,,,,,,,0.4,,,,0.55,,0.55,,0.537037037,,,,0.144,,0.144,,0.2777777778,,,,0.3852,,0.3852,,-8.0,,,,-5.0,,-5.0,FA
13059,Justin Turner,0.81,R,,,460,59,1p65,15,13,1,1,1,1,15,15,2,2,2,2,19.5,22.0,0,0,0,0,40.5,43.0,1,2,5,10,30.3,27.5,0,-1,0,-5,0.8,0.8,-2,-2,-4,-4,1.0,1.0,1,1,-1,-1,-3,-3,5,5,1,1,1,1,-2,-2,20,20,-2,-2,-4,-4,0,0,0,"5,6/- (3-1)",E,9,0,-1,0,-3,D,C,0,0,0,0,1,-2,-2,3,,409.0,,565.0,,,,,1b-4e9 3b-5e65,,4.0,,5.0,,,,,,9.0,,65.0,,,,,,0.0,,-2.0,,,,,,2.0,,-2.0,,,,,,2.0,,-4.0,,,,,,5.0,,-1.0,,,,,,,4,2,,,,,,,0.3,,0.4,,,,,,0.162037037,,0.7407407407,,,,,,0.5865740741,,0.1555555556,,,,,,-6.0,,-8.0,,,,,FA
13031,Josh Bell,0.0,S,,,538,51,1p65,12,23,1,0,1,0,10,8,1,0,1,0,17.3,19.3,0,0,0,0,29.3,29.3,0,0,0,0,28.5,29.1,0,0,0,0,2.2,2.2,0,0,0,0,3.0,3.0,3,3,1,0,3,0,5,5,1,1,1,1,4,5,28,28,-3,-3,-6,-6,1,-2,-1,5/- (3-1),E,9,0,-1,0,-3,D,C,0,0,0,0,1,0,-5,2,,512.0,,,,,,,1b-5e12,,5.0,,,,,,,,12.0,,,,,,,,-2.0,,,,,,,,1.0,,,,,,,,-1.0,,,,,,,,1.0,,,,,,,,-4.0,4,2,,,,,,,0.4,,,,,,,,0.2175925926,,,,,,,,0.4694444444,,,,,,,,-8.0,,,,,,,FA
12741,David Hamilton,1.43,L,,,294,22,3p50,51,26,-2,0,-2,0,0,6,-3,-1,-3,-1,15.3,22.9,-1,1,-2,2,16.3,29.9,-2,0,-10,0,18.3,34.8,-1,0,-5,0,1.0,1.3,-2,-1,-4,-2,2.0,2.0,2,2,0,0,0,0,5,5,1,1,1,1,-6,-6,0,0,3,3,3,3,-7,3,-4,"*2-6,11,12/- (19-15)",AA,17,3,3,6,9,D,D,0,0,0,0,3,-22,3,2,,,416.0,,423.0,,,,ss-4e23 2b-4e16,,,4.0,,4.0,,,,,,16.0,,23.0,,,,,,-2.0,,-2.0,,,,,,2.0,,0.0,,,,,,0.0,,-2.0,,,,,,2.0,,0.0,,,,,-2.0,1,0,,,,,,,,0.3,,0.3,,,,,,0.09722222222,,0.1203703704,,,,,,0.6319444444,,0.6157407407,,,,,,-6.0,,-6.0,,,,FA
12538,Andrew Benintendi,0.0,L,,,477,41,1p60,24,12,0,1,0,1,7,8,-1,0,-1,0,13.3,17.3,-1,-1,-2,-2,20.3,25.3,-1,-1,-5,-5,20.8,29.6,-1,0,-5,0,2.3,2.8,0,0,0,0,4.0,5.0,4,5,2,2,6,6,5,5,1,1,1,1,-2,-2,18,18,-1,-1,-2,-2,-2,1,-1,6/- (13-6),D,12,0,0,0,0,D,C,0,0,0,0,1,-8,-1,2,,,,,,304.0,,,lf-3(+1)e4,,,,,,3.0,,,,,,,,4.0,,,,,,,,0.0,,,,,,,,2.0,,,,,,,,2.0,,,,,,,,4.0,,,,0.0,4,1,,,,,,,,,,,0.3,,,,,,,,0.069,,,,,,,,0.6517,,,,,,,,-4.0,,,FA
12532,Amed Rosario,0.0,R,,,332,9,1p50,17,22,1,0,1,0,0,0,-3,-2,-3,-2,34.2,30.9,2,2,4,4,37.2,33.8,1,0,5,0,52.2,43.1,2,1,10,5,1.6,2.0,-1,-1,-2,-2,,,-3,-3,-3,-3,-9,-9,5,5,1,1,1,1,-14,-14,22,22,-2,-2,-4,-4,-2,-4,-6,*3-6/- (17-13),B,15,1,2,2,6,D,C,0,0,0,0,1,3,-7,2,,,308.0,414.0,420.0,,,411.0,2b-3e8 rf-4(0)e11 3b-4e14 ss-4e20,,,3.0,4.0,4.0,,,4.0,,,8.0,14.0,20.0,,,11.0,,,0.0,0.0,-2.0,,,-1.0,,,3.0,1.0,2.0,,,0.0,,,3.0,1.0,0.0,,,-1.0,,,5.0,3.0,2.0,,,1.0,,-1.0,4,0,,,,,,,,0.2,0.3,0.3,,,0.55,,,0.0462962963,0.1666666667,0.1018518519,,,0.194,,,0.762962963,0.5833333333,0.6287037037,,,0.3627,,,-1.0,-6.0,-6.0,,,-7.0,THE
12902,Jacob Stallings,1.12,R,,,243,27,2p40,30,23,0,0,0,0,17,9,3,0,3,0,18.2,20.8,0,0,0,0,42.2,36.8,1,1,5,5,40.5,31.9,1,0,5,0,3.8,1.0,2,-2,4,-4,6.0,1.0,6,1,3,-1,9,-3,5,5,1,1,1,1,-3,-3,22,26,-2,-2,-4,-4,9,-3,6,-/- (---),E,8,0,-1,0,-3,D,D,0,0,0,0,2,23,-5,2,310.0,,,,,,,,"c-3(0)e10,T-5(pb-0)",3.0,,,,,,,,10.0,,,,,,,,0.0,,,,,,,,0.0,,,,,,,,0.0,,,,,,,,2.0,,,,,,,,0.0,-2.0,2,-1,c-3,"0)e10,T-5",pb-0),,0.0,0.2,,,,,,,,0.121,,,,,,,,0.7032,,,,,,,,-4.0,,,,,,,,MKE
13267,Otto Lopez,1.74,R,,,403,25,2p60,19,10,1,2,1,2,0,7,-3,-1,-3,-1,21.3,27.8,0,2,0,4,21.3,34.8,-1,1,-5,5,30.7,37.4,0,1,0,5,1.8,0.4,-1,-2,-2,-4,,0.0,-3,0,-3,-2,-9,-6,5,5,1,1,1,1,9,9,24,22,-2,-2,-4,-4,-8,0,-8,"*5,6/- (19-13)",A,15,2,2,4,6,D,C,0,0,0,0,2,-21,2,2,,,208.0,339.0,356.0,422.0,522.0,,2b-2e8 ss-3e56 3b-3e39 lf-4(+2)e22 cf-5e22,,,2.0,3.0,3.0,4.0,5.0,,,,8.0,39.0,56.0,22.0,22.0,,,,2.0,1.0,0.0,-1.0,-4.0,,,,3.0,-2.0,-2.0,-4.0,-2.0,,,,5.0,-1.0,-2.0,-5.0,-6.0,,,,7.0,1.0,0.0,-3.0,-4.0,,,,2,1,,,,,,,,0.1,0.2,0.2,0.55,0.75,,,,0.0462962963,0.4675925926,0.287037037,0.398,0.2638888889,,,,0.8583333333,0.4259259259,0.5703703704,0.2709,0.1840277778,,,,4.0,-8.0,-6.0,-8.0,-8.0,,MYT
13308,Rhys Hoskins,0.0,R,,,449,53,2p60,34,39,-1,-2,-1,-2,18,13,3,1,3,1,9.5,11.7,-1,-2,-2,-4,30.5,27.7,0,-1,0,-5,26.3,24.8,0,-1,0,-5,5.6,3.8,3,2,6,4,8.0,6.0,8,6,3,2,9,6,5,5,1,1,1,1,-1,-3,13,15,0,-1,0,-2,8,-1,7,2/- (20-6),D,9,0,-1,0,-3,D,D,0,0,0,0,2,16,-6,2,,406.0,,,,,,,1b-4e6,,4.0,,,,,,,,6.0,,,,,,,,0.0,,,,,,,,2.0,,,,,,,,2.0,,,,,,,,4.0,,,,,,,,,2,1,,,,,,,0.3,,,,,,,,0.1064814815,,,,,,,,0.625462963,,,,,,,,-6.0,,,,,,,MKE
12565,Austin Martin,0.0,R,,,233,20,1p50,16,14,1,1,1,1,13,7,2,-1,2,-1,19.9,24.9,0,1,0,2,34.9,33.9,1,0,5,0,30.9,39.8,0,1,0,5,0.0,1.3,-2,-1,-4,-2,,,-3,-3,-3,-3,-9,-9,5,5,1,1,1,1,-7,-11,11,11,0,0,0,0,0,-1,-1,*4-6/- (16-12),B,14,1,1,2,3,C,C,0,0,0,0,1,-4,-3,2,,,415.0,,,303.0,403.0,,cf-4(+1)e3 lf-3e3 2b-4e15,,,4.0,,,3.0,4.0,,,,15.0,,,3.0,3.0,,,,-2.0,,,0.0,-2.0,,,,2.0,,,4.0,4.0,,,,0.0,,,4.0,2.0,,,,2.0,,,6.0,4.0,,,,4,0,,,,,,,,0.3,,,0.3,0.55,,,,0.09259259259,,,0.056,0.03703703704,,,,0.6351851852,,,0.6608,0.4333333333,,,,-6.0,,,-4.0,-8.0,,CAN
12569,Austin Wells,1.05,L,,,354,47,2p60,34,19,-1,1,-1,1,15,16,2,2,2,2,10.9,15.9,-1,-1,-2,-2,29.0,34.8,0,1,0,5,12.2,30.1,-2,0,-10,0,0.0,3.0,-2,1,-4,2,,3.0,-3,3,-3,0,-9,0,5,5,1,1,1,1,3,3,17,15,-1,-1,-2,-2,-7,4,-3,7/8 (13-3),E,11,0,0,0,0,B,C,1,0,1,0,2,-25,7,2,308.0,,,,,,,,"c-3(-1)e8,T-10(pb-2)",3.0,,,,,,,,8.0,,,,,,,,0.0,,,,,,,,0.0,,,,,,,,0.0,,,,,,,,1.0,,,,,,,,-1.0,,2,1,c-3,"-1)e8,T-10",pb-2),,-1.0,0.2,,,,,,,,0.097,,,,,,,,0.7224,,,,,,,,-3.0,,,,,,,,BSGMiL
12865,Harrison Bader,0.6,R,,,402,21,1p65,16,26,1,0,1,0,4,1,-2,-2,-2,-2,12.1,24.3,-1,1,-2,2,20.2,29.3,-1,0,-5,0,20.6,34.1,-1,0,-5,0,2.2,1.4,0,-1,0,-2,3.0,1.0,3,1,1,-1,3,-3,5,5,1,1,1,1,-1,-1,10,11,0,0,0,0,-2,-2,-4,"*2-6,11,12/- (17-13)",B,14,1,1,2,3,D,D,0,0,0,0,1,-9,-4,2,,,,,,,106.0,,cf-1(-1)e6,,,,,,,1.0,,,,,,,,6.0,,,,,,,,4.0,,,,,,,,3.0,,,,,,,,7.0,,,,,,,,9.0,,,2.0,4,2,,,,,,,,,,,,0.0,,,,,,,,0.06944444444,,,,,,,,0.9305555556,,,,,,,,4.0,,GME
12843,George Springer,0.31,R,,,545,60,1p65,23,13,0,1,0,1,21,11,3,1,3,1,8.1,17.3,-2,-1,-4,-2,31.1,30.3,0,0,0,0,10.4,29.4,-2,0,-10,0,0.8,2.5,-2,0,-4,0,0.0,4.0,0,4,-2,1,-6,3,5,5,1,1,1,1,-5,-8,17,21,-1,-2,-2,-4,-5,1,-4,*5/- (19-11),A,14,2,1,4,3,D,C,0,0,0,0,1,-22,0,2,,,,,,,403.0,303.0,rf-3(-1)e3 cf-4e3,,,,,,,4.0,3.0,,,,,,,3.0,3.0,,,,,,,-2.0,0.0,,,,,,,4.0,4.0,,,,,,,2.0,4.0,,,,,,,4.0,6.0,,-2.0,4,2,,,,,,,,,,,,0.55,0.3,,,,,,,0.03703703704,0.056,,,,,,,0.4333333333,0.6608,,,,,,,-6.0,-2.0,DAL
13110,Lane Thomas,0.16,R,,,472,44,3p60,18,36,1,-1,1,-1,12,9,1,0,1,0,30.1,14.0,2,-1,4,-2,45.1,26.1,2,-1,10,-5,46.4,25.6,1,-1,5,-5,2.0,1.8,0,-1,0,-2,2.0,3.0,2,3,0,0,0,0,5,5,1,1,1,1,-1,-1,5,6,1,1,1,1,9,-3,6,"*2-6,11,12/- (17-15)",A,16,2,2,4,6,D,C,0,0,0,0,3,23,-13,1,,,,,,,309.0,309.0,rf-3(-2)e9 cf-3e9,,,,,,,3.0,3.0,,,,,,,9.0,9.0,,,,,,,0.0,0.0,,,,,,,2.0,0.0,,,,,,,2.0,0.0,,,,,,,3.0,1.0,,,1,1,,,,,,,,,,,,0.3,0.3,,,,,,,0.1018518519,0.162,,,,,,,0.6287037037,0.5866,,,,,,,-6.0,-6.0,MYT
13224,MJ Melendez,0.0,L,,,412,35,1p60,16,32,1,-1,1,-1,0,9,-3,0,-3,0,6.6,11.7,-2,-2,-4,-4,8.6,22.7,-2,-1,-10,-5,11.9,31.4,-2,0,-10,0,0.0,3.8,-2,2,-4,4,,7.0,-3,7,-3,3,-9,9,5,5,1,1,1,1,-2,0,3,2,2,2,2,2,-10,4,-6,2-6/9 (13-7),D,13,0,1,0,3,D,D,0,0,0,0,1,-36,6,1,,425.0,,,,403.0,,403.0,lf-4(-1)e3 rf-4e3 1b-4e25,,4.0,,,,4.0,,4.0,,25.0,,,,3.0,,3.0,,0.0,,,,-1.0,,-1.0,,-2.0,,,,4.0,,4.0,,-2.0,,,,3.0,,3.0,,-1.0,,,,4.0,,4.0,,,4,1,,,,,,,0.3,,,,0.55,,0.55,,0.4490740741,,,,0.056,,0.056,,0.3856481481,,,,0.4248,,0.4248,,-8.0,,,,-8.0,,-8.0,FA
12946,Jeff McNeil,0.98,L,,,424,35,3p60,4,8,2,2,2,2,3,7,-2,-1,-2,-1,21.5,20.0,0,0,0,0,29.5,32.0,0,0,0,0,29.1,32.7,0,0,0,0,1.0,1.8,-2,-1,-4,-2,1.0,2.0,1,2,-1,0,-3,0,5,5,1,1,1,1,-12,-8,9,8,0,1,0,1,-2,2,0,4/- (17-6),C,12,0,0,0,0,C,C,0,0,0,0,3,-6,1,1,,,212.0,,,316.0,,316.0,2b-2e12 rf-3(+2)e16 lf-3e16,,,2.0,,,3.0,,3.0,,,12.0,,,16.0,,16.0,,,2.0,,,0.0,,0.0,,,2.0,,,-2.0,,-2.0,,,4.0,,,-2.0,,-2.0,,,5.0,,,-1.0,,-1.0,,,1,1,,,,,,,,0.1,,,0.3,,0.3,,,0.06944444444,,,0.287,,0.287,,,0.8375,,,0.4991,,0.4991,,,1.0,,,-8.0,,-8.0,FA
13520,Zack Gelof,0.74,R,,,497,38,2p65,51,49,-2,-2,-2,-2,15,5,2,-1,2,-1,2.8,18.4,-2,0,-4,0,19.8,25.4,-1,-1,-5,-5,5.2,31.6,-2,0,-10,0,0.0,3.0,-2,1,-4,2,,6.0,0,6,-2,2,-6,6,0,5,0,1,0,1,0,-9,8,9,1,1,1,1,-8,1,-7,"*5,6/- (19-13)",A,15,2,2,4,6,D,D,0,0,0,0,2,-28,2,1,,,208.0,,,,,,2b-2e8,,,2.0,,,,,,,,8.0,,,,,,,,2.0,,,,,,,,3.0,,,,,,,,5.0,,,,,,,,6.0,,,,,,,-1.0,2,2,,,,,,,,0.1,,,,,,,,0.0462962963,,,,,,,,0.8583333333,,,,,,,,4.0,,,,,,FA
13111,Lars Nootbaar,1.07,L,,,348,52,4p50,28,13,0,1,0,1,16,18,2,3,2,3,25.4,15.3,1,-1,2,-2,42.4,34.3,1,0,5,0,38.2,27.1,1,-1,5,-5,0.8,2.3,-2,0,-4,0,1.0,4.0,1,4,-1,1,-3,3,5,5,1,1,1,1,-3,-3,20,18,-2,-1,-4,-2,1,3,4,"*4,5/- (16-6)",B,14,1,1,2,3,D,C,0,0,0,0,4,4,-1,1,,,,,,205.0,405.0,205.0,rf-2(0)e5 lf-2e5 cf-4e5,,,,,,2.0,4.0,2.0,,,,,,5.0,5.0,5.0,,,,,,3.0,-2.0,3.0,,,,,,2.0,3.0,2.0,,,,,,5.0,1.0,5.0,,,,,,6.0,2.0,6.0,,2.0,-1,0,,,,,,,,,,,0.15,0.55,0.15,,,,,,0.088,0.06018518519,0.088,,,,,,0.7752,0.4229166667,0.7752,,,,,,-3.0,-10.0,-3.0,MKEMiL
12862,Ha Seong Kim,1.6,R,,,403,58,3p60,6,13,2,1,2,1,18,17,3,2,3,2,19.8,16.3,0,-1,0,-2,38.8,34.3,1,0,5,0,27.8,24.1,0,-1,0,-5,1.2,1.2,-1,-2,-2,-4,1.0,2.0,1,2,-1,0,-3,0,5,5,1,1,1,1,-6,-6,13,14,0,0,0,0,5,0,5,"*2-5,12/- (19-13)",A,15,2,2,4,6,B,C,1,0,1,0,3,6,-7,1,,,,,216.0,,,,ss-2e16,,,,,2.0,,,,,,,,16.0,,,,,,,,3.0,,,,,,,,2.0,,,,,,,,5.0,,,,,,,,6.0,,,,,-2.0,1,1,,,,,,,,,,0.1,,,,,,,,0.08333333333,,,,,,,,0.825,,,,,,,,1.0,,,,CYPMiL
12905,Jacob Young,1.56,R,,,468,30,1p70,13,20,1,0,1,0,3,5,-2,-1,-2,-1,29.5,22.1,1,0,2,0,37.5,32.1,1,0,5,0,38.1,31.6,1,0,5,0,1.5,1.3,-1,-1,-2,-2,,,-3,-3,-3,-3,-9,-9,5,5,1,1,1,1,-1,-1,18,18,-1,-1,-2,-2,-2,-5,-7,*3-6/- (18-15),AA,17,3,3,6,9,A,C,2,0,2,0,1,-1,-13,1,,,,,,,109.0,,cf-1(-1)e9,,,,,,,1.0,,,,,,,,9.0,,,,,,,,4.0,,,,,,,,2.0,,,,,,,,6.0,,,,,,,,7.0,,,3.7,4,3,,,,,,,,,,,,0.0,,,,,,,,0.1018518519,,,,,,,,0.8981481481,,,,,,,,0.3,,FA
12664,Ceddanne Rafaela,0.85,R,,,544,15,1p70,53,24,-2,0,-2,0,0,0,-3,-2,-3,-2,18.0,22.7,0,1,0,2,21.0,25.7,-1,-1,-5,-5,27.9,33.6,0,0,0,0,0.8,1.8,-2,-1,-4,-2,0.0,3.0,0,3,-2,0,-6,0,5,5,1,1,1,1,-1,-1,12,12,0,0,0,0,-9,-2,-11,"*2-9,12/- (15-13)",B,16,1,2,2,6,C,B,0,1,0,2,1,-19,-6,0,,,422.0,437.0,320.0,,207.0,307.0,ss-3e20 cf-2(-3)e7 2b-4e22 3b-4e37 rf-3e7,,,4.0,4.0,3.0,,2.0,3.0,,,22.0,37.0,20.0,,7.0,7.0,,,-2.0,0.0,0.0,,2.0,0.0,,,0.0,-2.0,2.0,,3.0,2.0,,,-2.0,-2.0,2.0,,5.0,2.0,,,-2.0,-2.0,2.0,,5.0,2.0,,,4,3,,,,,,,,0.3,0.3,0.2,,0.15,0.3,,,0.1342592593,0.4444444444,0.1018518519,,0.08333333333,0.125,,,0.6060185185,0.3888888889,0.7185185185,,0.7791666667,0.6125,,,-6.0,-8.0,-4.0,,-1.0,-6.0,THE
13285,Pete Crow Armstrong,1.63,L,,,372,21,1p60,28,28,0,0,0,0,0,3,-3,-2,-3,-2,21.0,18.2,0,0,0,0,24.0,24.2,-1,-1,-5,-5,31.3,31.7,0,0,0,0,2.3,1.8,0,-1,0,-2,,3.0,-3,3,-3,0,-9,0,5,5,1,1,1,1,5,4,7,6,1,1,1,1,-5,-2,-7,"*2-5,11,12/- (19-15)",A,17,2,3,4,9,A,C,2,0,2,0,1,-15,-7,0,,,,,,,104.0,,cf-1(-2)e4,,,,,,,1.0,,,,,,,,4.0,,,,,,,,4.0,,,,,,,,3.0,,,,,,,,7.0,,,,,,,,7.0,,,,4,1,,,,,,,,,,,,0.0,,,,,,,,0.0462962963,,,,,,,,0.9537037037,,,,,,,,8.0,,CAN
13386,Spencer Torkelson,0.14,R,,,342,33,1p50,12,41,1,-2,1,-2,8,12,0,1,0,1,19.1,14.4,0,-1,0,-2,29.1,28.5,0,0,0,0,44.3,22.7,1,-1,5,-5,2.5,1.3,0,-1,0,-2,,2.0,3,2,1,0,3,0,0,5,0,1,0,1,0,-7,13,9,0,1,0,1,3,-2,1,-/- (---),E,12,0,0,0,0,D,D,0,0,0,0,1,9,-8,0,,307.0,,,,,,,1b-3e7,,3.0,,,,,,,,7.0,,,,,,,,1.0,,,,,,,,2.0,,,,,,,,3.0,,,,,,,,3.0,,,,,,,,,4,0,,,,,,,0.2,,,,,,,,0.125,,,,,,,,0.7,,,,,,,,-4.0,,,,,,,FA
13424,Tommy Pham,0.0,R,,,440,35,1p60,15,25,1,0,1,0,13,6,2,-1,2,-1,16.4,24.6,0,1,0,2,30.4,31.6,0,0,0,0,25.3,31.2,-1,0,-5,0,1.6,0.2,-1,-2,-2,-4,2.0,0.0,2,0,0,-2,0,-6,5,5,1,1,1,1,-7,-8,5,6,1,1,1,1,3,-2,1,"*4,5/- (16-6)",C,13,0,1,0,3,D,C,0,0,0,0,1,-2,-7,0,,,,,,402.0,402.0,402.0,rf-4(+1)e2 lf-4e2 cf-4e2,,,,,,4.0,4.0,4.0,,,,,,2.0,2.0,2.0,,,,,,-1.0,-2.0,-1.0,,,,,,4.0,4.0,4.0,,,,,,3.0,2.0,3.0,,,,,,3.0,2.0,3.0,,-1.0,4,1,,,,,,,,,,,0.55,0.55,0.55,,,,,,0.037,0.02314814815,0.037,,,,,,0.43335,0.4395833333,0.43335,,,,,,-7.0,-7.0,-7.0,FA
13348,Sal Frelick,1.16,L,,,475,39,1p65,10,8,1,2,1,2,9,6,0,-1,0,-1,21.5,25.9,0,1,0,2,32.5,33.9,0,0,0,0,37.7,33.0,0,0,0,0,2.3,0.5,0,-2,0,-4,,,-3,-3,-3,-3,-9,-9,5,5,1,1,1,1,-4,-4,11,12,0,0,0,0,-1,-2,-3,"*4,5/- (19-12)",A,15,2,2,4,6,C,C,0,0,0,0,1,-7,-9,0,,,,565.0,,204.0,204.0,104.0,rf-1(0)e4 lf-2e4 cf-2e4 3b-5e65,,,,5.0,,2.0,2.0,1.0,,,,65.0,,4.0,4.0,4.0,,,,-2.0,,3.0,2.0,4.0,,,,-2.0,,2.0,3.0,2.0,,,,-4.0,,5.0,5.0,6.0,,,,-4.0,,5.0,5.0,6.0,,,4,2,,,,,,,,,0.4,,0.15,0.15,0.0,,,,0.7407407407,,0.069,0.0462962963,0.069,,,,0.1555555556,,0.79135,0.8106481481,0.931,,,,-8.0,,-1.0,1.0,6.0,BSG
12579,Blake Perkins,1.2,S,,,383,42,1p60,10,42,1,-2,1,-2,10,11,1,1,1,1,26.0,16.6,1,-1,2,-2,38.0,29.6,1,0,5,0,37.0,27.7,0,-1,0,-5,2.8,3.0,1,1,2,2,,,-3,-3,-3,-3,-9,-9,5,5,1,1,1,1,-3,-3,3,3,2,2,2,2,5,-2,3,*4-6/- (19-13),A,16,2,2,4,6,C,D,0,0,0,0,1,5,-12,0,,,,,,,102.0,,cf-1(-2)e2,,,,,,,1.0,,,,,,,,2.0,,,,,,,,4.0,,,,,,,,4.0,,,,,,,,8.0,,,,,,,,8.0,,,-2.0,4,1,,,,,,,,,,,,0.0,,,,,,,,0.02314814815,,,,,,,,0.9768518519,,,,,,,,10.0,,NSH
12777,Edmundo Sosa,1.46,R,,,249,13,1p40,21,33,0,-1,0,-1,4,1,-2,-2,-2,-2,28.5,20.6,1,0,2,0,38.5,27.6,1,-1,5,-5,48.9,30.2,1,0,5,0,1.3,1.8,-1,-1,-2,-2,2.0,2.0,2,2,0,0,0,0,5,5,1,1,1,1,-9,-10,15,14,-1,0,-2,0,0,-4,-4,*7/- (19-12),B,15,1,2,2,6,D,D,0,0,0,0,1,7,-9,0,,,320.0,311.0,212.0,,,,ss-2e12 2b-3e20 3b-3e11,,,3.0,3.0,2.0,,,,,,20.0,11.0,12.0,,,,,,0.0,1.0,3.0,,,,,,2.0,1.0,2.0,,,,,,2.0,2.0,5.0,,,,,,2.0,2.0,5.0,,,,,2.0,4,-1,,,,,,,,0.2,0.2,0.1,,,,,,0.1203703704,0.1342592593,0.05555555556,,,,,,0.7037037037,0.6925925926,0.85,,,,,,-4.0,-4.0,1.0,,,,CLS
12638,Bryson Stott,1.27,L,,,506,53,1p70,17,9,1,2,1,2,17,8,3,0,3,0,15.4,21.4,-1,0,-2,0,33.4,30.4,0,0,0,0,20.8,27.3,-1,-1,-5,-5,1.6,0.8,-1,-2,-2,-4,,1.0,-3,1,-3,-1,-9,-3,5,5,1,1,1,1,3,4,11,13,0,0,0,0,-1,-1,-2,"*5,6/- (19-13)",AA,16,3,2,6,6,D,C,0,0,0,0,1,-13,-9,0,,,105.0,,342.0,,,,2b-1e5 ss-3e42,,,1.0,,3.0,,,,,,5.0,,42.0,,,,,,4.0,,0.0,,,,,,3.0,,-2.0,,,,,,7.0,,-2.0,,,,,,7.0,,-2.0,,,,,2.0,4,3,,,,,,,,0.0,,0.2,,,,,,0.03240740741,,0.212962963,,,,,,0.9675925926,,0.6296296296,,,,,,8.0,,-6.0,,,,CLSMiL
13257,Nolan Gorman,0.22,L,,,365,34,1p50,54,55,-2,-3,-2,-3,7,9,-1,0,-1,0,11.1,9.6,-1,-2,-2,-4,19.1,19.5,-1,-2,-5,-10,24.7,25.0,-1,-1,-5,-5,2.8,4.4,1,2,2,4,5.0,8.0,5,8,3,3,9,9,5,5,1,1,1,1,-1,-1,0,0,3,3,3,3,2,1,3,*5/- (19-6),C,11,0,0,0,0,D,D,0,0,0,0,1,0,-5,0,,,417.0,412.0,,,,,2b-4e17 3b-4e12,,,4.0,4.0,,,,,,,17.0,12.0,,,,,,,-2.0,0.0,,,,,,,2.0,1.0,,,,,,,0.0,1.0,,,,,,,0.0,1.0,,,,,,,4,0,,,,,,,,0.3,0.3,,,,,,,0.1018518519,0.1435185185,,,,,,,0.6287037037,0.599537037,,,,,,,-6.0,-6.0,,,,,FA
12990,Jonatan Clase,0.0,S,,,61,3,1p20,39,25,-1,0,-1,0,0,1,-3,-2,-3,-2,14.1,28.7,-1,2,-2,4,21.0,36.7,-1,1,-5,5,16.5,34.0,-1,0,-5,0,0.0,1.6,-2,-1,-4,-2,,2.0,-3,2,-3,0,-9,0,5,5,1,1,1,1,-8,-8,11,11,0,0,0,0,-11,1,-10,*3-6/- (18-13),B,17,1,3,2,9,D,D,0,0,0,0,1,-28,6,0,,,,,,404.0,404.0,,lf-4(+1)e4 cf-4e4,,,,,,4.0,4.0,,,,,,,4.0,4.0,,,,,,,-1.0,-2.0,,,,,,,2.0,3.0,,,,,,,1.0,1.0,,,,,,,1.0,1.0,,,0.0,4,-4,,,,,,,,,,,0.55,0.55,,,,,,,0.069,0.0462962963,,,,,,,0.41895,0.4291666667,,,,,,,-8.0,-8.0,,FA
13079,Kevin Newman,2.05,R,,,288,15,1p50,1,15,2,1,2,1,0,6,-3,-1,-3,-1,31.0,28.1,2,2,4,4,31.0,34.1,0,0,0,0,43.0,36.6,1,0,5,0,0.0,1.3,-2,-1,-4,-2,0.0,,0,-3,-2,-3,-6,-9,5,5,1,1,1,1,-13,-12,20,19,-2,-1,-4,-2,-3,-2,-5,*6/- (19-11),B,13,1,1,2,3,B,B,1,1,1,2,1,-5,-8,-1,,417.0,305.0,365.0,310.0,416.0,,,ss-3e10 2b-3e5 1b-4e17 3b-3e65 lf-4(+2)e16,,4.0,3.0,3.0,3.0,4.0,,,,17.0,5.0,65.0,10.0,16.0,,,,0.0,0.0,1.0,0.0,-1.0,,,,0.0,3.0,-2.0,3.0,-2.0,,,,0.0,3.0,-1.0,3.0,-3.0,,,,-1.0,2.0,-2.0,2.0,-4.0,,,,,4,0,,,,,,,0.3,0.2,0.2,0.2,0.55,,,,0.3055555556,0.03240740741,0.7407407407,0.05092592593,0.287,,,,0.4861111111,0.7740740741,0.2074074074,0.7592592593,0.32085,,,,-8.0,-1.0,-8.0,-1.0,-8.0,,,MYT
12922,James McCann,1.0,R,,,214,13,2p30,19,32,1,-1,1,-1,0,9,-3,0,-3,0,12.7,19.5,-1,0,-2,0,14.7,30.5,-2,0,-10,0,27.5,28.7,0,0,0,0,4.2,1.8,2,-1,4,-2,8.0,3.0,8,3,3,0,9,0,5,5,1,1,1,1,2,2,10,9,0,1,0,1,1,0,1,2/- (20-6),E,10,0,0,0,0,D,D,0,0,0,0,2,0,-1,-1,308.0,,,,,,,,"c-3(-1)e8,T-13(pb-0)",3.0,,,,,,,,8.0,,,,,,,,0.0,,,,,,,,0.0,,,,,,,,0.0,,,,,,,,-2.0,,,,,,,,-1.0,,2,-2,c-3,"-1)e8,T-13",pb-0),,-1.0,0.2,,,,,,,,0.097,,,,,,,,0.7224,,,,,,,,-3.0,,,,,,,,MKEMiL
13336,Ryan Mountcastle,1.49,R,,,473,27,2p60,15,28,1,0,1,0,5,3,-1,-2,-1,-2,32.2,23.5,2,1,4,2,37.2,26.5,1,-1,5,-5,44.7,36.8,1,0,5,0,1.5,1.4,-1,-1,-2,-2,3.0,3.0,3,3,1,0,3,0,5,5,1,1,1,1,4,4,20,20,-2,-2,-4,-4,3,-4,-1,2/- (20-6),D,13,0,1,0,3,D,C,0,0,0,0,2,12,-10,-1,,204.0,,,,,,,1b-2e4,,2.0,,,,,,,,4.0,,,,,,,,3.0,,,,,,,,4.0,,,,,,,,7.0,,,,,,,,6.0,,,,,,,,,2,1,,,,,,,0.1,,,,,,,,0.07407407407,,,,,,,,0.8333333333,,,,,,,,1.0,,,,,,,FA
13466,Victor Caratini,1.38,S,,,245,23,4p40,27,16,0,1,0,1,11,7,1,-1,1,-1,30.3,24.1,2,1,4,2,44.3,34.2,2,0,10,0,31.5,32.8,0,0,0,0,0.0,2.3,-2,0,-4,0,0.0,3.0,0,3,-2,0,-6,0,5,5,1,1,1,1,-11,-12,15,16,-1,-1,-2,-2,1,1,2,"5,6/- (3-1)",E,8,0,-1,0,-3,D,C,0,0,0,0,4,4,1,-1,301.0,410.0,,,,,,,"c-3(+3)e1,T-6(pb-0) 1b-4e10",3.0,4.0,,,,,,,1.0,10.0,,,,,,,0.0,0.0,,,,,,,4.0,2.0,,,,,,,4.0,2.0,,,,,,,6.0,1.0,,,,,,,3.0,,-1,-1,c-3,"+3)e1,T-6",pb-0) 1b-4e10,,3.0,0.2,0.3,,,,,,,0.014,0.1805555556,,,,,,,0.7888,0.5736111111,,,,,,,-4.0,-6.0,,,,,,,PORMiL
13147,Maikel Garcia,0.56,R,,,575,42,1p70,0,14,3,1,3,1,4,7,-2,-1,-2,-1,16.2,17.7,0,0,0,0,20.2,24.7,-1,-1,-5,-5,37.1,30.4,0,0,0,0,3.0,2.5,1,0,2,0,,,-3,-3,-3,-3,-9,-9,5,5,1,1,1,1,5,5,8,8,1,1,1,1,0,-2,-2,*2-5/- (19-13),AA,16,3,2,6,6,B,B,1,1,1,2,1,-9,-12,-1,,,218.0,116.0,412.0,,,425.0,3b-1e16 2b-2e18 ss-4e12 rf-4(+1)e25,,,2.0,1.0,4.0,,,4.0,,,18.0,16.0,12.0,,,25.0,,,2.0,4.0,-2.0,,,-1.0,,,2.0,0.0,2.0,,,-4.0,,,4.0,4.0,0.0,,,-5.0,,,3.0,3.0,-1.0,,,-6.0,,1.0,4,3,,,,,,,,0.1,0.0,0.3,,,0.55,,,0.1064814815,0.1898148148,0.05555555556,,,0.449,,,0.8041666667,0.8101851852,0.6611111111,,,0.24795,,,1.0,1.0,-4.0,,,-9.0,POR
13432,Trevor Larnach,0.94,L,,,355,40,1p50,39,23,-1,0,-1,0,0,13,-3,1,-3,1,5.9,21.5,-2,0,-4,0,7.9,36.5,-2,1,-10,5,10.6,34.5,-2,0,-10,0,0.0,3.0,-2,1,-4,2,,4.0,-3,4,-3,1,-9,3,5,5,1,1,1,1,0,1,27,23,-2,-2,-4,-4,-16,3,-13,4/- (16-6),C,11,0,0,0,0,D,C,0,0,0,0,1,-44,8,-1,,,,,,401.0,,401.0,lf-4(0)e1 rf-4e1,,,,,,4.0,,4.0,,,,,,1.0,,1.0,,,,,,-1.0,,-1.0,,,,,,4.0,,4.0,,,,,,3.0,,3.0,,,,,,2.0,,2.0,,,4,0,,,,,,,,,,,0.55,,0.55,,,,,,0.019,,0.019,,,,,,0.44145,,0.44145,,,,,,-8.0,,-8.0,FA
13207,Miguel Andujar,0.36,R,,,302,13,4p40,0,5,3,2,3,2,9,0,0,-2,0,-2,45.1,27.3,3,1,6,2,56.1,29.3,3,0,15,0,53.9,39.2,2,1,10,5,0.2,2.5,-2,0,-4,0,0.0,,0,-3,-2,-3,-6,-9,5,5,1,1,1,1,3,3,22,25,-2,-2,-4,-4,6,-2,4,7/12 (13-6),D,11,0,0,0,0,D,C,0,0,0,0,4,21,-5,-1,,,,,,405.0,,,lf-4(-2)e5,,,,,,4.0,,,,,,,,5.0,,,,,,,,-1.0,,,,,,,,2.0,,,,,,,,1.0,,,,,,,,0.0,,,,,-1,-1,,,,,,,,,,,0.55,,,,,,,,0.088,,,,,,,,0.4104,,,,,,,,-8.0,,,BSG
12624,Bryan De La Cruz,0.0,R,,,584,29,1p70,30,37,0,-1,0,-1,0,3,-3,-2,-3,-2,30.4,13.1,2,-1,4,-2,31.4,17.1,0,-2,0,-10,42.3,23.8,1,-1,5,-5,0.8,3.3,-2,1,-4,2,1.0,6.0,1,6,-1,2,-3,6,5,5,1,1,1,1,-2,-2,14,13,0,0,0,0,-2,-3,-5,6/- (14-6),D,12,0,0,0,0,D,D,0,0,0,0,1,0,-11,-1,,,,,,407.0,,407.0,rf-4(-1)e7 lf-4e7,,,,,,4.0,,4.0,,,,,,7.0,,7.0,,,,,,-1.0,,-1.0,,,,,,2.0,,2.0,,,,,,1.0,,1.0,,,,,,0.0,,0.0,,,4,3,,,,,,,,,,,0.55,,0.55,,,,,,0.125,,0.125,,,,,,0.39375,,0.39375,,,,,,-8.0,,-8.0,FA
12662,Casey Schmitt,0.51,R,,,107,4,1p20,22,24,0,0,0,0,0,0,-3,-2,-3,-2,27.4,19.8,1,0,2,0,29.4,21.8,0,-2,0,-10,71.9,30.4,3,0,15,0,12.1,2.0,3,-1,6,-2,8.0,4.0,8,4,3,1,9,3,5,5,1,1,1,1,-9,-11,14,15,0,-1,0,-2,8,-4,4,-/- (---),E,14,0,1,0,3,D,C,0,0,0,0,1,30,-12,-1,,,312.0,224.0,316.0,,,,2b-3e12 ss-3e16 3b-2e24,,,3.0,2.0,3.0,,,,,,12.0,24.0,16.0,,,,,,0.0,3.0,0.0,,,,,,2.0,-2.0,2.0,,,,,,2.0,1.0,2.0,,,,,,1.0,0.0,1.0,,,,,,4,-4,,,,,,,,0.2,0.1,0.2,,,,,,0.06944444444,0.287037037,0.08333333333,,,,,,0.7444444444,0.6416666667,0.7333333333,,,,,,-4.0,-6.0,-4.0,,,,GME
12932,Jarred Kelenic,0.16,L,,,412,32,1p60,40,40,-1,-2,-1,-2,1,6,-2,-1,-2,-1,16.1,17.8,-1,0,-2,0,17.1,23.8,-2,-1,-10,-5,19.3,32.1,-1,0,-5,0,0.6,3.0,-2,1,-4,2,0.0,4.0,0,4,-2,1,-6,3,5,5,1,1,1,1,-4,-3,8,7,1,1,1,1,-9,0,-9,*6/- (18-6),C,14,0,1,0,3,D,D,0,0,0,0,1,-28,-1,-2,,,,,,204.0,304.0,,lf-2(-2)e4 cf-3e4,,,,,,2.0,3.0,,,,,,,4.0,4.0,,,,,,,3.0,0.0,,,,,,,2.0,3.0,,,,,,,5.0,3.0,,,,,,,3.0,1.0,,,,4,1,,,,,,,,,,,0.15,0.3,,,,,,,0.069,0.0462962963,,,,,,,0.79135,0.6675925926,,,,,,,-1.0,-4.0,,FA
13477,Weston Wilson,2.07,R,,,88,8,1p20,26,52,0,-2,0,-2,13,6,2,-1,2,-1,36.3,18.8,2,0,4,0,51.3,26.8,2,-1,10,-5,63.5,30.1,2,0,10,0,2.5,0.9,0,-2,0,-4,5.0,1.0,5,1,3,-1,9,-3,5,5,1,1,1,1,-7,-7,14,16,0,-1,0,-2,12,-7,5,*5/- (20-11),B,14,1,1,2,3,D,D,0,0,0,0,1,36,-16,-2,,422.0,408.0,465.0,,408.0,,408.0,lf-4(+1)e8 3b-4e65 rf-4e8 2b-4e8 1b-4e22,,4.0,4.0,4.0,,4.0,,4.0,,22.0,8.0,65.0,,8.0,,8.0,,0.0,-2.0,0.0,,-1.0,,-1.0,,-2.0,3.0,-2.0,,0.0,,0.0,,-2.0,1.0,-2.0,,-1.0,,-1.0,,-4.0,-1.0,-4.0,,-3.0,,-3.0,,2.0,4,-4,,,,,,,0.3,0.3,0.3,,0.55,,0.55,,0.3981481481,0.0462962963,0.7407407407,,0.144,,0.144,,0.4212962963,0.6675925926,0.1814814815,,0.3852,,0.3852,,-8.0,-4.0,-8.0,,-10.0,,-10.0,MYTMiL
12706,Connor Joe,0.25,R,,,364,44,1p60,21,24,0,0,0,0,16,13,2,1,2,1,16.4,15.7,0,-1,0,-2,35.3,31.7,1,0,5,0,28.3,24.2,0,-1,0,-5,0.6,1.2,-2,-2,-4,-4,0.0,2.0,0,2,-2,0,-6,0,5,5,1,1,1,1,-3,-8,12,10,0,0,0,0,0,-2,-2,7/11 (13-5),D,13,0,1,0,3,D,C,0,0,0,0,1,-2,-9,-2,,403.0,,,,412.0,,312.0,1b-4e3 rf-3(-2)e12 lf-4e12,,4.0,,,,4.0,,3.0,,3.0,,,,12.0,,12.0,,0.0,,,,-1.0,,0.0,,4.0,,,,-2.0,,-2.0,,4.0,,,,-3.0,,-2.0,,2.0,,,,-5.0,,-4.0,,,4,1,,,,,,,0.3,,,,0.55,,0.3,,0.05555555556,,,,0.218,,0.218,,0.6611111111,,,,0.3519,,0.5474,,-4.0,,,,-8.0,,-8.0,FA
13493,Xander Bogaerts,0.45,R,,,428,28,3p50,7,14,2,1,2,1,15,2,2,-2,2,-2,19.1,28.5,0,2,0,4,34.1,30.5,0,0,0,0,23.9,35.0,-1,0,-5,0,0.5,1.3,-2,-1,-4,-2,0.0,2.0,0,2,-2,0,-6,0,5,5,1,1,1,1,-3,-4,19,24,-1,-2,-2,-4,-1,-1,-2,"*4,5/- (18-12)",B,14,1,1,2,3,D,B,0,1,0,2,3,-12,-2,-2,,,312.0,,428.0,,,,2b-3e12 ss-4e28,,,3.0,,4.0,,,,,,12.0,,28.0,,,,,,0.0,,-2.0,,,,,,2.0,,-2.0,,,,,,2.0,,-4.0,,,,,,0.0,,-6.0,,,,,-2.0,1,0,,,,,,,,0.2,,0.3,,,,,,0.06944444444,,0.1435185185,,,,,,0.7444444444,,0.599537037,,,,,,-4.0,,-6.0,,,,FA
12991,Jonathan Aranda,1.42,L,,,128,12,4p20,21,25,0,0,0,0,4,9,-2,0,-2,0,9.8,18.9,-1,0,-2,0,16.8,30.9,-2,0,-10,0,17.0,36.3,-1,0,-5,0,0.0,4.0,-2,2,-4,4,,7.0,-3,7,-3,3,-9,9,5,5,1,1,1,1,0,-7,11,10,0,0,0,0,-10,6,-4,-/- (---),E,10,0,0,0,0,D,C,0,0,0,0,4,-31,14,-2,,313.0,510.0,565.0,,,,,1b-3e13 2b-5e10 3b-5e65,,3.0,5.0,5.0,,,,,,13.0,10.0,65.0,,,,,,1.0,-4.0,-2.0,,,,,,1.0,3.0,-2.0,,,,,,2.0,-1.0,-4.0,,,,,,0.0,-3.0,-6.0,,,,,,1.0,-1,-4,,,,,,,0.2,0.4,0.4,,,,,,0.2361111111,0.06018518519,0.7407407407,,,,,,0.6111111111,0.5638888889,0.1555555556,,,,,,-6.0,-6.0,-8.0,,,,,CAN
12519,Alejandro Kirk,1.5,R,,,340,35,2p50,18,0,1,3,1,3,9,13,0,1,0,1,18.1,22.9,0,1,0,2,28.1,36.9,0,1,0,5,35.3,33.2,0,0,0,0,0.8,2.3,-2,0,-4,0,0.0,,0,-3,-2,-3,-6,-9,5,5,1,1,1,1,6,6,22,20,-2,-2,-4,-4,-4,2,-2,-/- (---),E,8,0,-1,0,-3,D,B,0,1,0,2,2,-12,-1,-2,209.0,,,,,,,,"c-2(-2)e9,T-3(pb-4)",2.0,,,,,,,,9.0,,,,,,,,2.0,,,,,,,,0.0,,,,,,,,2.0,,,,,,,,-2.0,,,,,,,,-2.0,-3.0,2,0,c-2,"-2)e9,T-3",pb-4),,-2.0,0.1,,,,,,,,0.107,,,,,,,,0.8037,,,,,,,,3.0,,,,,,,,GMEMiL
13322,Ronald Acuna Jr,0.0,R,,,192,27,5p30,17,29,1,0,1,0,20,18,3,3,3,3,17.2,20.8,0,0,0,0,40.2,41.8,1,2,5,10,25.4,25.1,-1,-1,-5,-5,1.9,0.0,-1,-3,-2,-6,2.0,0.0,2,0,0,-2,0,-6,5,5,1,1,1,1,-9,-9,13,13,0,0,0,0,4,0,4,"*2-5,12/- (19-14)",A,16,2,2,4,6,D,D,0,0,0,0,5,3,-3,-3,,,,,,,,307.0,rf-3(-4)e7,,,,,,,,3.0,,,,,,,,7.0,,,,,,,,0.0,,,,,,,,2.0,,,,,,,,2.0,,,,,,,,-1.0,,,-2,-2,,,,,,,,,,,,,0.3,,,,,,,,0.125,,,,,,,,0.6125,,,,,,,,-6.0,WVMiL
13354,Santiago Espinal,0.0,R,,,357,24,1p60,1,8,2,2,2,2,8,3,0,-2,0,-2,26.0,18.6,1,0,2,0,35.0,22.6,1,-1,5,-5,41.9,27.1,1,-1,5,-5,4.3,2.5,2,0,4,0,4.0,,4,-3,2,-3,6,-9,5,5,1,1,1,1,2,2,16,16,-1,-1,-2,-2,9,-5,4,*6/- (19-11),B,13,1,1,2,3,C,C,0,0,0,0,1,23,-20,-3,,,212.0,311.0,310.0,416.0,,416.0,3b-3e11 2b-2e12 ss-3e10 lf-4(+1)e16 rf-4e16,,,2.0,3.0,3.0,4.0,,4.0,,,12.0,11.0,10.0,16.0,,16.0,,,2.0,1.0,0.0,-1.0,,-1.0,,,2.0,1.0,3.0,-2.0,,-2.0,,,4.0,2.0,3.0,-3.0,,-3.0,,,1.0,-1.0,0.0,-6.0,,-6.0,,-1.0,4,1,,,,,,,,0.1,0.2,0.2,0.55,,0.55,,,0.06944444444,0.1342592593,0.05092592593,0.287,,0.287,,,0.8375,0.6925925926,0.7592592593,0.32085,,0.32085,,,1.0,-4.0,-1.0,-7.0,,-7.0,DAL
12535,Andres Gimenez,1.83,L,,,583,26,1p70,6,10,2,2,2,2,0,1,-3,-2,-3,-2,20.5,23.1,0,1,0,2,25.5,29.1,-1,0,-5,0,27.3,26.7,0,-1,0,-5,1.3,0.3,-1,-2,-2,-4,,0.0,-3,0,-3,-2,-9,-6,5,5,1,1,1,1,9,9,15,14,-1,0,-2,0,-6,-3,-9,*2-5/- (19-13),AA,16,3,2,6,6,C,B,0,1,0,2,1,-18,-12,-3,,,110.0,,,,,,2b-1e10,,,1.0,,,,,,,,10.0,,,,,,,,4.0,,,,,,,,3.0,,,,,,,,7.0,,,,,,,,4.0,,,,,,,-1.0,4,3,,,,,,,,0.0,,,,,,,,0.06018518519,,,,,,,,0.9398148148,,,,,,,,6.0,,,,,,FA
13476,Wenceel Perez,0.29,S,,,389,32,3p50,29,21,0,0,0,0,11,5,1,-1,1,-1,13.2,23.0,-1,1,-2,2,25.2,29.0,-1,0,-5,0,25.1,35.7,-1,0,-5,0,2.3,1.3,0,-1,0,-2,,1.0,-3,1,-3,-1,-9,-3,5,5,1,1,1,1,-3,-3,8,8,1,1,1,1,-3,0,-3,"*2-6,11/- (15-12)",B,15,1,2,2,6,C,C,0,0,0,0,3,-18,-2,-3,,,,,,303.0,403.0,303.0,rf-3(+1)e3 cf-4e3 lf-3e3,,,,,,3.0,4.0,3.0,,,,,,3.0,3.0,3.0,,,,,,0.0,-2.0,0.0,,,,,,4.0,4.0,4.0,,,,,,4.0,2.0,4.0,,,,,,1.0,-1.0,1.0,,-2.0,1,0,,,,,,,,,,,0.3,0.55,0.3,,,,,,0.056,0.03703703704,0.056,,,,,,0.6608,0.4333333333,0.6608,,,,,,-2.0,-6.0,-2.0,FA
13266,Oswaldo Cabrera,1.16,S,,,299,21,1p50,27,15,0,1,0,1,1,6,-2,-1,-2,-1,11.5,25.6,-1,1,-2,2,13.5,32.6,-2,0,-10,0,16.5,33.8,-1,0,-5,0,0.0,2.3,-2,0,-4,0,,2.0,-3,2,-3,0,-9,0,5,5,1,1,1,1,2,2,16,15,-1,-1,-2,-2,-11,1,-10,"5,6/- (13-6)",C,13,0,1,0,3,C,C,0,0,0,0,1,-33,1,-3,,320.0,419.0,215.0,414.0,302.0,,302.0,3b-2e15 2b-4e19 1b-3e20 ss-4e14 rf-3(-1)e2 lf-3e2,,3.0,4.0,2.0,4.0,3.0,,3.0,,20.0,19.0,15.0,14.0,2.0,,2.0,,1.0,-2.0,3.0,-2.0,0.0,,0.0,,0.0,2.0,1.0,2.0,4.0,,4.0,,1.0,0.0,4.0,0.0,4.0,,4.0,,-2.0,-3.0,1.0,-3.0,1.0,,1.0,,,4,0,,,,,,,0.2,0.3,0.1,0.3,0.3,,0.3,,0.3611111111,0.1111111111,0.1805555556,0.07407407407,0.037,,0.037,,0.5111111111,0.6222222222,0.7375,0.6481481481,0.6741,,0.6741,,-8.0,-6.0,-4.0,-6.0,-4.0,,-4.0,FA
12819,Francisco Alvarez,0.68,R,,,308,30,5p50,15,34,1,-1,1,-1,20,8,3,0,3,0,13.3,20.3,-1,0,-2,0,34.3,29.3,0,0,0,0,28.7,32.3,0,0,0,0,5.2,1.3,3,-1,6,-2,8.0,1.0,8,1,3,-1,9,-3,5,5,1,1,1,1,-3,-3,14,17,0,-1,0,-2,10,-3,7,5/12 (13-5),E,10,0,0,0,0,D,D,0,0,0,0,5,18,-7,-3,404.0,,,,,,,,"c-4(0)e4,T-7(pb-4)",4.0,,,,,,,,4.0,,,,,,,,-2.0,,,,,,,,3.0,,,,,,,,1.0,,,,,,,,-2.0,,,,,,,,0.0,,-2,0,c-4,"0)e4,T-7",pb-4),,0.0,0.3,,,,,,,,0.047,,,,,,,,0.6671,,,,,,,,-4.0,,,,,,,,CYP
13185,Max Schuemann,0.31,R,,,396,47,1p60,31,31,0,-1,0,-1,16,14,2,2,2,2,10.4,16.9,-1,-1,-2,-2,30.4,34.9,0,1,0,5,14.7,26.7,-1,-1,-5,-5,0.4,2.8,-2,0,-4,0,1.0,,1,-3,-1,-3,-3,-9,5,5,1,1,1,1,-5,-8,12,14,0,0,0,0,-2,-2,-4,*6/- (19-11),B,14,1,1,2,3,B,C,1,0,1,0,1,-11,-9,-3,,,316.0,422.0,322.0,409.0,409.0,,ss-3e22 3b-4e22 2b-3e16 lf-4(+2)e9 cf-4e9,,,3.0,4.0,3.0,4.0,4.0,,,,16.0,22.0,22.0,9.0,9.0,,,,0.0,0.0,0.0,-1.0,-2.0,,,,2.0,-2.0,0.0,0.0,2.0,,,,2.0,-2.0,0.0,-1.0,0.0,,,,-1.0,-5.0,-3.0,-4.0,-3.0,,,,4,1,,,,,,,,0.2,0.3,0.2,0.55,0.55,,,,0.09722222222,0.2638888889,0.1111111111,0.162,0.1018518519,,,,0.7222222222,0.5152777778,0.7111111111,0.3771,0.4041666667,,,,-4.0,-8.0,-4.0,-8.0,-8.0,,FA
13458,Tyler Soderstrom,0.68,L,,,189,20,5p30,12,31,1,-1,1,-1,11,10,1,0,1,0,13.3,17.5,-1,0,-2,0,27.3,30.5,0,0,0,0,18.4,35.2,-1,0,-5,0,0.0,4.3,-2,2,-4,4,,8.0,-3,8,-3,3,-9,9,5,5,1,1,1,1,-6,-6,23,20,-2,-2,-4,-4,-6,3,-3,-/- (---),E,11,0,0,0,0,D,D,0,0,0,0,5,-21,9,-3,404.0,410.0,,,,,,,"1b-4e10 c-4(0)e4,T-4(pb-0)",4.0,4.0,,,,,,,4.0,10.0,,,,,,,-2.0,0.0,,,,,,,3.0,2.0,,,,,,,1.0,2.0,,,,,,,-2.0,-1.0,,,,,,,,-1.0,-2,-2,1b-4e10 c-4,"0)e4,T-4",pb-0),,,0.3,0.3,,,,,,,0.047,0.1805555556,,,,,,,0.6671,0.5736111111,,,,,,,-4.0,-6.0,,,,,,,DEN
13035,Josh Lowe,0.31,L,,,353,32,4p50,49,45,-2,-2,-2,-2,10,6,1,-1,1,-1,19.7,22.6,0,1,0,2,29.7,28.6,0,0,0,0,23.7,34.1,-1,0,-5,0,0.0,1.5,-2,-1,-4,-2,,3.0,-3,3,-3,0,-9,0,5,5,1,1,1,1,-12,-11,1,1,2,2,2,2,-4,0,-4,"*2-5,12/- (19-14)",A,16,2,2,4,6,D,D,0,0,0,0,4,-16,0,-3,,,,,,308.0,408.0,308.0,rf-3(-2)e8 lf-3e8 cf-4e8,,,,,,3.0,4.0,3.0,,,,,,8.0,8.0,8.0,,,,,,0.0,-2.0,0.0,,,,,,0.0,2.0,0.0,,,,,,0.0,0.0,0.0,,,,,,-3.0,-3.0,-3.0,,,-1,0,,,,,,,,,,,0.3,0.55,0.3,,,,,,0.144,0.09722222222,0.144,,,,,,0.5992,0.40625,0.5992,,,,,,-6.0,-8.0,-6.0,FA
13116,Leody Taveras,0.27,S,,,480,42,1p70,27,21,0,0,0,0,13,7,2,-1,2,-1,10.0,21.1,-1,0,-2,0,23.0,28.1,-1,-1,-5,-5,16.0,29.9,-1,0,-5,0,2.0,1.5,0,-1,0,-2,,1.0,-3,1,-3,-1,-9,-3,5,5,1,1,1,1,-6,-11,11,12,0,0,0,0,-3,-3,-6,"*2-5,12/- (19-13)",A,15,2,2,4,6,C,C,0,0,0,0,1,-18,-10,-3,,,,,,,103.0,,cf-1(-2)e3,,,,,,,1.0,,,,,,,,3.0,,,,,,,,4.0,,,,,,,,4.0,,,,,,,,8.0,,,,,,,,5.0,,,1.0,4,3,,,,,,,,,,,,0.0,,,,,,,,0.03703703704,,,,,,,,0.962962963,,,,,,,,7.0,,DENMiL
13206,Miguel Amaya,1.52,R,,,328,23,2p60,10,14,1,1,1,1,0,8,-3,0,-3,0,9.3,22.3,-2,0,-4,0,12.3,33.3,-2,0,-10,0,22.0,31.6,-1,0,-5,0,2.5,1.8,0,-1,0,-2,,2.0,-3,2,-3,0,-9,0,5,5,1,1,1,1,-1,-6,11,10,0,0,0,0,-9,1,-8,-/- (---),E,9,0,-1,0,-3,B,B,1,1,1,2,2,-29,0,-4,206.0,,,,,,,,"c-2(+1)e6,T-3(pb-2)",2.0,,,,,,,,6.0,,,,,,,,2.0,,,,,,,,2.0,,,,,,,,4.0,,,,,,,,1.0,,,,,,,,1.0,,2,1,c-2,"+1)e6,T-3",pb-2),,1.0,0.1,,,,,,,,0.075,,,,,,,,0.8325,,,,,,,,0.0,,,,,,,,FA
13480,Will Brennan,0.0,L,,,330,19,1p60,9,5,1,2,1,2,0,2,-3,-2,-3,-2,4.7,28.9,-2,2,-4,4,6.7,32.9,-2,0,-10,0,8.4,37.6,-2,1,-10,5,0.0,1.5,-2,-1,-4,-2,,1.0,-3,1,-3,-1,-9,-3,0,5,0,1,0,1,0,-3,21,20,-2,-2,-4,-4,-15,0,-15,"5,6/- (13-6)",C,13,0,1,0,3,D,C,0,0,0,0,1,-43,1,-4,,,,,,304.0,404.0,304.0,rf-3(-1)e4 lf-3e4 cf-4e4,,,,,,3.0,4.0,3.0,,,,,,4.0,4.0,4.0,,,,,,0.0,-2.0,0.0,,,,,,2.0,3.0,2.0,,,,,,2.0,1.0,2.0,,,,,,-2.0,-3.0,-2.0,,1.0,4,1,,,,,,,,,,,0.3,0.55,0.3,,,,,,0.069,0.0462962963,0.069,,,,,,0.6517,0.4291666667,0.6517,,,,,,-5.0,-9.0,-5.0,FA
12880,Hunter Renfroe,0.0,R,,,385,36,2p60,14,19,1,1,1,1,10,10,1,0,1,0,12.4,14.3,-1,-1,-2,-2,23.4,25.3,-1,-1,-5,-5,26.1,25.4,-1,-1,-5,-5,3.0,2.5,1,0,2,0,5.0,4.0,5,4,3,1,9,3,5,5,1,1,1,1,10,10,19,18,-1,-1,-2,-2,3,-1,2,4/12 (13-5),E,11,0,0,0,0,D,C,0,0,0,0,2,0,-9,-4,,425.0,,,,,,403.0,rf-4(-3)e3 1b-4e25,,4.0,,,,,,4.0,,25.0,,,,,,3.0,,0.0,,,,,,-1.0,,-2.0,,,,,,4.0,,-2.0,,,,,,3.0,,-6.0,,,,,,-1.0,,3.0,2,1,,,,,,,0.3,,,,,,0.55,,0.4490740741,,,,,,0.056,,0.3856481481,,,,,,0.4248,,-8.0,,,,,,-11.0,FA
12803,Eric Wagaman,0.94,R,,,72,2,1p20,21,25,0,0,0,0,0,0,-3,-2,-3,-2,13.5,27.1,-1,1,-2,2,13.5,27.1,-2,-1,-10,-5,17.0,47.5,-1,2,-5,10,1.1,2.0,-2,-1,-4,-2,0.0,2.0,0,2,-2,0,-6,0,5,5,1,1,1,1,4,4,10,10,0,0,0,0,-10,0,-10,-/- (---),E,12,0,0,0,0,D,C,0,0,0,0,1,-29,4,-4,,,,537.0,,510.0,,,3b-5e37 lf-5(+2)e10,,,,5.0,,5.0,,,,,,37.0,,10.0,,,,,,-2.0,,-3.0,,,,,,-2.0,,0.0,,,,,,-4.0,,-3.0,,,,,,-8.0,,-7.0,,,,,4,-4,,,,,,,,,0.4,,0.75,,,,,,0.4444444444,,0.181,,,,,,0.3333333333,,0.20475,,,,,,-8.0,,-8.0,,,FA
13430,Trent Grisham,0.56,L,,,179,22,1p40,32,35,-1,-1,-1,-1,0,17,-3,2,-3,2,16.1,6.5,-1,-2,-2,-4,21.2,28.4,-1,-1,-5,-5,27.8,20.5,0,-1,0,-5,1.5,3.8,-1,2,-2,4,2.0,,2,5,0,2,0,6,5,0,1,0,1,0,-5,0,21,16,-2,-1,-4,-2,-8,0,-8,"4,6/11 (13-6)",E,13,0,1,0,3,C,C,0,0,0,0,1,-16,-5,-4,,,,,,,106.0,,cf-1(-1)e6,,,,,,,1.0,,,,,,,,6.0,,,,,,,,4.0,,,,,,,,3.0,,,,,,,,7.0,,,,,,,,3.0,,,,4,-1,,,,,,,,,,,,0.0,,,,,,,,0.06944444444,,,,,,,,0.9305555556,,,,,,,,6.0,,DEN
12526,Alex Verdugo,0.22,L,,,559,49,1p70,10,7,1,2,1,2,15,5,2,-1,2,-1,18.4,20.8,0,0,0,0,33.3,25.8,0,-1,0,-5,25.1,33.0,-1,0,-5,0,2.3,1.5,0,-1,0,-2,,1.0,-3,1,-3,-1,-9,-3,5,5,1,1,1,1,-4,-5,16,19,-1,-1,-2,-2,-1,-2,-3,4/- (13-6),E,12,0,0,0,0,C,C,0,0,0,0,1,-12,-10,-4,,,,,,201.0,401.0,301.0,lf-2(-2)e1 rf-3e1 cf-4e1,,,,,,2.0,4.0,3.0,,,,,,1.0,1.0,1.0,,,,,,3.0,-2.0,0.0,,,,,,4.0,4.0,4.0,,,,,,7.0,2.0,4.0,,,,,,3.0,-2.0,0.0,,,4,3,,,,,,,,,,,0.15,0.55,0.3,,,,,,0.019,0.01388888889,0.019,,,,,,0.83385,0.44375,0.6867,,,,,,1.0,-8.0,-4.0,FA
13388,Starling Marte,0.55,R,,,335,27,4p50,24,23,0,0,0,0,13,5,2,-1,2,-1,31.9,23.6,2,1,4,2,47.0,30.6,2,0,10,0,43.5,30.1,1,0,5,0,0.6,1.0,-2,-2,-4,-4,0.0,0.0,0,0,-2,-2,-6,-6,5,5,1,1,1,1,3,3,13,18,0,-1,0,-2,4,-4,0,"*4,5/- (19-12)",A,14,2,1,4,3,B,C,1,0,1,0,4,12,-10,-4,,,,,,,,304.0,rf-3(-1)e4,,,,,,,,3.0,,,,,,,,4.0,,,,,,,,0.0,,,,,,,,2.0,,,,,,,,2.0,,,,,,,,-2.0,,,-1,0,,,,,,,,,,,,,0.3,,,,,,,,0.069,,,,,,,,0.6517,,,,,,,,-4.0,CYP
13367,Seth Brown,0.0,L,,,372,25,1p60,49,35,-2,-1,-2,-1,0,4,-3,-2,-3,-2,16.4,19.0,0,0,0,0,17.4,24.0,-2,-1,-10,-5,23.1,27.7,-1,-1,-5,-5,2.3,2.5,0,0,0,0,4.0,5.0,4,5,2,2,6,6,5,5,1,1,1,1,-3,-3,15,16,-1,-1,-2,-2,-6,-3,-9,"4,6/- (13-6)",C,13,0,1,0,3,D,D,0,0,0,0,1,-15,-8,-4,,410.0,,,,305.0,,305.0,lf-3(+1)e5 1b-4e10 rf-3e5,,4.0,,,,3.0,,3.0,,10.0,,,,5.0,,5.0,,0.0,,,,0.0,,0.0,,2.0,,,,2.0,,2.0,,2.0,,,,2.0,,2.0,,-2.0,,,,-2.0,,-2.0,,,4,1,,,,,,,0.3,,,,0.3,,0.3,,0.1805555556,,,,0.088,,0.088,,0.5736111111,,,,0.6384,,0.6384,,-6.0,,,,-6.0,,-6.0,FA
12887,Isiah Kiner Falefa,1.26,R,,,465,16,3p60,12,8,1,2,1,2,0,0,-3,-2,-3,-2,24.0,27.6,1,2,2,4,29.0,32.6,0,0,0,0,31.3,36.4,0,0,0,0,1.6,0.8,-1,-2,-2,-4,,1.0,-3,1,-3,-1,-9,-3,5,5,1,1,1,1,1,1,20,20,-2,-2,-4,-4,-6,-2,-8,*6/- (19-11),B,14,1,1,2,3,C,B,0,1,0,2,3,-14,-6,-4,,,208.0,208.0,304.0,,408.0,,2b-2e8 3b-2e8 ss-3e4 cf-4(0)e8,,,2.0,2.0,3.0,,4.0,,,,8.0,8.0,4.0,,8.0,,,,2.0,3.0,0.0,,-2.0,,,,3.0,2.0,4.0,,2.0,,,,5.0,5.0,4.0,,0.0,,,,1.0,1.0,0.0,,-4.0,,,,1,1,,,,,,,,0.1,0.1,0.2,,0.55,,,,0.0462962963,0.09722222222,0.01851851852,,0.09722222222,,,,0.8583333333,0.8125,0.7851851852,,0.40625,,,,4.0,1.0,-1.0,,-8.0,,PORMiL
12775,Dylan Moore,0.87,R,,,368,53,1p60,33,37,-1,-1,-1,-1,21,15,3,2,3,2,15.9,7.5,-1,-2,-2,-4,43.8,29.5,2,0,10,0,30.3,19.7,0,-2,0,-10,1.2,1.4,-1,-1,-2,-2,1.0,,1,1,-1,-1,-3,-3,5,0,1,0,1,0,4,0,9,13,0,0,0,0,2,-5,-3,*2-6/- (19-15),AA,15,3,2,6,6,D,D,0,0,0,0,1,6,-18,-4,,418.0,305.0,306.0,320.0,304.0,,,ss-3e20 2b-3e5 3b-3e6 lf-3(+1)e4 1b-4e18,,4.0,3.0,3.0,3.0,3.0,,,,18.0,5.0,6.0,20.0,4.0,,,,0.0,0.0,1.0,0.0,0.0,,,,0.0,3.0,2.0,2.0,2.0,,,,0.0,3.0,3.0,2.0,2.0,,,,-4.0,-1.0,-1.0,-2.0,-2.0,,,,1.0,4,1,,,,,,,0.3,0.2,0.2,0.2,0.3,,,,0.3240740741,0.03240740741,0.07407407407,0.1018518519,0.069,,,,0.4731481481,0.7740740741,0.7407407407,0.7185185185,0.6517,,,,-8.0,-1.0,-4.0,-4.0,-5.0,,,FA
13226,Nasim Nunez,1.56,S,,,61,12,1p30,13,25,1,0,1,0,21,29,3,3,3,3,26.4,12.4,1,-2,2,-4,47.4,41.4,2,2,10,10,28.4,12.4,0,-2,0,-10,0.0,0.0,-2,-3,-4,-6,,,-3,-3,-3,-3,-9,-9,5,5,1,1,1,1,-7,-6,9,7,0,1,0,1,3,-3,0,*2-6/- (19-15),A,17,2,3,4,9,B,C,1,0,1,0,1,4,-14,-4,,,471.0,,327.0,,,,ss-3e27 2b-4e71,,,4.0,,3.0,,,,,,71.0,,27.0,,,,,,-2.0,,0.0,,,,,,-2.0,,-2.0,,,,,,-4.0,,-2.0,,,,,,-8.0,,-6.0,,,,,3.1,4,-2,,,,,,,,0.3,,0.2,,,,,,0.4259259259,,0.1388888889,,,,,,0.4018518519,,0.6888888889,,,,,,-8.0,,-4.0,,,,FA
12948,Jeimer Candelario,0.0,S,,,427,27,3p50,28,30,0,-1,0,-1,12,0,1,-2,1,-2,14.0,16.0,-1,-1,-2,-2,29.0,19.0,0,-2,0,-10,23.3,36.2,-1,0,-5,0,1.0,4.5,-2,2,-4,4,0.0,5.0,0,5,-2,2,-6,6,5,5,1,1,1,1,-5,-4,10,13,0,0,0,0,-4,-1,-5,3-6/11 (13-7),D,12,0,0,0,0,D,B,0,1,0,2,3,-15,-4,-5,,312.0,,428.0,,,,,3b-4e28 1b-3e12,,3.0,,4.0,,,,,,12.0,,28.0,,,,,,1.0,,0.0,,,,,,1.0,,-2.0,,,,,,2.0,,-2.0,,,,,,-3.0,,-7.0,,,,,,,1,0,,,,,,,0.2,,0.3,,,,,,0.2175925926,,0.337962963,,,,,,0.6259259259,,0.4634259259,,,,,,-6.0,,-8.0,,,,,FA
12607,Brendan Rodgers,0.59,R,,,501,31,1p60,20,30,0,-1,0,-1,7,3,-1,-2,-1,-2,32.6,23.0,2,1,4,2,41.6,28.0,1,-1,5,-5,41.7,33.6,1,0,5,0,1.4,1.0,-1,-2,-2,-4,2.0,1.0,2,1,0,-1,0,-3,5,5,1,1,1,1,-9,-9,18,20,-1,-2,-2,-4,2,-7,-5,2/- (20-6),E,12,0,0,0,0,D,D,0,0,0,0,1,10,-16,-5,,,310.0,,,,,,2b-3e10,,,3.0,,,,,,,,10.0,,,,,,,,0.0,,,,,,,,3.0,,,,,,,,3.0,,,,,,,,-2.0,,,,,,,1.0,4,1,,,,,,,,0.2,,,,,,,,0.06018518519,,,,,,,,0.7518518519,,,,,,,,-1.0,,,,,,FA
13181,Max Kepler,0.73,L,,,368,22,4p50,24,18,0,1,0,1,0,4,-3,-2,-3,-2,27.8,22.5,1,1,2,2,30.8,29.5,0,0,0,0,41.8,30.4,1,0,5,0,1.8,0.8,-1,-2,-2,-4,2.0,0.0,2,0,0,-2,0,-6,5,5,1,1,1,1,-3,-3,4,3,1,2,1,2,0,-1,-1,2/- (20-6),E,12,0,0,0,0,D,C,0,0,0,0,4,4,-6,-5,,,,,,,,200.0,rf-2(-2)e0,,,,,,,,2.0,,,,,,,,0.0,,,,,,,,3.0,,,,,,,,4.0,,,,,,,,7.0,,,,,,,,2.0,,1.0,-1,0,,,,,,,,,,,,,0.15,,,,,,,,0.0,,,,,,,,0.85,,,,,,,,0.0,FA
12783,Edward Olivares,0.0,R,,,174,16,1p30,30,6,0,2,0,2,11,9,1,0,1,0,11.3,18.4,-1,0,-2,0,24.3,29.4,-1,0,-5,0,24.8,25.0,-1,-1,-5,-5,3.8,2.2,2,0,4,0,7.0,,7,-3,3,-3,9,-9,5,5,1,1,1,1,-3,-3,11,11,0,0,0,0,4,-1,3,2/- (20-6),E,13,0,1,0,3,D,C,0,0,0,0,1,3,-11,-5,,,,,,404.0,,404.0,rf-4(+1)e4 lf-4e4,,,,,,4.0,,4.0,,,,,,4.0,,4.0,,,,,,-1.0,,-1.0,,,,,,2.0,,2.0,,,,,,1.0,,1.0,,,,,,-4.0,,-4.0,,-2.0,4,-2,,,,,,,,,,,0.55,,0.55,,,,,,0.069,,0.069,,,,,,0.41895,,0.41895,,,,,,-6.0,,-6.0,FA
13156,Mark Canha,0.38,R,,,393,51,1p60,21,20,0,0,0,0,18,14,3,2,3,2,21.2,15.9,0,-1,0,-2,46.2,37.0,2,1,10,5,37.5,19.8,0,-2,0,-10,3.0,0.3,1,-2,2,-4,,0.0,-3,0,-3,-2,-9,-6,5,5,1,1,1,1,1,1,14,15,0,-1,0,-2,4,-4,0,3/- (20-6),C,13,0,1,0,3,D,C,0,0,0,0,1,7,-16,-5,,411.0,,537.0,,405.0,,405.0,1b-4e11 lf-4(+1)e5 rf-4e5 3b-5e37,,4.0,,5.0,,4.0,,4.0,,11.0,,37.0,,5.0,,5.0,,0.0,,-2.0,,-1.0,,-1.0,,1.0,,-2.0,,2.0,,2.0,,1.0,,-4.0,,1.0,,1.0,,-4.0,,-9.0,,-4.0,,-4.0,,2.0,4,1,,,,,,,0.3,,0.4,,0.55,,0.55,,0.1990740741,,0.4444444444,,0.088,,0.088,,0.5606481481,,0.3333333333,,0.4104,,0.4104,,-6.0,,-8.0,,-10.0,,-10.0,FA
12729,Danny Jansen,0.63,R,,,278,40,3p50,15,16,1,1,1,1,30,14,3,2,3,2,14.6,8.8,-1,-2,-2,-4,46.7,24.8,2,-1,10,-5,17.6,20.8,-1,-1,-5,-5,1.0,2.2,-2,0,-4,0,0.0,3.0,0,3,-2,0,-6,0,5,5,1,1,1,1,-6,0,5,8,1,1,1,1,2,1,3,-/- (---),E,11,0,0,0,0,D,C,0,0,0,0,3,-1,-9,-6,204.0,,,,,,,,"c-2(+2)e4,T-8(pb-1)",2.0,,,,,,,,4.0,,,,,,,,2.0,,,,,,,,3.0,,,,,,,,5.0,,,,,,,,1.0,,,,,,,,2.0,-1.0,1,0,c-2,"+2)e4,T-8",pb-1),,2.0,0.1,,,,,,,,0.047,,,,,,,,0.8577,,,,,,,,2.0,,,,,,,,DEN
13416,TJ Friedl,0.26,L,,,297,26,5p40,21,6,0,2,0,2,14,5,2,-1,2,-1,10.8,14.0,-1,-1,-2,-2,32.8,27.0,0,-1,0,-5,17.5,24.9,-1,-1,-5,-5,2.3,3.5,0,1,0,2,1.0,3.0,1,3,-1,0,-3,0,5,5,1,1,1,1,7,8,0,0,3,3,3,3,3,3,6,*7/- (19-11),B,15,1,2,2,6,C,C,0,0,0,0,5,-4,-5,-6,,,,,,,206.0,,cf-2(0)e6,,,,,,,2.0,,,,,,,,6.0,,,,,,,,2.0,,,,,,,,3.0,,,,,,,,5.0,,,,,,,,-1.0,,,-2.0,-2,-1,,,,,,,,,,,,0.15,,,,,,,,0.06944444444,,,,,,,,0.7909722222,,,,,,,,1.0,,FA
13098,Kyle Manzardo,0.0,L,,,145,9,1p30,27,33,0,-1,0,-1,3,3,-2,-2,-2,-2,16.8,18.8,0,0,0,0,21.8,23.8,-1,-1,-5,-5,22.8,38.6,-1,1,-5,5,0.0,2.5,-2,0,-4,0,,4.0,-3,4,-3,1,-9,3,5,5,1,1,1,1,-7,-2,16,15,-1,-1,-2,-2,-9,-2,-11,-/- (---),E,9,0,-1,0,-3,D,D,0,0,0,0,1,-26,-1,-6,,403.0,,,,,,,1b-4e3,,4.0,,,,,,,,3.0,,,,,,,,0.0,,,,,,,,4.0,,,,,,,,4.0,,,,,,,,-2.0,,,,,,,,,4,-2,,,,,,,0.3,,,,,,,,0.05555555556,,,,,,,,0.6611111111,,,,,,,,-4.0,,,,,,,FA
12604,Brayan Rocchio,0.75,S,,,383,44,1p65,30,17,0,1,0,1,12,12,1,1,1,1,10.4,13.6,-1,-1,-2,-2,26.4,29.6,-1,0,-5,0,22.4,25.2,-1,-1,-5,-5,2.2,2.8,0,0,0,0,,,4,-3,2,-3,6,-9,0,5,0,1,0,1,0,-3,19,19,-1,-1,-2,-2,-1,-3,-4,"*2-6,9/- (15-12)",B,13,1,1,2,3,B,C,1,0,1,0,1,-7,-15,-6,,,,,216.0,,,,ss-2e16,,,,,2.0,,,,,,,,16.0,,,,,,,,3.0,,,,,,,,2.0,,,,,,,,5.0,,,,,,,,-1.0,,,,,,4,2,,,,,,,,,,0.1,,,,,,,,0.08333333333,,,,,,,,0.825,,,,,,,,1.0,,,,MYT
12727,Daniel Schneemann,0.55,L,,,193,25,1p40,52,44,-2,-2,-2,-2,5,17,-1,2,-1,2,10.6,14.5,-1,-1,-2,-2,15.6,31.6,-2,0,-10,0,23.7,24.4,-1,-1,-5,-5,2.0,0.8,0,-2,0,-4,4.0,1.0,4,1,2,-1,6,-3,5,5,1,1,1,1,-1,-1,0,0,3,3,3,3,-1,-1,-2,"*3-5,11/12 (15-9)",C,13,0,1,0,3,D,C,0,0,0,0,1,-10,-10,-6,,,408.0,314.0,442.0,403.0,403.0,403.0,ss-4e42 cf-4(0)e3 3b-3e14 rf-4e3 2b-4e8 lf-4e3,,,4.0,3.0,4.0,4.0,4.0,4.0,,,8.0,14.0,42.0,3.0,3.0,3.0,,,-2.0,1.0,-2.0,-1.0,-2.0,-1.0,,,3.0,1.0,-2.0,4.0,4.0,4.0,,,1.0,2.0,-4.0,3.0,2.0,3.0,,,-5.0,-4.0,-10.0,-3.0,-4.0,-3.0,,0.0,4,-1,,,,,,,,0.3,0.2,0.3,0.55,0.55,0.55,,,0.0462962963,0.1666666667,0.212962963,0.056,0.03703703704,0.056,,,0.6675925926,0.6666666667,0.5509259259,0.4248,0.4333333333,0.4248,,,-4.0,-4.0,-6.0,-8.0,-8.0,-8.0,FA
13205,Mickey Moniak,0.0,L,,,392,21,1p60,48,33,-2,-1,-2,-1,0,2,-3,-2,-3,-2,10.2,17.7,-1,0,-2,0,12.2,21.7,-2,-2,-10,-10,16.9,29.9,-1,0,-5,0,2.3,2.3,0,0,0,0,3.0,3.0,3,3,1,0,3,0,5,5,1,1,1,1,-5,-5,4,3,1,2,1,2,-6,-2,-8,"*2-6,11,12/- (15-12)",B,14,1,1,2,3,D,D,0,0,0,0,1,-17,-10,-6,,,,,,306.0,306.0,306.0,cf-3(0)e6 rf-3e6 lf-3e6,,,,,,3.0,3.0,3.0,,,,,,6.0,6.0,6.0,,,,,,0.0,0.0,0.0,,,,,,2.0,3.0,2.0,,,,,,2.0,3.0,2.0,,,,,,-4.0,-3.0,-4.0,,-2.0,4,1,,,,,,,,,,,0.3,0.3,0.3,,,,,,0.106,0.06944444444,0.106,,,,,,0.6258,0.6513888889,0.6258,,,,,,-4.0,-2.0,-4.0,WV
12836,Gavin Lux,0.75,L,,,439,44,1p65,48,22,-2,0,-2,0,5,10,-1,0,-1,0,4.0,23.5,-2,1,-4,2,9.9,34.5,-2,0,-10,0,4.0,33.2,-2,0,-10,0,0.0,1.0,-2,-2,-4,-4,,1.0,-3,1,-3,-1,-9,-3,5,5,1,1,1,1,1,1,13,12,0,0,0,0,-13,-1,-14,7/- (14-6),C,14,0,1,0,3,D,C,0,0,0,0,1,-39,-4,-6,,,312.0,,442.0,,,,2b-3e12 ss-4e42,,,3.0,,4.0,,,,,,12.0,,42.0,,,,,,0.0,,-2.0,,,,,,2.0,,-2.0,,,,,,2.0,,-4.0,,,,,,-4.0,,-10.0,,,,,,4,2,,,,,,,,0.2,,0.3,,,,,,0.06944444444,,0.212962963,,,,,,0.7444444444,,0.5509259259,,,,,,-4.0,,-6.0,,,,CYPMiL
12906,Jake Bauers,0.0,L,,,302,39,1p60,38,50,-1,-2,-1,-2,0,16,-3,2,-3,2,10.3,10.1,-1,-2,-2,-4,13.3,29.1,-2,0,-10,0,18.5,19.0,-1,-2,-5,-10,2.2,2.4,0,0,0,0,2.0,3.0,2,3,0,0,0,0,5,5,1,1,1,1,-4,-4,0,0,3,3,3,3,-4,0,-4,"*4,5/- (19-13)",B,12,1,0,2,0,D,D,0,0,0,0,1,-17,-10,-6,,213.0,,,,411.0,,411.0,1b-2e13 lf-4(+1)e11 rf-4e11,,2.0,,,,4.0,,4.0,,13.0,,,,11.0,,11.0,,3.0,,,,-1.0,,-1.0,,1.0,,,,0.0,,0.0,,4.0,,,,-1.0,,-1.0,,-2.0,,,,-7.0,,-7.0,,1.0,4,1,,,,,,,0.1,,,,0.55,,0.55,,0.2361111111,,,,0.194,,0.194,,0.6875,,,,0.3627,,0.3627,,-4.0,,,,-9.0,,-9.0,POR
12985,Jon Berti,1.41,R,,,66,6,6p20,11,21,1,0,1,0,15,5,2,-1,2,-1,26.1,27.6,1,2,2,4,44.2,35.5,2,1,10,5,26.1,31.9,-1,0,-5,0,0.0,1.5,-2,-1,-4,-2,,1.0,-3,1,-3,-1,-9,-3,5,5,1,1,1,1,-7,-8,18,18,-1,-1,-2,-2,0,0,0,"*2-5,12/- (19-13)",B,16,1,2,2,6,D,C,0,0,0,0,6,-4,2,-6,,,322.0,328.0,,405.0,,,3b-3e28 2b-3e22 lf-4(+2)e5,,,3.0,3.0,,4.0,,,,,22.0,28.0,,5.0,,,,,0.0,1.0,,-1.0,,,,,0.0,-2.0,,2.0,,,,,0.0,-1.0,,1.0,,,,,-6.0,-7.0,,-5.0,,,,1.0,-4,-4,,,,,,,,0.2,0.2,,0.55,,,,,0.1342592593,0.337962963,,0.088,,,,,0.6925925926,0.5296296296,,0.4104,,,,,-4.0,-8.0,,-9.0,,,FA
12930,Jared Triolo,0.51,R,,,394,42,1p60,33,32,-1,-1,-1,-1,18,11,3,1,3,1,10.9,14.6,-1,-1,-2,-2,32.0,28.6,0,0,0,0,15.8,19.8,-1,-2,-5,-10,1.6,1.6,-1,-1,-2,-2,,2.0,-3,2,-3,0,-9,0,5,5,1,1,1,1,-2,-3,6,6,1,1,1,1,-2,-2,-4,*4/- (19-6),B,14,1,1,2,3,D,D,0,0,0,0,1,-14,-12,-6,,310.0,204.0,205.0,319.0,,,416.0,3b-2e5 2b-2e4 ss-3e19 1b-3e10 rf-4(+1)e16,,3.0,2.0,2.0,3.0,,,4.0,,10.0,4.0,5.0,19.0,,,16.0,,1.0,2.0,3.0,0.0,,,-1.0,,2.0,4.0,2.0,2.0,,,-2.0,,3.0,6.0,5.0,2.0,,,-3.0,,-3.0,0.0,-1.0,-4.0,,,-9.0,,,4,1,,,,,,,0.2,0.1,0.1,0.2,,,0.55,,0.1805555556,0.02314814815,0.06018518519,0.09722222222,,,0.287,,0.6555555556,0.8791666667,0.8458333333,0.7222222222,,,0.32085,,-4.0,4.0,1.0,-4.0,,,-8.0,FA
13283,Pedro Pages,0.64,R,,,202,13,2p30,32,34,-1,-1,-1,-1,0,8,-3,0,-3,0,24.9,15.3,1,-1,2,-2,24.9,23.3,-1,-1,-5,-5,37.6,29.0,0,0,0,0,2.8,3.8,1,2,2,4,,6.0,-3,6,-3,2,-9,6,5,5,1,1,1,1,0,0,25,27,-2,-2,-4,-4,-7,0,-7,3/- (20-6),D,9,0,-1,0,-3,D,D,0,0,0,0,2,-17,-1,-6,302.0,525.0,,,,,,,"c-3(0)e2,T-4(pb-1) 1b-5e25",3.0,5.0,,,,,,,2.0,25.0,,,,,,,0.0,-2.0,,,,,,,4.0,-2.0,,,,,,,4.0,-4.0,,,,,,,-2.0,-10.0,,,,,,,0.0,0.0,2,-2,c-3,"0)e2,T-4",pb-1) 1b-5e25,,0.0,0.2,0.4,,,,,,,0.024,0.4490740741,,,,,,,0.7808,0.3305555556,,,,,,,-1.0,-8.0,,,,,,,FA
13219,Mitch Haniger,0.0,R,,,380,40,1p60,45,36,-2,-1,-2,-1,6,16,-1,2,-1,2,9.1,14.9,-2,-1,-4,-2,16.1,31.9,-2,0,-10,0,12.1,25.1,-2,-1,-10,-5,1.0,2.3,-2,0,-4,0,0.0,4.0,0,4,-2,1,-6,3,5,5,1,1,1,1,-2,-2,19,14,-1,0,-2,0,-13,1,-12,-/- (---),E,10,0,0,0,0,D,D,0,0,0,0,1,-38,-2,-6,,,,,,,,410.0,rf-4(-1)e10,,,,,,,,4.0,,,,,,,,10.0,,,,,,,,-1.0,,,,,,,,0.0,,,,,,,,-1.0,,,,,,,,-7.0,,,4,1,,,,,,,,,,,,,0.55,,,,,,,,0.181,,,,,,,,0.36855,,,,,,,,-8.0,FA
13025,Jose Siri,0.7,R,,,402,31,1p60,52,59,-2,-3,-2,-3,11,6,1,-1,1,-1,9.4,7.3,-1,-2,-2,-4,24.5,17.3,-1,-2,-5,-10,23.9,18.7,-1,-2,-5,-10,3.4,3.0,1,1,2,2,6.0,5.0,6,5,3,2,9,6,5,5,1,1,1,1,0,0,6,7,1,1,1,1,2,-5,-3,"*2-9,11/- (15-13)",B,17,1,3,2,9,D,C,0,0,0,0,1,0,-18,-6,,525.0,,,,,110.0,,cf-1(-2)e10 1b-5e25,,5.0,,,,,1.0,,,25.0,,,,,10.0,,,-2.0,,,,,4.0,,,-2.0,,,,,2.0,,,-4.0,,,,,6.0,,,-10.0,,,,,0.0,,,2.0,4,1,,,,,,,0.4,,,,,0.0,,,0.4490740741,,,,,0.1203703704,,,0.3305555556,,,,,0.8796296296,,,-8.0,,,,,2.0,,FA
12687,Christopher Morel,0.0,R,,,535,61,1p70,31,32,0,-1,0,-1,11,13,1,1,1,1,4.4,11.4,-2,-2,-4,-4,19.4,28.4,-1,-1,-5,-5,13.6,21.1,-2,-1,-10,-5,2.4,2.8,0,0,0,0,,4.0,3,4,1,1,3,3,0,5,0,1,0,1,0,-6,18,15,-1,-1,-2,-2,-4,-3,-7,"*2-6,9/10,12 (15-8)",C,14,0,1,0,3,D,D,0,0,0,0,1,-17,-12,-6,,,423.0,522.0,,417.0,,,3b-5e22 2b-4e23 lf-4(-1)e17,,,4.0,5.0,,4.0,,,,,23.0,22.0,,17.0,,,,,-2.0,-2.0,,-1.0,,,,,0.0,-2.0,,-4.0,,,,,-2.0,-4.0,,-5.0,,,,,-8.0,-10.0,,-11.0,,,,1.0,4,3,,,,,,,,0.3,0.4,,0.55,,,,,0.1388888889,0.2638888889,,0.306,,,,,0.6027777778,0.4416666667,,0.3123,,,,,-6.0,-8.0,,-9.0,,,FA
12747,Davis Schneider,0.0,R,,,397,47,1p60,53,39,-2,-2,-2,-2,10,16,1,2,1,2,4.7,10.5,-2,-2,-4,-4,17.6,29.5,-2,0,-10,0,10.6,22.3,-2,-1,-10,-5,1.0,2.2,-2,0,-4,0,1.0,3.0,1,3,-1,0,-3,0,5,5,1,1,1,1,0,0,0,0,3,3,3,3,-6,1,-5,3/- (20-6),C,12,0,0,0,0,D,D,0,0,0,0,1,-28,-5,-6,,,304.0,,,304.0,,,lf-3(0)e4 2b-3e4,,,3.0,,,3.0,,,,,4.0,,,4.0,,,,,0.0,,,0.0,,,,,4.0,,,2.0,,,,,4.0,,,2.0,,,,,-2.0,,,-4.0,,,,,4,1,,,,,,,,0.2,,,0.3,,,,,0.02314814815,,,0.069,,,,,0.7814814815,,,0.6517,,,,,-1.0,,,-4.0,,,NSHMiL
13264,Orlando Arcia,0.14,R,,,551,41,1p70,30,19,0,1,0,1,12,5,1,-1,1,-1,12.7,16.5,-1,-1,-2,-2,25.6,22.5,-1,-1,-5,-5,27.0,26.5,0,-1,0,-5,1.6,2.8,-1,0,-2,0,,4.0,-3,4,-3,1,-9,3,5,5,1,1,1,1,0,-10,21,22,-2,-2,-4,-4,-6,-3,-9,2/- (20-6),E,11,0,0,0,0,D,C,0,0,0,0,1,-20,-12,-7,,,,,212.0,,,,ss-2e12,,,,,2.0,,,,,,,,12.0,,,,,,,,3.0,,,,,,,,2.0,,,,,,,,5.0,,,,,,,,-2.0,,,,,,4,3,,,,,,,,,,0.1,,,,,,,,0.05555555556,,,,,,,,0.85,,,,,,,,1.0,,,,FA
13478,Whit Merrifield,0.26,R,,,293,35,1p50,3,13,2,1,2,1,14,15,2,2,2,2,19.2,13.9,0,-1,0,-2,35.2,30.8,1,0,5,0,22.8,23.1,-1,-1,-5,-5,1.2,1.0,-1,-2,-2,-4,2.0,,2,-3,0,-3,0,-9,5,5,1,1,1,1,-11,-7,16,17,-1,-1,-2,-2,3,-4,-1,*2-5/- (19-13),A,15,2,2,4,6,B,C,1,0,1,0,1,1,-18,-7,,,313.0,317.0,,402.0,,,2b-3e13 lf-4(0)e2 3b-3e17,,,3.0,3.0,,4.0,,,,,13.0,17.0,,2.0,,,,,0.0,1.0,,-1.0,,,,,2.0,0.0,,4.0,,,,,2.0,1.0,,3.0,,,,,-5.0,-6.0,,-4.0,,,,1.0,4,0,,,,,,,,0.2,0.2,,0.55,,,,,0.0787037037,0.2037037037,,0.037,,,,,0.737037037,0.637037037,,0.43335,,,,,-4.0,-6.0,,-9.0,,,FA
13136,Luis Robert,0.96,R,,,393,28,4p50,43,48,-1,-2,-1,-2,14,3,2,-2,2,-2,18.5,16.5,0,-1,0,-2,33.5,20.5,0,-2,0,-10,27.3,31.4,0,0,0,0,2.0,3.3,0,1,0,2,,5.0,-3,5,-3,2,-9,6,5,5,1,1,1,1,-11,-6,11,15,0,-1,0,-2,-1,-4,-5,*3-6/- (19-14),A,15,2,2,4,6,D,D,0,0,0,0,4,-7,-9,-7,,,,,,,203.0,,cf-2(-1)e3,,,,,,,2.0,,,,,,,,3.0,,,,,,,,2.0,,,,,,,,4.0,,,,,,,,6.0,,,,,,,,-1.0,,,-2.0,-1,0,,,,,,,,,,,,0.15,,,,,,,,0.03703703704,,,,,,,,0.8185185185,,,,,,,,3.0,,FA
12837,Gavin Sheets,0.0,L,,,451,43,1p65,29,19,0,1,0,1,4,10,-2,0,-2,0,13.9,19.5,-1,0,-2,0,20.0,31.5,-1,0,-5,0,21.8,28.1,-1,-1,-5,-5,1.3,0.8,-1,-2,-2,-4,2.0,0.0,2,0,0,-2,0,-6,5,5,1,1,1,1,1,1,8,8,1,1,1,1,-4,-2,-6,6/11 (13-5),E,10,0,0,0,0,D,D,0,0,0,0,1,-14,-12,-7,,404.0,,,,,,504.0,rf-5(0)e4 1b-4e4,,4.0,,,,,,5.0,,4.0,,,,,,4.0,,0.0,,,,,,-3.0,,4.0,,,,,,2.0,,4.0,,,,,,-1.0,,-3.0,,,,,,-8.0,,,4,2,,,,,,,0.3,,,,,,0.75,,0.07407407407,,,,,,0.069,,0.6481481481,,,,,,0.23275,,-6.0,,,,,,-8.0,FA
12917,Jake Meyers,0.96,R,,,461,35,1p70,24,25,0,0,0,0,9,6,0,-1,0,-1,19.3,13.3,0,-1,0,-2,33.3,24.3,0,-1,0,-5,32.4,20.6,0,-1,0,-5,1.4,1.2,-1,-2,-2,-4,2.0,2.0,2,2,0,0,0,0,5,5,1,1,1,1,-2,-3,23,23,-2,-2,-4,-4,-2,-7,-9,"*4,5/- (18-11)",B,15,1,2,2,6,B,D,1,0,1,0,1,-5,-20,-7,,,,,,,101.0,,cf-1(-2)e1,,,,,,,1.0,,,,,,,,1.0,,,,,,,,4.0,,,,,,,,4.0,,,,,,,,8.0,,,,,,,,1.0,,,-3.0,4,3,,,,,,,,,,,,0.0,,,,,,,,0.01388888889,,,,,,,,0.9861111111,,,,,,,,11.0,,CHCMiL
12720,Dairon Blanco,0.22,R,,,120,8,1p40,19,38,1,-1,1,-1,7,3,-1,-2,-1,-2,27.6,17.6,1,0,2,0,36.7,22.6,1,-1,5,-5,45.4,19.0,1,-2,5,-10,3.6,0.4,2,-2,4,-4,6.0,0.0,6,0,3,-2,9,-6,5,5,1,1,1,1,-10,-10,13,14,0,0,0,0,9,-9,0,*2-12/- (19-16),AA,17,3,3,6,9,A,D,2,0,2,0,1,26,-27,-7,,,,,,313.0,313.0,313.0,lf-3(-1)e13 cf-3e13 rf-3e13,,,,,,3.0,3.0,3.0,,,,,,13.0,13.0,13.0,,,,,,0.0,0.0,0.0,,,,,,-2.0,0.0,-2.0,,,,,,-2.0,0.0,-2.0,,,,,,-9.0,-7.0,-9.0,,1.0,4,-1,,,,,,,,,,,0.3,0.3,0.3,,,,,,0.236,0.1574074074,0.236,,,,,,0.5348,0.5898148148,0.5348,,,,,,-9.0,-7.0,-9.0,DAL
12962,Jo Adell,0.58,R,,,405,35,3p60,18,40,1,-2,1,-2,4,10,-2,0,-2,0,16.9,8.4,0,-2,0,-4,24.9,22.4,-1,-1,-5,-5,50.5,16.9,2,-2,10,-10,8.6,2.2,3,0,6,0,8.0,4.0,8,4,3,1,9,3,5,5,1,1,1,1,5,5,17,16,-1,-1,-2,-2,6,-6,0,"*2-9,11/10 (15-11)",B,14,1,1,2,3,D,D,0,0,0,0,3,18,-19,-7,,,,,,,406.0,206.0,rf-2(-1)e6 cf-4e6,,,,,,,4.0,2.0,,,,,,,6.0,6.0,,,,,,,-2.0,3.0,,,,,,,3.0,2.0,,,,,,,1.0,5.0,,,,,,,-6.0,-2.0,,-1.0,1,1,,,,,,,,,,,,0.55,0.15,,,,,,,0.06944444444,0.106,,,,,,,0.41875,0.7599,,,,,,,-7.0,0.0,FA
13454,Tyler Nevin,0.0,R,,,245,25,1p40,21,28,0,0,0,0,12,11,1,1,1,1,9.6,14.1,-1,-1,-2,-2,25.5,29.1,-1,0,-5,0,24.2,23.1,-1,-1,-5,-5,3.2,2.8,1,0,2,0,7.0,,7,-3,3,-3,9,-9,5,5,1,1,1,1,0,-8,13,14,0,0,0,0,3,-3,0,2/- (20-6),E,10,0,0,0,0,D,D,0,0,0,0,1,1,-14,-7,,414.0,,419.0,,410.0,,410.0,1b-4e14 3b-4e19 rf-4(+2)e10 lf-4e10,,4.0,,4.0,,4.0,,4.0,,14.0,,19.0,,10.0,,10.0,,0.0,,0.0,,-1.0,,-1.0,,1.0,,0.0,,0.0,,0.0,,1.0,,0.0,,-1.0,,-1.0,,-6.0,,-7.0,,-8.0,,-8.0,,1.0,4,-1,,,,,,,0.3,,0.3,,0.55,,0.55,,0.25,,0.2268518519,,0.181,,0.181,,0.525,,0.5412037037,,0.36855,,0.36855,,-8.0,,-8.0,,-9.0,,-9.0,FA
12563,Austin Hays,0.0,R,,,235,9,4p40,34,21,-1,0,-1,0,0,0,-3,-2,-3,-2,32.2,20.4,2,0,4,0,39.2,27.4,1,-1,5,-5,49.6,30.6,2,0,10,0,0.0,1.4,-2,-1,-4,-2,0.0,1.0,0,1,-2,-1,-6,-3,5,5,1,1,1,1,-12,-10,4,4,1,1,1,1,-1,-3,-4,4-6/10 (13-6),D,13,0,1,0,3,D,C,0,0,0,0,4,7,-10,-7,,,,,,303.0,,303.0,lf-3(-1)e3 rf-3e3,,,,,,3.0,,3.0,,,,,,3.0,,3.0,,,,,,0.0,,0.0,,,,,,4.0,,4.0,,,,,,4.0,,4.0,,,,,,-3.0,,-3.0,,,-1,-1,,,,,,,,,,,0.3,,0.3,,,,,,0.056,,0.056,,,,,,0.6608,,0.6608,,,,,,-4.0,,-4.0,MDW
13038,Josh Rojas,0.8,L,,,422,46,1p65,48,21,-2,0,-2,0,11,11,1,1,1,1,1.3,20.7,-2,0,-4,0,14.3,33.7,-2,0,-10,0,1.3,28.8,-2,0,-10,0,0.0,0.8,-2,-2,-4,-4,,0.0,-3,0,-3,-2,-9,-6,0,5,0,1,0,1,0,-3,8,8,1,1,1,1,-11,-1,-12,"*5,6/- (16-11)",B,13,1,1,2,3,D,D,0,0,0,0,1,-37,-7,-7,,425.0,311.0,215.0,,408.0,,,3b-2e15 2b-3e11 lf-4(+1)e8 1b-4e25,,4.0,3.0,2.0,,4.0,,,,25.0,11.0,15.0,,8.0,,,,0.0,0.0,3.0,,-1.0,,,,-2.0,2.0,1.0,,0.0,,,,-2.0,2.0,4.0,,-1.0,,,,-9.0,-5.0,-3.0,,-8.0,,,,,4,2,,,,,,,0.3,0.2,0.1,,0.55,,,,0.4490740741,0.06481481481,0.1805555556,,0.144,,,,0.3856481481,0.7481481481,0.7375,,0.3852,,,,-8.0,-4.0,-4.0,,-8.0,,,FA
12828,Gabriel Moreno,2.15,R,,,305,41,5p50,0,12,3,1,3,1,11,20,1,3,1,3,29.0,16.6,1,-1,2,-2,41.0,37.6,1,1,5,5,45.3,22.5,1,-1,5,-5,1.8,0.5,-1,-2,-2,-4,,0.0,-3,0,-3,-2,-9,-6,5,5,1,1,1,1,10,9,22,19,-2,-1,-4,-2,2,-1,1,4/- (15-6),D,11,0,0,0,0,D,C,0,0,0,0,5,2,-9,-8,101.0,,,,,,,,"c-1(-4)e1,T-4(pb-1)",1.0,,,,,,,,1.0,,,,,,,,4.0,,,,,,,,4.0,,,,,,,,8.0,,,,,,,,-4.0,,,,,,,,-4.0,-1.0,-2,0,c-1,"-4)e1,T-4",pb-1),,-4.0,0.0,,,,,,,,0.014,,,,,,,,0.986,,,,,,,,12.0,,,,,,,,CHC
13113,Lenyn Sosa,0.0,R,,,351,12,1p50,18,21,1,0,1,0,0,0,-3,-2,-3,-2,32.5,21.5,2,0,4,0,34.5,23.5,0,-1,0,-5,44.8,23.4,1,-1,5,-5,2.4,0.3,0,-2,0,-4,3.0,0.0,3,0,1,-2,3,-6,5,5,1,1,1,1,-6,-6,10,9,0,1,0,1,3,-6,-3,5/- (15-6),D,12,0,0,0,0,D,D,0,0,0,0,1,11,-20,-8,,525.0,408.0,413.0,,,,,3b-4e13 2b-4e8 1b-5e25,,5.0,4.0,4.0,,,,,,25.0,8.0,13.0,,,,,,-2.0,-2.0,0.0,,,,,,-2.0,3.0,1.0,,,,,,-4.0,1.0,1.0,,,,,,-12.0,-7.0,-7.0,,,,,,,4,0,,,,,,,0.4,0.3,0.3,,,,,,0.4490740741,0.0462962963,0.1574074074,,,,,,0.3305555556,0.6675925926,0.5898148148,,,,,,-8.0,-4.0,-6.0,,,,,FA
12909,Jake Cave,0.0,L,,,323,18,1p60,55,34,-2,-1,-2,-1,0,2,-3,-2,-3,-2,0.0,27.0,-2,1,-4,2,1.0,30.0,-3,0,-15,0,0.0,43.0,-2,1,-10,5,0.0,1.3,-2,-1,-4,-2,,1.0,-3,1,-3,-1,-9,-3,0,5,0,1,0,1,0,-5,16,15,-1,-1,-2,-2,-18,-3,-21,"*4,5/- (16-6)",C,13,0,1,0,3,D,C,0,0,0,0,1,-49,-2,-8,,,,,,302.0,402.0,302.0,rf-3(-1)e2 lf-3e2 cf-4e2,,,,,,3.0,4.0,3.0,,,,,,2.0,2.0,2.0,,,,,,0.0,-2.0,0.0,,,,,,4.0,4.0,4.0,,,,,,4.0,2.0,4.0,,,,,,-4.0,-6.0,-4.0,,,4,1,,,,,,,,,,,0.3,0.55,0.3,,,,,,0.037,0.02314814815,0.037,,,,,,0.6741,0.4395833333,0.6741,,,,,,-4.0,-8.0,-4.0,DAL
12583,Bligh Madris,0.46,L,,,67,6,1p20,0,36,3,-1,3,-1,0,8,-3,0,-3,0,0.0,26.5,-2,1,-4,2,0.0,34.5,-3,0,-15,0,0.0,39.0,-2,1,-10,5,0.0,3.0,-2,1,-4,2,,,-3,-3,-3,-3,-9,-9,0,5,0,1,0,1,0,4,0,0,3,3,3,3,-9,3,-6,-/- (---),E,12,0,0,0,0,D,D,0,0,0,0,1,-39,3,-8,,325.0,,,,,,425.0,1b-3e25 rf-4(+2)e25,,3.0,,,,,,4.0,,25.0,,,,,,25.0,,1.0,,,,,,-1.0,,-2.0,,,,,,-4.0,,-1.0,,,,,,-5.0,,-9.0,,,,,,-13.0,,-2.0,4,-4,,,,,,,0.2,,,,,,0.55,,0.4490740741,,,,,,0.449,,0.4407407407,,,,,,0.24795,,-8.0,,,,,,-6.0,FA
13487,Willie Calhoun,0.0,L,,,229,23,1p30,0,4,3,2,3,2,7,10,-1,0,-1,0,11.6,23.3,-1,1,-2,2,19.5,34.3,-1,0,-5,0,11.6,35.7,-2,0,-10,0,0.0,0.8,-2,-2,-4,-4,,1.0,-3,1,-3,-1,-9,-3,5,5,1,1,1,1,-9,-9,16,15,-1,-1,-2,-2,-7,0,-7,2-5/- (3-1),E,10,0,0,0,0,D,B,0,1,0,2,1,-29,-4,-8,,516.0,,,,505.0,,,1b-5e16 lf-5(+2)e5,,5.0,,,,5.0,,,,16.0,,,,5.0,,,,-2.0,,,,-3.0,,,,0.0,,,,2.0,,,,-2.0,,,,-1.0,,,,-10.0,,,,-9.0,,,,,4,-2,,,,,,,0.4,,,,0.75,,,,0.287037037,,,,0.088,,,,0.4277777778,,,,0.228,,,,-8.0,,,,-8.0,,,FA
12799,Enrique Hernandez,0.96,R,,,362,27,1p60,17,19,1,1,1,1,3,9,-2,0,-2,0,19.1,18.8,0,0,0,0,22.1,27.8,-1,-1,-5,-5,30.5,28.2,0,-1,0,-5,3.2,1.6,1,-1,2,-2,4.0,1.0,4,1,2,-1,6,-3,5,5,1,1,1,1,-9,-9,27,25,-2,-2,-4,-4,0,-4,-4,-/- (---),E,12,0,0,0,0,D,C,0,0,0,0,1,-1,-17,-8,,413.0,456.0,419.0,424.0,301.0,301.0,,3b-4e19 1b-4e13 lf-3(0)e1 ss-4e24 2b-4e56 cf-3e1,,4.0,4.0,4.0,4.0,3.0,3.0,,,13.0,56.0,19.0,24.0,1.0,1.0,,,0.0,-2.0,0.0,-2.0,0.0,0.0,,,1.0,-2.0,0.0,0.0,4.0,4.0,,,1.0,-4.0,0.0,-2.0,4.0,4.0,,,-7.0,-12.0,-8.0,-10.0,-4.0,-4.0,,,1.0,4,1,,,,,,,0.3,0.3,0.3,0.3,0.3,0.3,,,0.2361111111,0.337962963,0.2268518519,0.125,0.019,0.01388888889,,,0.5347222222,0.4634259259,0.5412037037,0.6125,0.6867,0.6902777778,,,-8.0,-8.0,-8.0,-6.0,-5.0,-5.0,,FA
12937,Jasson Dominguez,0.0,S,,,56,11,6p20,32,39,-1,-2,-1,-2,38,20,3,3,3,3,0.0,10.7,-2,-2,-4,-4,38.0,30.7,1,0,5,0,0.0,20.5,-2,-1,-10,-5,0.0,3.3,-2,1,-4,2,,5.0,-3,5,-3,2,-9,6,0,5,0,1,0,1,0,-5,0,0,3,3,3,3,-3,5,2,*7/- (20-13),B,13,1,1,2,3,D,D,0,0,0,0,6,-17,4,-8,,,,,,410.0,410.0,,lf-4(0)e10 cf-4e10,,,,,,4.0,4.0,,,,,,,10.0,10.0,,,,,,,-1.0,-2.0,,,,,,,0.0,2.0,,,,,,,-1.0,0.0,,,,,,,-9.0,-8.0,,,,-4,-4,,,,,,,,,,,0.55,0.55,,,,,,,0.181,0.1203703704,,,,,,,0.36855,0.3958333333,,,,,,,-8.0,-8.0,,FA
13082,Kody Clemens,0.44,L,,,114,5,2p20,14,30,1,-1,1,-1,2,0,-2,-2,-2,-2,12.8,17.8,-1,0,-2,0,16.8,19.8,-2,-2,-10,-10,23.3,44.3,-1,1,-5,5,0.0,4.2,-2,2,-4,4,,,-3,5,-3,2,-9,6,0,0,0,0,0,0,0,0,14,14,0,0,0,0,-10,0,-10,-/- (---),E,13,0,1,0,3,D,C,0,0,0,0,2,-31,2,-8,,303.0,306.0,353.0,,504.0,,,1b-3e3 3b-3e53 2b-3e6 lf-5(+2)e4,,3.0,3.0,3.0,,5.0,,,,3.0,6.0,53.0,,4.0,,,,1.0,0.0,1.0,,-3.0,,,,4.0,3.0,-2.0,,2.0,,,,5.0,3.0,-1.0,,-1.0,,,,-3.0,-5.0,-9.0,,-9.0,,,,,2,-4,,,,,,,0.2,0.2,0.2,,0.75,,,,0.05555555556,0.03703703704,0.6342592593,,0.069,,,,0.7555555556,0.7703703704,0.2925925926,,0.23275,,,,-1.0,-1.0,-8.0,,-8.0,,,FA
12578,Ben Rortvedt,0.8,L,,,290,34,2p50,36,33,-1,-1,-1,-1,13,13,2,1,2,1,16.5,18.3,0,0,0,0,32.5,34.3,0,0,0,0,17.3,28.9,-1,0,-5,0,0.0,2.3,-2,0,-4,0,,,-3,-3,-3,-3,-9,-9,5,5,1,1,1,1,-7,-7,14,12,0,0,0,0,-4,-2,-6,2/- (20-6),E,10,0,0,0,0,D,B,0,1,0,2,2,-16,-8,-8,303.0,,,,,,,,"c-3(0)e3,T-13(pb-3)",3.0,,,,,,,,3.0,,,,,,,,0.0,,,,,,,,3.0,,,,,,,,3.0,,,,,,,,-5.0,,,,,,,,0.0,,2,0,c-3,"0)e3,T-13",pb-3),,0.0,0.2,,,,,,,,0.038,,,,,,,,0.7696,,,,,,,,-1.0,,,,,,,,FA
12659,Carson Kelly,0.46,R,,,281,25,2p40,6,13,2,1,2,1,17,8,3,0,3,0,28.5,16.4,1,-1,2,-2,49.5,28.4,2,-1,10,-5,34.0,23.6,0,-1,0,-5,0.8,2.0,-2,-1,-4,-2,0.0,3.0,0,3,-2,0,-6,0,5,5,1,1,1,1,-1,-1,12,15,0,-1,0,-2,5,-3,2,-/- (---),E,9,0,-1,0,-3,D,C,0,0,0,0,2,8,-14,-8,304.0,,,,,,,,"c-3(0)e4,T-2(pb-1)",3.0,,,,,,,,4.0,,,,,,,,0.0,,,,,,,,3.0,,,,,,,,3.0,,,,,,,,-5.0,,,,,,,,0.0,,2,-1,c-3,"0)e4,T-2",pb-1),,0.0,0.2,,,,,,,,0.047,,,,,,,,0.7624,,,,,,,,-1.0,,,,,,,,CLS
12975,Joey Gallo,0.33,L,,,223,32,5p40,91,49,-3,-2,-3,-2,0,23,-3,3,-3,3,0.0,7.3,-2,-2,-4,-4,4.0,34.3,-3,0,-15,0,0.0,22.5,-2,-1,-10,-5,0.0,4.0,-2,2,-4,4,,,-3,7,-3,3,-9,9,0,0,0,0,0,0,0,0,0,0,3,3,3,3,-15,6,-9,7/- (15-6),C,11,0,0,0,0,D,D,0,0,0,0,5,-45,8,-8,,201.0,,,,319.0,,319.0,1b-2e1 rf-3(-1)e19 lf-3e19,,2.0,,,,3.0,,3.0,,1.0,,,,19.0,,19.0,,3.0,,,,0.0,,0.0,,4.0,,,,-4.0,,-4.0,,7.0,,,,-4.0,,-4.0,,-1.0,,,,-12.0,,-12.0,,1.9,-2,-1,,,,,,,0.1,,,,0.3,,0.3,,0.01851851852,,,,0.343,,0.343,,0.8833333333,,,,0.4599,,0.4599,,4.0,,,,-9.9,,-9.9,MKE
13268,Ozzie Albies,1.07,S,,,399,27,4p50,2,11,2,1,2,1,0,7,-3,-1,-3,-1,34.0,15.0,2,-1,4,-2,37.0,25.0,1,-1,5,-5,53.7,24.4,2,-1,10,-5,2.8,0.5,1,-2,2,-4,4.0,0.0,4,0,2,-2,6,-6,5,5,1,1,1,1,13,12,11,10,0,0,0,0,8,-6,2,*5/- (19-6),B,13,1,1,2,3,D,C,0,0,0,0,4,27,-21,-9,,,305.0,,,,,,2b-3e5,,,3.0,,,,,,,,5.0,,,,,,,,0.0,,,,,,,,3.0,,,,,,,,3.0,,,,,,,,-6.0,,,,,,,,-1,0,,,,,,,,0.2,,,,,,,,0.03240740741,,,,,,,,0.7740740741,,,,,,,,-1.0,,,,,,FA
12847,Gio Urshela,0.26,R,,,432,23,2p60,13,8,1,2,1,2,10,0,1,-2,1,-2,16.9,25.6,0,1,0,2,26.9,25.6,0,-1,0,-5,25.5,34.6,-1,0,-5,0,2.0,1.5,0,-1,0,-2,,1.0,-3,1,-3,-1,-9,-3,5,5,1,1,1,1,0,0,20,23,-2,-2,-4,-4,-3,-3,-6,-/- (---),E,10,0,0,0,0,D,C,0,0,0,0,2,-15,-11,-9,,305.0,,211.0,420.0,,,,3b-2e11 1b-3e5 ss-4e20,,3.0,,2.0,4.0,,,,,5.0,,11.0,20.0,,,,,1.0,,3.0,-2.0,,,,,2.0,,1.0,2.0,,,,,3.0,,4.0,0.0,,,,,-6.0,,-5.0,-9.0,,,,,,2,1,,,,,,,0.2,,0.1,0.3,,,,,0.08796296296,,0.1342592593,0.1018518519,,,,,0.7296296296,,0.7791666667,0.6287037037,,,,,-4.0,,-1.0,-6.0,,,,FA
12796,Emmanuel Rivera,0.0,R,,,265,26,1p60,21,28,0,0,0,0,13,9,2,0,2,0,17.8,19.3,0,0,0,0,34.8,32.3,1,0,5,0,23.7,23.8,-1,-1,-5,-5,0.2,0.8,-2,-2,-4,-4,0.0,0.0,0,0,-2,-2,-6,-6,5,5,1,1,1,1,-6,-6,17,18,-1,-1,-2,-2,-2,-5,-7,2/- (20-6),D,11,0,0,0,0,D,D,0,0,0,0,1,-9,-16,-9,,308.0,,210.0,,,,,3b-2e10 1b-3e8,,3.0,,2.0,,,,,,8.0,,10.0,,,,,,1.0,,3.0,,,,,,2.0,,2.0,,,,,,3.0,,5.0,,,,,,-6.0,,-4.0,,,,,,1.0,4,1,,,,,,,0.2,,0.1,,,,,,0.1435185185,,0.1203703704,,,,,,0.6851851852,,0.7916666667,,,,,,-4.0,,-1.0,,,,,FA
13436,Trevor Story,1.92,R,,,94,11,6p20,54,40,-2,-2,-2,-2,2,13,-2,1,-2,1,18.5,23.1,0,1,0,2,22.5,38.2,-1,1,-5,5,24.3,37.5,-1,1,-5,5,0.0,1.5,-2,-1,-4,-2,,1.0,-3,1,-3,-1,-9,-3,5,5,1,1,1,1,-8,-7,18,16,-1,-1,-2,-2,-11,0,-11,*2-12/- (15-13),B,15,1,2,2,6,D,D,0,0,0,0,6,-28,5,-9,,,,,206.0,,,,ss-2e6,,,,,2.0,,,,,,,,6.0,,,,,,,,3.0,,,,,,,,3.0,,,,,,,,6.0,,,,,,,,-3.0,,,,,-2.0,-4,-4,,,,,,,,,,0.1,,,,,,,,0.03240740741,,,,,,,,0.8708333333,,,,,,,,4.0,,,,MYTIL
13251,Nicky Lopez,0.13,L,,,398,37,1p60,4,9,2,2,2,2,0,11,-3,1,-3,1,17.6,20.8,0,0,0,0,19.6,33.8,-1,0,-5,0,17.6,26.8,-1,-1,-5,-5,0.0,0.6,-2,-2,-4,-4,,,-3,-3,-3,-3,-9,-9,5,5,1,1,1,1,-1,-1,4,3,1,2,1,2,-6,0,-6,"*2-5,11,12/8,10 (15-5)",D,14,0,1,0,3,C,C,0,0,0,0,1,-22,-12,-9,,,206.0,,304.0,,,,ss-3e4 2b-2e6,,,2.0,,3.0,,,,,,6.0,,4.0,,,,,,2.0,,0.0,,,,,,3.0,,4.0,,,,,,5.0,,4.0,,,,,,-4.0,,-5.0,,,,,,4,1,,,,,,,,0.1,,0.2,,,,,,0.03703703704,,0.01851851852,,,,,,0.8666666667,,0.7851851852,,,,,,4.0,,-1.0,,,,WAIIL
13479,Will Benson,0.0,L,,,343,40,1p60,51,64,-2,-3,-2,-3,14,13,2,1,2,1,5.0,10.0,-2,-2,-4,-4,20.0,24.0,-1,-1,-5,-5,10.4,26.7,-2,-1,-10,-5,0.6,3.2,-2,1,-4,2,,,0,3,-2,0,-6,0,0,0,0,0,0,0,0,0,3,3,2,2,2,2,-7,-3,-10,"*2-6,12/- (17-14)",A,14,2,1,4,3,D,C,0,0,0,0,1,-27,-12,-9,,,,,,303.0,303.0,303.0,lf-3(-1)e3 rf-3e3 cf-3e3,,,,,,3.0,3.0,3.0,,,,,,3.0,3.0,3.0,,,,,,0.0,0.0,0.0,,,,,,4.0,4.0,4.0,,,,,,4.0,4.0,4.0,,,,,,-5.0,-5.0,-5.0,,,4,1,,,,,,,,,,,0.3,0.3,0.3,,,,,,0.056,0.03703703704,0.056,,,,,,0.6608,0.6740740741,0.6608,,,,,,-4.0,-4.0,-4.0,FA
13445,Ty France,0.0,R,,,479,38,1p65,24,20,0,0,0,0,12,6,1,-1,1,-1,15.7,18.5,-1,0,-2,0,33.7,30.5,0,0,0,0,23.9,27.0,-1,-1,-5,-5,1.8,1.2,-1,-2,-2,-4,2.0,1.0,2,1,0,-1,0,-3,5,5,1,1,1,1,1,2,19,21,-1,-2,-2,-4,-2,-6,-8,3/12 (13-5),E,9,0,-1,0,-3,D,D,0,0,0,0,1,-9,-16,-9,,406.0,441.0,,,,,,1b-4e6 2b-4e41,,4.0,4.0,,,,,,,6.0,41.0,,,,,,,0.0,-2.0,,,,,,,2.0,-2.0,,,,,,,2.0,-4.0,,,,,,,-7.0,-13.0,,,,,,,,4,2,,,,,,,0.3,0.3,,,,,,,0.1064814815,0.2453703704,,,,,,,0.625462963,0.5282407407,,,,,,,-6.0,-8.0,,,,,,FA
13510,Yuli Gurriel,0.27,R,,,54,9,1p20,33,21,-1,0,-1,0,33,15,3,2,3,2,4.4,23.7,-2,1,-4,2,37.5,38.7,1,1,5,5,7.4,30.3,-2,0,-10,0,0.0,0.0,-2,-3,-4,-6,,,-3,-3,-3,-3,-9,-9,5,5,1,1,1,1,0,4,9,13,0,0,0,0,-5,-1,-6,3/- (20-6),D,10,0,0,0,0,D,D,0,0,0,0,1,-19,-5,-9,,304.0,,,,,,,1b-3e4,,3.0,,,,,,,,4.0,,,,,,,,1.0,,,,,,,,4.0,,,,,,,,5.0,,,,,,,,-4.0,,,,,,,,-2.0,4,-4,,,,,,,0.2,,,,,,,,0.07407407407,,,,,,,,0.7407407407,,,,,,,,-4.0,,,,,,,FA
13420,Tommy Edman,1.71,S,,,139,11,5p20,12,21,1,0,1,0,0,9,-3,0,-3,0,28.9,14.4,1,-1,2,-2,30.9,25.4,0,-1,0,-5,71.8,19.0,3,-2,15,-10,8.6,1.4,3,-1,6,-2,8.0,2.0,8,2,3,0,9,0,5,5,1,1,1,1,3,2,10,9,0,1,0,1,9,-3,6,"*4,5/- (20-12)",B,15,1,2,2,6,D,C,0,0,0,0,5,31,-17,-9,,,310.0,,334.0,,208.0,,cf-2(+1)e8 ss-3e34 2b-3e10,,,3.0,,3.0,,2.0,,,,10.0,,34.0,,8.0,,,,0.0,,0.0,,2.0,,,,3.0,,-2.0,,2.0,,,,3.0,,-2.0,,4.0,,,,-6.0,,-11.0,,-5.0,,,-2.0,-2,-4,,,,,,,,0.2,,0.2,,0.15,,,,0.06018518519,,0.1759259259,,0.09722222222,,,,0.7518518519,,0.6592592593,,0.7673611111,,,,-1.0,,-4.0,,1.0,,FA
12835,Gary Sanchez,0.21,R,,,245,27,3p40,31,37,0,-1,0,-1,13,13,2,1,2,1,10.8,14.7,-1,-1,-2,-2,27.8,31.7,0,0,0,0,25.2,23.5,-1,-1,-5,-5,4.8,1.2,3,-2,6,-4,8.0,2.0,8,2,3,0,9,0,5,5,1,1,1,1,1,1,18,21,-1,-2,-2,-4,6,-5,1,-/- (---),E,8,0,-1,0,-3,D,D,0,0,0,0,3,9,-14,-9,416.0,525.0,,,,,,,"c-4(-1)e16,T-11(pb-4) 1b-5e25",4.0,5.0,,,,,,,16.0,25.0,,,,,,,-2.0,-2.0,,,,,,,-2.0,-2.0,,,,,,,-4.0,-4.0,,,,,,,-14.0,-13.0,,,,,,,-1.0,,1,-1,c-4,"-1)e16,T-11",pb-4) 1b-5e25,,-1.0,0.3,0.4,,,,,,,0.192,0.4490740741,,,,,,,0.5656,0.3305555556,,,,,,,-5.0,-8.0,,,,,,,DAL
13325,Rowdy Tellez,0.0,L,,,383,31,1p60,53,18,-2,1,-2,1,7,6,-1,-1,-1,-1,10.3,18.4,-1,0,-2,0,18.3,25.4,-2,-1,-10,-5,15.4,29.2,-1,0,-5,0,1.5,2.0,-1,-1,-2,-2,2.0,3.0,2,3,0,0,0,0,5,5,1,1,1,1,10,10,23,22,-2,-2,-4,-4,-9,-3,-12,2/- (20-6),E,8,0,-1,0,-3,D,B,0,1,0,2,1,-25,-10,-9,,403.0,,,,,,,1b-4e3,,4.0,,,,,,,,3.0,,,,,,,,0.0,,,,,,,,4.0,,,,,,,,4.0,,,,,,,,-5.0,,,,,,,,,4,1,,,,,,,0.3,,,,,,,,0.05555555556,,,,,,,,0.6611111111,,,,,,,,-4.0,,,,,,,FA
13127,Luis Campusano,0.0,R,,,277,20,2p40,0,7,3,2,3,2,3,8,-2,0,-2,0,5.3,21.1,-2,0,-4,0,9.3,30.1,-2,0,-10,0,13.9,29.5,-2,0,-10,0,2.8,1.0,1,-2,2,-4,5.0,1.0,5,1,3,-1,9,-3,5,5,1,1,1,1,4,4,28,27,-3,-2,-6,-4,-3,-2,-5,-/- (---),E,10,0,0,0,0,D,C,0,0,0,0,2,-17,-8,-9,406.0,530.0,,,,,,,"c-4(+1)e6,T-1(pb-2) 1b-5e30",4.0,5.0,,,,,,,6.0,30.0,,,,,,,-2.0,-2.0,,,,,,,2.0,-2.0,,,,,,,0.0,-4.0,,,,,,,-8.0,-13.0,,,,,,,1.0,,2,-1,c-4,"+1)e6,T-1",pb-2) 1b-5e30,,1.0,0.3,0.4,,,,,,,0.075,0.537037037,,,,,,,0.6475,0.2777777778,,,,,,,-7.0,-8.0,,,,,,,FA
13115,Leo Rivas,0.61,S,,,73,10,1p20,48,30,-2,-1,-2,-1,18,15,3,2,3,2,9.7,21.6,-1,0,-2,0,30.7,39.6,0,1,0,5,9.7,28.7,-2,0,-10,0,0.0,0.0,-2,-3,-4,-6,,,-3,-3,-3,-3,-9,-9,5,5,1,1,1,1,3,4,8,8,1,1,1,1,-5,-2,-7,*5/- (20-11),B,16,1,2,2,6,B,D,1,0,1,0,1,-22,-7,-9,,,311.0,319.0,316.0,,,,ss-3e16 2b-3e11 3b-3e19,,,3.0,3.0,3.0,,,,,,11.0,19.0,16.0,,,,,,0.0,1.0,0.0,,,,,,2.0,0.0,2.0,,,,,,2.0,1.0,2.0,,,,,,-7.0,-8.0,-7.0,,,,,,4,-4,,,,,,,,0.2,0.2,0.2,,,,,,0.06481481481,0.2268518519,0.08333333333,,,,,,0.7481481481,0.6185185185,0.7333333333,,,,,,-4.0,-6.0,-4.0,,,,BSG
12995,Jonny DeLuca,0.29,R,,,332,24,3p50,29,18,0,1,0,1,13,3,2,-2,2,-2,9.8,20.3,-1,0,-2,0,25.8,26.3,-1,-1,-5,-5,18.8,30.5,-1,0,-5,0,2.0,1.0,0,-2,0,-4,,0.0,-3,0,-3,-2,-9,-6,5,5,1,1,1,1,-4,-10,0,0,3,3,3,3,0,-2,-2,"*2-5,11,12/- (18-14)",A,16,2,2,4,6,C,C,0,0,0,0,3,-15,-12,-9,,,,,,204.0,204.0,204.0,rf-2(-1)e4 cf-2e4 lf-2e4,,,,,,2.0,2.0,2.0,,,,,,4.0,4.0,4.0,,,,,,3.0,2.0,3.0,,,,,,2.0,3.0,2.0,,,,,,5.0,5.0,5.0,,,,,,-4.0,-4.0,-4.0,,0.0,1,0,,,,,,,,,,,0.15,0.15,0.15,,,,,,0.069,0.0462962963,0.069,,,,,,0.79135,0.8106481481,0.79135,,,,,,-1.0,1.0,-1.0,DALMiL
13028,Jose Tena,0.21,L,,,161,7,1p20,25,28,0,0,0,0,0,2,-3,-2,-3,-2,14.9,30.9,-1,2,-2,4,14.9,32.9,-2,0,-10,0,20.5,32.5,-1,0,-5,0,0.4,0.4,-2,-2,-4,-4,0.0,0.0,0,0,-2,-2,-6,-6,5,5,1,1,1,1,6,6,2,2,2,2,2,2,-8,-1,-9,"*4,6/- (19-12)",B,13,1,1,2,3,D,D,0,0,0,0,1,-27,-5,-9,,,412.0,447.0,,,,,3b-4e47 2b-4e12,,,4.0,4.0,,,,,,,12.0,47.0,,,,,,,-2.0,0.0,,,,,,,2.0,-2.0,,,,,,,0.0,-2.0,,,,,,,-9.0,-11.0,,,,,,4.3,4,-4,,,,,,,,0.3,0.3,,,,,,,0.06944444444,0.5648148148,,,,,,,0.6513888889,0.3046296296,,,,,,,-4.0,-8.0,,,,,FA
12663,Cavan Biggio,0.08,L,,,188,24,1p40,46,44,-2,-2,-2,-2,12,14,1,2,1,2,10.1,9.8,-1,-2,-2,-4,31.1,32.8,0,0,0,0,13.7,14.5,-2,-2,-10,-10,1.2,1.4,-1,-1,-2,-2,,2.0,-3,2,-3,0,-9,0,5,5,1,1,1,1,-4,-4,0,0,3,3,3,3,-4,-1,-5,2/- (20-6),D,14,0,1,0,3,C,D,0,0,0,0,1,-20,-12,-10,,430.0,314.0,435.0,,,,405.0,2b-3e14 3b-4e35 1b-4e30 rf-4(+1)e5,,4.0,3.0,4.0,,,,4.0,,30.0,14.0,35.0,,,,5.0,,0.0,0.0,0.0,,,,-1.0,,-2.0,2.0,-2.0,,,,2.0,,-2.0,2.0,-2.0,,,,1.0,,-12.0,-8.0,-12.0,,,,-9.0,,-3.0,4,-1,,,,,,,0.3,0.2,0.3,,,,0.55,,0.537037037,0.08333333333,0.4212962963,,,,0.088,,0.3240740741,0.7333333333,0.4050925926,,,,0.4104,,-8.0,-4.0,-8.0,,,,-5.0,FA
12797,Enmanuel Valdez,0.0,L,,,201,17,1p40,23,28,0,0,0,0,10,7,1,-1,1,-1,0.0,18.3,-2,0,-4,0,10.0,25.3,-2,-1,-10,-5,0.0,33.0,-2,0,-10,0,0.0,2.2,-2,0,-4,0,,4.0,-3,4,-3,1,-9,3,0,5,0,1,0,1,0,-6,15,15,-1,-1,-2,-2,-11,-1,-12,"4,5/11 (13-5)",E,12,0,0,0,0,D,C,0,0,0,0,1,-38,-4,-10,,,419.0,435.0,,408.0,,,2b-4e19 3b-4e35 lf-4(+1)e8,,,4.0,4.0,,4.0,,,,,19.0,35.0,,8.0,,,,,-2.0,0.0,,-1.0,,,,,2.0,-2.0,,0.0,,,,,0.0,-2.0,,-1.0,,,,,-10.0,-12.0,,-11.0,,,,,4,-1,,,,,,,,0.3,0.3,,0.55,,,,,0.1111111111,0.4212962963,,0.144,,,,,0.6222222222,0.4050925926,,0.3852,,,,,-6.0,-8.0,,-8.0,,,FA
12764,Dominic Smith,0.0,L,,,275,28,1p50,38,27,-1,0,-1,0,3,12,-2,1,-2,1,15.2,17.2,-1,-1,-2,-2,21.2,32.2,-1,0,-5,0,31.7,29.2,0,0,0,0,1.4,0.8,-1,-2,-2,-4,1.0,0.0,1,0,-1,-2,-3,-6,5,5,1,1,1,1,0,1,20,16,-2,-1,-4,-2,-8,-4,-12,6/12 (13-5),E,10,0,0,0,0,D,D,0,0,0,0,1,-18,-12,-10,,316.0,,,,,,,1b-3e16,,3.0,,,,,,,,16.0,,,,,,,,1.0,,,,,,,,0.0,,,,,,,,1.0,,,,,,,,-9.0,,,,,,,,-3.0,4,0,,,,,,,0.2,,,,,,,,0.287037037,,,,,,,,0.5703703704,,,,,,,,-6.0,,,,,,,FA
12936,Jason Heyward,0.81,L,,,228,22,4p40,53,18,-2,1,-2,1,0,9,-3,0,-3,0,1.0,13.1,-2,-1,-4,-2,5.1,26.1,-3,-1,-15,-5,4.2,31.1,-2,0,-10,0,1.0,3.2,-2,1,-4,2,,5.0,0,5,-2,2,-6,6,0,5,0,1,0,1,0,-1,9,7,0,1,0,1,-16,4,-12,*5/- (20-6),B,12,1,0,2,0,D,C,0,0,0,0,4,-44,4,-10,,,,,,305.0,305.0,205.0,rf-2(-2)e5 lf-3e5 cf-3e5,,,,,,3.0,3.0,2.0,,,,,,5.0,5.0,5.0,,,,,,0.0,0.0,3.0,,,,,,2.0,3.0,2.0,,,,,,2.0,3.0,5.0,,,,,,-8.0,-7.0,-5.0,,-4.0,-1,-1,,,,,,,,,,,0.3,0.3,0.15,,,,,,0.088,0.06018518519,0.088,,,,,,0.6384,0.6578703704,0.7752,,,,,,-2.0,0.0,3.0,FA
13096,Kyle Isbel,1.23,L,,,384,27,1p60,48,16,-2,1,-2,1,2,5,-2,-1,-2,-1,5.3,19.2,-2,0,-4,0,10.3,27.2,-2,-1,-10,-5,12.5,31.5,-2,0,-10,0,0.0,1.0,-2,-2,-4,-4,,1.0,-3,1,-3,-1,-9,-3,5,5,1,1,1,1,0,4,5,5,1,1,1,1,-13,-2,-15,"*4,5/- (19-12)",B,15,1,2,2,6,A,C,2,0,2,0,1,-39,-10,-10,,,,,,,105.0,,cf-1(-1)e5,,,,,,,1.0,,,,,,,,5.0,,,,,,,,4.0,,,,,,,,3.0,,,,,,,,7.0,,,,,,,,-3.0,,,-2.0,4,1,,,,,,,,,,,,0.0,,,,,,,,0.06018518519,,,,,,,,0.9398148148,,,,,,,,8.0,,FA
13231,Nelson Velazquez,0.0,R,,,205,19,1p30,35,32,-1,-1,-1,-1,16,7,2,-1,2,-1,18.2,7.9,0,-2,0,-4,37.2,17.9,1,-2,5,-10,36.7,21.0,0,-1,0,-5,3.0,3.8,1,2,2,4,,,-3,6,-3,2,-9,6,5,0,1,0,1,0,0,0,16,20,-1,-2,-2,-4,0,-5,-5,3/- (20-6),D,12,0,0,0,0,D,D,0,0,0,0,1,-2,-15,-10,,,,,,410.0,,410.0,rf-4(+2)e10 lf-4e10,,,,,,4.0,,4.0,,,,,,10.0,,10.0,,,,,,-1.0,,-1.0,,,,,,0.0,,0.0,,,,,,-1.0,,-1.0,,,,,,-11.0,,-11.0,,1.0,4,-2,,,,,,,,,,,0.55,,0.55,,,,,,0.181,,0.181,,,,,,0.36855,,0.36855,,,,,,-9.0,,-9.0,FA
12614,Brett Baty,0.31,L,,,153,16,1p30,39,26,-1,0,-1,0,5,11,-1,1,-1,1,9.6,21.1,-1,0,-2,0,15.6,33.1,-2,0,-10,0,16.7,24.0,-1,-1,-5,-5,2.3,0.9,0,-2,0,-4,3.0,1.0,3,1,1,-1,3,-3,5,5,1,1,1,1,-5,-10,15,14,-1,0,-2,0,-5,-2,-7,-/- (---),E,11,0,0,0,0,D,D,0,0,0,0,1,-17,-10,-10,,,,408.0,,,,,3b-4e8,,,,4.0,,,,,,,,8.0,,,,,,,,0.0,,,,,,,,2.0,,,,,,,,2.0,,,,,,,,-8.0,,,,,,2.0,4,-2,,,,,,,,,0.3,,,,,,,,0.09722222222,,,,,,,,0.6319444444,,,,,,,,-6.0,,,,,FA
13099,Kyle McCann,0.37,L,,,140,16,2p30,52,56,-2,-3,-2,-3,7,11,-1,1,-1,1,0.0,20.0,-2,0,-4,0,9.0,33.0,-2,0,-10,0,0.0,27.6,-2,-1,-10,-5,0.0,2.3,-2,0,-4,0,,5.0,-3,5,-3,2,-9,6,0,5,0,1,0,1,0,-8,9,6,0,1,0,1,-14,1,-13,-/- (---),E,8,0,-1,0,-3,D,D,0,0,0,0,2,-40,1,-10,404.0,,,,,,,,"c-4(+2)e4,T-11(pb-5)",4.0,,,,,,,,4.0,,,,,,,,-2.0,,,,,,,,3.0,,,,,,,,1.0,,,,,,,,-7.0,,,,,,,,2.0,,2,-2,c-4,"+2)e4,T-11",pb-5),,2.0,0.3,,,,,,,,0.047,,,,,,,,0.6671,,,,,,,,-6.0,,,,,,,,THE
13500,Yasmani Grandal,0.43,S,,,215,24,4p40,27,14,0,1,0,1,6,14,-1,2,-1,2,19.3,12.0,0,-2,0,-4,25.3,26.0,-1,-1,-5,-5,24.9,27.9,-1,-1,-5,-5,0.0,4.2,-2,2,-4,4,,7.0,-3,7,-3,3,-9,9,5,5,1,1,1,1,-2,-2,24,21,-2,-2,-4,-4,-9,3,-6,2/- (20-6),E,8,0,-1,0,-3,C,D,0,0,0,0,4,-27,-1,-10,310.0,424.0,,,,,,,"c-3(+3)e10,T-6(pb-3) 1b-4e24",3.0,4.0,,,,,,,10.0,24.0,,,,,,,0.0,0.0,,,,,,,0.0,-2.0,,,,,,,0.0,-2.0,,,,,,,-7.0,-12.0,,,,,,,3.0,,-1,-1,c-3,"+3)e10,T-6",pb-3) 1b-4e24,,3.0,0.2,0.3,,,,,,,0.121,0.4305555556,,,,,,,0.7032,0.3986111111,,,,,,,-7.0,-8.0,,,,,,,FA
12534,Andres Chaparro,0.0,R,,,121,7,1p20,18,12,1,1,1,1,10,0,1,-2,1,-2,20.6,13.6,0,-1,0,-2,37.6,20.6,1,-2,5,-10,47.8,30.1,1,0,5,0,3.3,1.5,1,-1,2,-2,,,6,1,3,-1,9,-3,0,0,0,0,0,0,0,0,16,18,-1,-1,-2,-2,7,-7,0,3-6/9 (13-7),E,10,0,0,0,0,D,C,0,0,0,0,1,21,-20,-10,,405.0,,,,,,,1b-4e5,,4.0,,,,,,,,5.0,,,,,,,,0.0,,,,,,,,2.0,,,,,,,,2.0,,,,,,,,-8.0,,,,,,,,1.0,4,-4,,,,,,,0.3,,,,,,,,0.08796296296,,,,,,,,0.6384259259,,,,,,,,-6.0,,,,,,,WAIIL
12582,Blaze Alexander,0.0,R,,,166,15,1p30,38,28,-1,0,-1,0,9,9,0,0,0,0,25.7,15.2,1,-1,2,-2,38.7,28.2,1,-1,5,-5,36.8,21.4,0,-1,0,-5,1.1,2.0,-2,-1,-4,-2,2.0,,2,-3,0,-3,0,-9,5,5,1,1,1,1,-6,-6,2,2,2,2,2,2,2,-4,-2,*6/- (17-6),C,14,0,1,0,3,D,D,0,0,0,0,1,5,-20,-11,,,312.0,427.0,442.0,,,,ss-4e42 2b-3e12 3b-4e27,,,3.0,4.0,4.0,,,,,,12.0,27.0,42.0,,,,,,0.0,0.0,-2.0,,,,,,2.0,-2.0,-2.0,,,,,,2.0,-2.0,-4.0,,,,,,-9.0,-13.0,-15.0,,,,,,4,-2,,,,,,,,0.2,0.3,0.3,,,,,,0.06944444444,0.3240740741,0.212962963,,,,,,0.7444444444,0.4731481481,0.5509259259,,,,,,-4.0,-8.0,-6.0,,,,WAI
13517,Zach McKinstry,0.43,L,,,297,24,1p60,14,22,1,0,1,0,5,7,-1,-1,-1,-1,2.4,17.1,-2,-1,-4,-2,9.4,26.2,-2,-1,-10,-5,4.4,36.9,-2,0,-10,0,0.0,3.0,-2,1,-4,2,,,-3,-3,-3,-3,-9,-9,0,5,0,1,0,1,0,0,5,5,1,1,1,1,-10,-3,-13,"*4,6/- (20-13)",A,15,2,2,4,6,D,C,0,0,0,0,1,-36,-13,-11,,,311.0,332.0,423.0,303.0,,303.0,ss-4e23 3b-3e32 2b-3e11 lf-3(-1)e3 rf-3e3,,,3.0,3.0,4.0,3.0,,3.0,,,11.0,32.0,23.0,3.0,,3.0,,,0.0,1.0,-2.0,0.0,,0.0,,,2.0,-2.0,0.0,4.0,,4.0,,,2.0,-1.0,-2.0,4.0,,4.0,,,-9.0,-12.0,-13.0,-7.0,,-7.0,,2.0,4,1,,,,,,,,0.2,0.2,0.3,0.3,,0.3,,,0.06481481481,0.3842592593,0.1203703704,0.056,,0.056,,,0.7481481481,0.4925925926,0.6157407407,0.6608,,0.6608,,,-4.0,-8.0,-6.0,-6.0,,-6.0,FA
12824,Freddy Fermin,2.36,R,,,339,23,2p50,10,16,1,1,1,1,8,4,0,-2,0,-2,28.9,23.4,1,1,2,2,37.9,28.4,1,-1,5,-5,39.9,27.0,1,-1,5,-5,0.0,1.2,-2,-2,-4,-4,,2.0,-3,2,-3,0,-9,0,5,5,1,1,1,1,2,2,21,22,-2,-2,-4,-4,-2,-5,-7,2/- (20-6),E,11,0,0,0,0,B,C,1,0,1,0,2,-3,-16,-11,206.0,,,,,,,,"c-2(-4)e6,T-8(pb-2)",2.0,,,,,,,,6.0,,,,,,,,2.0,,,,,,,,2.0,,,,,,,,4.0,,,,,,,,-11.0,,,,,,,,-4.0,,2,0,c-2,"-4)e6,T-8",pb-2),,-4.0,0.1,,,,,,,,0.075,,,,,,,,0.8325,,,,,,,,5.0,,,,,,,,MYT
12760,DJ Stewart,0.0,L,,,158,31,1p40,45,28,-2,0,-2,0,22,25,3,3,3,3,0.0,7.2,-2,-2,-4,-4,27.0,37.2,0,1,0,5,0.0,12.0,-2,-2,-10,-10,0.0,1.6,-2,-1,-4,-2,,2.0,-3,2,-3,0,-9,0,0,5,0,1,0,1,0,-3,15,16,-1,-1,-2,-2,-9,-1,-10,2/- (20-6),E,11,0,0,0,0,D,D,0,0,0,0,1,-28,-9,-11,,408.0,,,,404.0,,404.0,rf-4(+2)e4 lf-4e4 1b-4e8,,4.0,,,,4.0,,4.0,,8.0,,,,4.0,,4.0,,0.0,,,,-1.0,,-1.0,,2.0,,,,2.0,,2.0,,2.0,,,,1.0,,1.0,,-9.0,,,,-10.0,,-10.0,,-3.0,4,-1,,,,,,,0.3,,,,0.55,,0.55,,0.1435185185,,,,0.069,,0.069,,0.599537037,,,,0.41895,,0.41895,,-6.0,,,,-5.0,,-5.0,FA
12498,Abraham Toro,0.48,S,,,337,20,2p50,2,16,2,1,2,1,0,4,-3,-2,-3,-2,26.8,18.5,1,0,2,0,29.8,25.5,0,-1,0,-5,47.3,23.2,1,-1,5,-5,2.8,0.3,1,-2,2,-4,,0.0,-3,0,-3,-2,-9,-6,5,5,1,1,1,1,8,8,8,7,1,1,1,1,1,-5,-4,"5,6/- (13-6)",C,13,0,1,0,3,D,C,0,0,0,0,2,1,-19,-11,,408.0,405.0,417.0,,425.0,,,3b-4e17 2b-4e5 1b-4e8 lf-4(+2)e25,,4.0,4.0,4.0,,4.0,,,,8.0,5.0,17.0,,25.0,,,,0.0,-2.0,0.0,,-1.0,,,,2.0,3.0,0.0,,-4.0,,,,2.0,1.0,0.0,,-5.0,,,,-9.0,-10.0,-11.0,,-16.0,,,,,2,0,,,,,,,0.3,0.3,0.3,,0.55,,,,0.1435185185,0.03240740741,0.2037037037,,0.449,,,,0.599537037,0.6773148148,0.5574074074,,0.24795,,,,-6.0,-4.0,-6.0,,-8.0,,,FA
12738,David Dahl,0.84,L,,,58,3,1p20,42,50,-1,-2,-1,-2,0,2,-3,-2,-3,-2,8.6,12.9,-2,-1,-4,-2,8.6,14.9,-2,-2,-10,-10,8.6,29.7,-2,0,-10,0,0.0,4.8,-2,2,-4,4,,6.0,-3,6,-3,2,-9,6,5,5,1,1,1,1,-6,-3,0,0,3,3,3,3,-11,1,-10,-/- (---),E,12,0,0,0,0,D,D,0,0,0,0,1,-37,-2,-11,,,,,,405.0,,405.0,lf-4(0)e5 rf-4e5,,,,,,4.0,,4.0,,,,,,5.0,,5.0,,,,,,-1.0,,-1.0,,,,,,2.0,,2.0,,,,,,1.0,,1.0,,,,,,-10.0,,-10.0,,,4,-4,,,,,,,,,,,0.55,,0.55,,,,,,0.088,,0.088,,,,,,0.4104,,0.4104,,,,,,-8.0,,-8.0,FA
12788,Elias Diaz,1.07,R,,,325,20,3p50,19,17,1,1,1,1,1,4,-2,-2,-2,-2,23.4,26.0,1,1,2,2,27.4,33.0,0,0,0,0,35.7,35.8,0,0,0,0,2.3,0.6,0,-2,0,-4,,1.0,-3,1,-3,-1,-9,-3,5,5,1,1,1,1,-5,-5,32,30,-3,-3,-6,-6,-5,-5,-10,-/- (---),E,9,0,-1,0,-3,D,C,0,0,0,0,3,-13,-11,-11,201.0,,,,,,,,"c-2(-1)e1,T-8(pb-0)",2.0,,,,,,,,1.0,,,,,,,,2.0,,,,,,,,4.0,,,,,,,,6.0,,,,,,,,-6.0,,,,,,,,-1.0,-1.0,1,0,c-2,"-1)e1,T-8",pb-0),,-1.0,0.1,,,,,,,,0.014,,,,,,,,0.8874,,,,,,,,5.0,,,,,,,,MDW
13007,Jorge Polanco,0.48,S,,,417,46,2p60,22,46,0,-2,0,-2,1,14,-2,2,-2,2,23.5,10.4,1,-2,2,-4,26.5,26.4,-1,-1,-5,-5,29.9,17.9,0,-2,0,-10,1.8,2.5,-1,0,-2,0,3.0,5.0,3,5,1,2,3,6,5,5,1,1,1,1,-6,-5,28,21,-3,-2,-6,-4,-4,-4,-8,"4,5/- (13-6)",D,11,0,0,0,0,C,D,0,0,0,0,2,-9,-16,-11,,,411.0,,,,,,2b-4e11,,,4.0,,,,,,,,11.0,,,,,,,,-2.0,,,,,,,,2.0,,,,,,,,0.0,,,,,,,,-11.0,,,,,,,-2.0,2,1,,,,,,,,0.3,,,,,,,,0.06481481481,,,,,,,,0.6546296296,,,,,,,,-4.0,,,,,,WV
13016,Jose Caballero,0.96,R,,,441,27,1p65,54,28,-2,0,-2,0,6,3,-1,-2,-1,-2,16.5,19.8,0,0,0,0,26.5,26.8,-1,-1,-5,-5,27.7,27.0,0,-1,0,-5,0.2,1.0,-2,-2,-4,-4,0.0,0.0,0,0,-2,-2,-6,-6,5,5,1,1,1,1,-3,-3,6,10,1,0,1,0,-6,-7,-13,"*2-7,12/- (18-16)",AA,16,3,2,6,6,C,C,0,0,0,0,1,-16,-21,-11,,,216.0,206.0,218.0,,,,ss-2e18 3b-2e6 2b-2e16,,,2.0,2.0,2.0,,,,,,16.0,6.0,18.0,,,,,,2.0,3.0,3.0,,,,,,2.0,2.0,2.0,,,,,,4.0,5.0,5.0,,,,,,-7.0,-6.0,-6.0,,,,,,4,2,,,,,,,,0.1,0.1,0.1,,,,,,0.09722222222,0.07407407407,0.09259259259,,,,,,0.8125,0.8333333333,0.8166666667,,,,,,1.0,1.0,1.0,,,,DALMiL
13394,Stuart Fairchild,0.74,R,,,209,17,4p50,27,36,0,-1,0,-1,14,1,2,-2,2,-2,16.9,9.6,0,-2,0,-4,35.0,14.6,1,-2,5,-10,25.9,21.6,-1,-1,-5,-5,3.0,2.2,1,0,2,0,3.0,,3,1,1,-1,3,-3,5,0,1,0,1,0,7,0,0,0,3,3,3,3,8,-6,2,"*2-5,12/- (19-14)",A,15,2,2,4,6,C,D,0,0,0,0,4,11,-22,-12,,,,,,203.0,203.0,203.0,cf-2(-1)e3 rf-2e3 lf-2e3,,,,,,2.0,2.0,2.0,,,,,,3.0,3.0,3.0,,,,,,3.0,2.0,3.0,,,,,,4.0,4.0,4.0,,,,,,7.0,6.0,7.0,,,,,,-5.0,-6.0,-5.0,,,-1,0,,,,,,,,,,,0.15,0.15,0.15,,,,,,0.056,0.03703703704,0.056,,,,,,0.8024,0.8185185185,0.8024,,,,,,1.0,1.0,1.0,FA
13450,Tyler Freeman,0.41,R,,,330,28,1p60,8,5,2,2,2,2,11,6,1,-1,1,-1,7.4,14.8,-2,-1,-4,-2,29.4,31.8,0,0,0,0,13.7,20.1,-2,-1,-10,-5,0.2,1.0,-2,-2,-4,-4,0.0,1.0,0,1,-2,-1,-6,-3,5,5,1,1,1,1,0,3,26,27,-2,-2,-4,-4,-6,-5,-11,*2-8/- (15-13),B,14,1,1,2,3,C,C,0,0,0,0,1,-24,-16,-12,,,310.0,414.0,368.0,,402.0,,cf-4(-1)e2 ss-3e68 2b-3e10 3b-4e14,,,3.0,4.0,3.0,,4.0,,,,10.0,14.0,68.0,,2.0,,,,0.0,0.0,0.0,,-2.0,,,,3.0,1.0,-2.0,,4.0,,,,3.0,1.0,-2.0,,2.0,,,,-9.0,-11.0,-14.0,,-10.0,,,0.0,4,1,,,,,,,,0.2,0.3,0.2,,0.55,,,,0.06018518519,0.1666666667,0.3518518519,,0.02314814815,,,,0.7518518519,0.5833333333,0.5185185185,,0.4395833333,,,,-1.0,-6.0,-8.0,,-8.0,,FA
12877,Hunter Goodman,0.0,R,,,211,8,2p40,43,32,-1,-1,-1,-1,0,0,-3,-2,-3,-2,12.1,7.0,-1,-2,-2,-4,15.1,10.0,-2,-3,-10,-15,35.3,21.8,0,-1,0,-5,6.0,4.2,3,2,6,4,,,8,7,3,3,9,9,0,0,0,0,0,0,0,0,19,19,-1,-1,-2,-2,-2,-5,-7,2-5/10 (13-6),E,11,0,0,0,0,D,D,0,0,0,0,2,-3,-16,-12,304.0,414.0,,,,414.0,,414.0,"c-3(+2)e4,T-5(pb-6) rf-4(+1)e14 lf-4e14 1b-4e14",3.0,4.0,,,,4.0,,4.0,4.0,14.0,,,,14.0,,14.0,0.0,0.0,,,,-1.0,,-1.0,3.0,1.0,,,,-2.0,,-2.0,3.0,1.0,,,,-3.0,,-3.0,-7.0,-11.0,,,,-15.0,,-15.0,2.0,0.0,2,-1,c-3,"+2)e4,T-5",pb-6) rf-4,+1)e14 lf-4e14 1b-4e14,2.0,0.2,0.3,,,,0.55,,0.55,0.047,0.25,,,,0.25,,0.25,0.7624,0.525,,,,0.3375,,0.3375,-3.0,-8.0,,,,-8.0,,-8.0,BSG
12561,Austin Barnes,0.78,R,,,140,14,3p30,7,32,2,-1,2,-1,12,12,1,1,1,1,36.5,20.8,2,0,4,0,48.5,32.8,2,0,10,0,41.2,26.8,1,-1,5,-5,0.0,2.0,-2,-1,-4,-2,,,-3,-3,-3,-3,-9,-9,5,5,1,1,1,1,-2,-2,15,15,-1,-1,-2,-2,3,-5,-2,3/- (20-6),C,11,0,0,0,0,C,C,0,0,0,0,3,8,-17,-12,312.0,,441.0,,,,,,"c-3(+3)e12,T-5(pb-0) 2b-4e41",3.0,,4.0,,,,,,12.0,,41.0,,,,,,0.0,,-2.0,,,,,,-2.0,,-2.0,,,,,,-2.0,,-4.0,,,,,,-11.0,,-16.0,,,,,,3.0,0.0,1,-2,c-3,"+3)e12,T-5",pb-0) 2b-4e41,,3.0,0.2,,0.3,,,,,,0.144,,0.2453703704,,,,,,0.6848,,0.5282407407,,,,,,-7.0,,-8.0,,,,,,CLSMiL
12723,Dane Myers,0.8,R,,,95,8,6p20,46,50,-2,-2,-2,-2,5,12,-1,1,-1,1,24.5,16.0,1,-1,2,-2,35.5,34.0,1,0,5,0,48.2,19.2,1,-2,5,-10,2.0,1.0,0,-2,0,-4,4.0,2.0,4,2,2,0,6,0,5,5,1,1,1,1,4,4,0,0,3,3,3,3,6,-2,4,"*5,6/- (19-13)",B,14,1,1,2,3,D,D,0,0,0,0,6,19,-13,-12,,,,,,413.0,413.0,313.0,rf-3(-2)e13 lf-4e13 cf-4e13,,,,,,4.0,4.0,3.0,,,,,,13.0,13.0,13.0,,,,,,-1.0,-2.0,0.0,,,,,,-2.0,0.0,-2.0,,,,,,-3.0,-2.0,-2.0,,,,,,-15.0,-14.0,-14.0,,-1.0,-4,-4,,,,,,,,,,,0.55,0.55,0.3,,,,,,0.236,0.1574074074,0.236,,,,,,0.3438,0.3791666667,0.5348,,,,,,-7.0,-7.0,-7.0,FA
13168,Matt Carpenter,0.0,L,,,137,15,4p30,32,48,-1,-2,-1,-2,4,12,-2,1,-2,1,9.4,19.3,-1,0,-2,0,16.4,34.3,-2,0,-10,0,9.4,31.1,-2,0,-10,0,0.0,2.0,-2,-1,-4,-2,,2.0,-3,2,-3,0,-9,0,5,5,1,1,1,1,-7,-9,0,0,3,3,3,3,-9,2,-7,2-10/- (3-1),E,9,0,-1,0,-3,D,D,0,0,0,0,4,-34,1,-12,,505.0,541.0,565.0,,,,,1b-5e5 2b-5e41 3b-5e65,,5.0,5.0,5.0,,,,,,5.0,41.0,65.0,,,,,,-2.0,-4.0,-2.0,,,,,,2.0,-2.0,-2.0,,,,,,0.0,-6.0,-4.0,,,,,,-12.0,-18.0,-16.0,,,,,,,-1,-2,,,,,,,0.4,0.4,0.4,,,,,,0.08796296296,0.2453703704,0.7407407407,,,,,,0.5472222222,0.4527777778,0.1555555556,,,,,,-8.0,-8.0,-8.0,,,,,FA
12853,Grant McCray,0.0,L,,,124,6,1p20,91,62,-3,-3,-3,-3,1,0,-2,-2,-2,-2,3.9,14.2,-2,-1,-4,-2,4.9,14.2,-3,-2,-15,-10,6.9,31.9,-2,0,-10,0,1.0,3.4,-2,1,-4,2,2.0,7.0,2,7,0,3,0,9,5,5,1,1,1,1,-1,-5,2,17,2,-1,2,-2,-11,-4,-15,*7/- (20-13),B,16,1,2,2,6,D,D,0,0,0,0,1,-35,-7,-12,,,,,,,309.0,,cf-3(0)e9,,,,,,,3.0,,,,,,,,9.0,,,,,,,,0.0,,,,,,,,2.0,,,,,,,,2.0,,,,,,,,-10.0,,,2.0,4,-4,,,,,,,,,,,,0.3,,,,,,,,0.1018518519,,,,,,,,0.6287037037,,,,,,,,-8.0,,FA
12616,Brett Wisely,0.53,L,,,252,13,1p40,50,22,-2,0,-2,0,0,2,-3,-2,-3,-2,31.4,16.0,2,-1,4,-2,33.3,20.0,0,-2,0,-10,53.0,25.8,2,-1,10,-5,2.8,2.0,1,-1,2,-2,5.0,,5,-3,3,-3,9,-9,5,5,1,1,1,1,8,8,9,8,0,1,0,1,4,-8,-4,"2-5/9,10 (13-4)",D,13,0,1,0,3,B,D,1,0,1,0,1,21,-28,-12,,424.0,308.0,411.0,305.0,,311.0,,ss-3e5 2b-3e8 3b-4e11 1b-4e24 cf-3(+1)e11,,4.0,3.0,4.0,3.0,,3.0,,,24.0,8.0,11.0,5.0,,11.0,,,0.0,0.0,0.0,0.0,,0.0,,,-2.0,3.0,1.0,3.0,,2.0,,,-2.0,3.0,1.0,3.0,,2.0,,,-14.0,-9.0,-11.0,-9.0,,-10.0,,,,4,-1,,,,,,,0.3,0.2,0.3,0.2,,0.3,,,0.4305555556,0.0462962963,0.1342592593,0.02314814815,,0.1342592593,,,0.3986111111,0.762962963,0.6060185185,0.7814814815,,0.6060185185,,,-8.0,-1.0,-6.0,-1.0,,-6.0,,CHC
13218,Mitch Garver,0.0,R,,,367,53,2p60,29,49,0,-2,0,-2,21,17,3,2,3,2,8.8,3.1,-2,-3,-4,-6,33.8,24.1,0,-1,0,-5,26.3,9.3,0,-2,0,-10,4.4,1.6,2,-1,4,-2,,,7,2,3,0,9,0,0,0,0,0,0,0,0,0,15,12,-1,0,-2,0,5,-7,-2,-/- (---),E,10,0,0,0,0,D,D,0,0,0,0,2,10,-23,-12,403.0,,,,,,,,"c-4(+1)e3,T-3(pb-0)",4.0,,,,,,,,3.0,,,,,,,,-2.0,,,,,,,,3.0,,,,,,,,1.0,,,,,,,,-10.0,,,,,,,,1.0,1.0,2,1,c-4,"+1)e3,T-3",pb-0),,1.0,0.3,,,,,,,,0.038,,,,,,,,0.6734,,,,,,,,-5.0,,,,,,,,MKE
12505,Addison Barger,0.31,L,,,208,14,1p40,56,29,-2,0,-2,0,0,5,-3,-1,-3,-1,7.8,12.1,-2,-2,-4,-4,8.8,18.1,-2,-2,-10,-10,14.4,26.7,-2,-1,-10,-5,0.0,3.0,-2,1,-4,2,,5.0,-3,5,-3,2,-9,6,0,5,0,1,0,1,0,8,1,0,2,3,2,3,-14,1,-13,3/- (20-6),D,13,0,1,0,3,D,D,0,0,0,0,1,-40,-8,-12,,,,333.0,,406.0,,406.0,3b-3e33 rf-4(-2)e6 lf-4e6,,,,3.0,,4.0,,4.0,,,,33.0,,6.0,,6.0,,,,1.0,,-1.0,,-1.0,,,,-2.0,,2.0,,2.0,,,,-1.0,,1.0,,1.0,,,,-13.0,,-11.0,,-11.0,,,4,-1,,,,,,,,,0.2,,0.55,,0.55,,,,0.3981481481,,0.106,,0.106,,,,0.4814814815,,0.4023,,0.4023,,,,-8.0,,-8.0,,-8.0,FA
13275,Patrick Wisdom,0.0,R,,,158,10,2p40,55,39,-2,-2,-2,-2,2,8,-2,0,-2,0,7.8,3.3,-2,-3,-4,-6,14.8,16.4,-2,-2,-10,-10,25.6,13.2,-1,-2,-5,-10,4.4,3.3,2,1,4,2,,,8,5,3,2,9,6,0,0,0,0,0,0,0,0,1,1,2,2,2,2,-2,-4,-6,*7/- (20-13),B,13,1,1,2,3,D,D,0,0,0,0,2,-8,-18,-13,,410.0,441.0,362.0,,411.0,,411.0,1b-4e10 3b-3e62 lf-4(0)e11 rf-4e11 2b-4e41,,4.0,4.0,3.0,,4.0,,4.0,,10.0,41.0,62.0,,11.0,,11.0,,0.0,-2.0,1.0,,-1.0,,-1.0,,2.0,-2.0,-2.0,,0.0,,0.0,,2.0,-4.0,-1.0,,-1.0,,-1.0,,-11.0,-17.0,-14.0,,-14.0,,-14.0,,,2,-1,,,,,,,0.3,0.3,0.2,,0.55,,0.55,,0.1805555556,0.2453703704,0.7407407407,,0.194,,0.194,,0.5736111111,0.5282407407,0.2074074074,,0.3627,,0.3627,,-6.0,-8.0,-8.0,,-8.0,,-8.0,FA
13515,Zach Dezenzo,0.0,R,,,62,3,1p20,58,43,-2,-2,-2,-2,1,2,-2,-2,-2,-2,14.0,23.8,-1,1,-2,2,15.0,25.8,-2,-1,-10,-5,16.7,35.8,-1,0,-5,0,0.9,2.3,-2,0,-4,0,1.0,4.0,1,4,-1,1,-3,3,5,5,1,1,1,1,4,4,27,23,-2,-2,-4,-4,-12,-4,-16,-/- (---),E,12,0,0,0,0,D,D,0,0,0,0,1,-31,-7,-13,,414.0,,519.0,,,,,1b-4e14 3b-5e19,,4.0,,5.0,,,,,,14.0,,19.0,,,,,,0.0,,-2.0,,,,,,1.0,,0.0,,,,,,1.0,,-2.0,,,,,,-12.0,,-15.0,,,,,,0.0,4,-4,,,,,,,0.3,,0.4,,,,,,0.25,,0.2268518519,,,,,,0.525,,0.4638888889,,,,,,-8.0,,-8.0,,,,,FA
13471,Vidal Brujan,0.52,S,,,248,25,2p50,26,16,0,1,0,1,13,6,2,-1,2,-1,12.3,18.0,-1,0,-2,0,28.3,27.0,0,-1,0,-5,24.3,30.9,-1,0,-5,0,0.0,2.2,-2,0,-4,0,,,-3,-3,-3,-3,-9,-9,0,5,0,1,0,1,0,-8,13,15,0,-1,0,-2,-5,-4,-9,"*2-6,9-11/7,8 (15-7)",D,14,0,1,0,3,D,B,0,1,0,2,2,-18,-15,-13,,430.0,308.0,465.0,418.0,412.0,412.0,412.0,2b-3e8 ss-4e18 cf-4(0)e12 3b-4e65 rf-4e12 lf-4e12 1b-4e30,,4.0,3.0,4.0,4.0,4.0,4.0,4.0,,30.0,8.0,65.0,18.0,12.0,12.0,12.0,,0.0,0.0,0.0,-2.0,-1.0,-2.0,-1.0,,-2.0,3.0,-2.0,2.0,-2.0,0.0,-2.0,,-2.0,3.0,-2.0,0.0,-3.0,-2.0,-3.0,,-15.0,-10.0,-15.0,-13.0,-16.0,-15.0,-16.0,,,2,0,,,,,,,0.3,0.2,0.3,0.3,0.55,0.55,0.55,,0.537037037,0.0462962963,0.7407407407,0.09259259259,0.218,0.1435185185,0.218,,0.3240740741,0.762962963,0.1814814815,0.6351851852,0.3519,0.3854166667,0.3519,,-8.0,-1.0,-8.0,-6.0,-8.0,-8.0,-8.0,FA
13237,Nick Fortes,0.0,R,,,308,11,2p50,3,2,2,2,2,2,0,0,-3,-2,-3,-2,12.6,20.3,-1,0,-2,0,15.6,23.3,-2,-1,-10,-5,27.5,33.0,0,0,0,0,2.0,3.0,0,1,0,2,,,-3,-3,-3,-3,-9,-9,5,5,1,1,1,1,2,7,15,15,-1,-1,-2,-2,-7,-3,-10,"5,6/- (3-1)",E,10,0,0,0,0,A,B,2,1,2,2,2,-23,-13,-13,204.0,,,,,,,,"c-2(0)e4,T-8(pb-1)",2.0,,,,,,,,4.0,,,,,,,,2.0,,,,,,,,3.0,,,,,,,,5.0,,,,,,,,-8.0,,,,,,,,0.0,,2,0,c-2,"0)e4,T-8",pb-1),,0.0,0.1,,,,,,,,0.047,,,,,,,,0.8577,,,,,,,,4.0,,,,,,,,FA
12753,Derek Hill,0.0,R,,,162,5,1p30,42,48,-1,-2,-1,-2,0,0,-3,-2,-3,-2,31.6,14.4,2,-1,4,-2,34.7,17.5,0,-2,0,-10,69.7,19.6,3,-2,15,-10,10.0,0.9,3,-2,6,-4,8.0,0.0,8,0,3,-2,9,-6,5,5,1,1,1,1,-7,-7,5,8,1,1,1,1,9,-11,-2,"*2-5,11,12/- (18-13)",B,16,1,2,2,6,B,C,1,0,1,0,1,32,-34,-13,,,,,,204.0,204.0,304.0,cf-2(-1)e4 lf-2e4 rf-3e4,,,,,,2.0,2.0,3.0,,,,,,4.0,4.0,4.0,,,,,,3.0,2.0,0.0,,,,,,2.0,3.0,2.0,,,,,,5.0,5.0,2.0,,,,,,-8.0,-8.0,-11.0,,-2.0,4,-2,,,,,,,,,,,0.15,0.15,0.3,,,,,,0.069,0.0462962963,0.069,,,,,,0.79135,0.8106481481,0.6517,,,,,,1.0,3.0,-2.0,WAI
12778,Edouard Julien,0.0,L,,,266,33,1p50,51,45,-2,-2,-2,-2,12,14,1,2,1,2,7.3,11.3,-2,-2,-4,-4,21.4,27.3,-1,-1,-5,-5,17.0,15.8,-1,-2,-5,-10,2.5,1.1,0,-2,0,-4,,2.0,3,2,1,0,3,0,0,5,0,1,0,1,0,-7,2,2,2,2,2,2,-2,-4,-6,*4/- (20-6),B,12,1,0,2,0,D,D,0,0,0,0,1,-10,-20,-13,,530.0,412.0,,,,,,2b-4e12 1b-5e30,,5.0,4.0,,,,,,,30.0,12.0,,,,,,,-2.0,-2.0,,,,,,,-2.0,2.0,,,,,,,-4.0,0.0,,,,,,,-17.0,-13.0,,,,,,,,4,0,,,,,,,0.4,0.3,,,,,,,0.537037037,0.06944444444,,,,,,,0.2777777778,0.6513888889,,,,,,,-8.0,-4.0,,,,,,FA
12577,Ben Rice,0.0,L,,,152,20,1p30,28,38,0,-1,0,-1,26,12,3,1,3,1,1.8,6.6,-2,-2,-4,-4,28.8,19.6,0,-2,0,-10,7.0,20.0,-2,-2,-10,-10,1.8,3.4,-1,1,-2,2,,,1,5,-1,2,-3,6,0,0,0,0,0,0,0,0,5,8,1,1,1,1,-2,-2,-4,"2-6,11,12/- (3-1)",E,10,0,0,0,0,D,D,0,0,0,0,1,-15,-15,-13,402.0,408.0,,,,,,,"1b-4e8 c-4(+2)e2,T-2(pb-0)",4.0,4.0,,,,,,,2.0,8.0,,,,,,,-2.0,0.0,,,,,,,4.0,2.0,,,,,,,2.0,2.0,,,,,,,-11.0,-11.0,,,,,,,,-1.0,4,-2,1b-4e8 c-4,"+2)e2,T-2",pb-0),,,0.3,0.3,,,,,,,0.024,0.1435185185,,,,,,,0.6832,0.599537037,,,,,,,-4.0,-6.0,,,,,,,WV
13037,Josh Palacios,0.0,L,,,67,10,2p20,0,12,3,1,3,1,0,23,-3,3,-3,3,6.3,12.7,-2,-1,-4,-2,9.3,38.7,-2,1,-10,5,6.3,18.9,-2,-2,-10,-10,0.0,1.6,-2,-1,-4,-2,,3.0,-3,3,-3,0,-9,0,5,5,1,1,1,1,4,3,11,8,0,1,0,1,-10,3,-7,3/- (20-6),D,14,0,1,0,3,D,C,0,0,0,0,2,-36,-3,-13,,,,,,305.0,405.0,305.0,rf-3(0)e5 lf-3e5 cf-4e5,,,,,,3.0,4.0,3.0,,,,,,5.0,5.0,5.0,,,,,,0.0,-2.0,0.0,,,,,,2.0,3.0,2.0,,,,,,2.0,1.0,2.0,,,,,,-11.0,-12.0,-11.0,,,2,-4,,,,,,,,,,,0.3,0.55,0.3,,,,,,0.088,0.06018518519,0.088,,,,,,0.6384,0.4229166667,0.6384,,,,,,-6.0,-8.0,-6.0,NSH
13327,Ryan Bliss,0.98,R,,,63,5,1p20,50,37,-2,-1,-2,-1,16,0,2,-2,2,-2,15.9,17.2,-1,-1,-2,-2,34.9,20.2,1,-2,5,-10,35.3,28.3,0,-1,0,-5,2.3,1.3,0,-1,0,-2,4.0,1.0,4,1,2,-1,6,-3,5,5,1,1,1,1,-4,-6,9,12,0,0,0,0,3,-8,-5,*2-12/- (15-13),B,15,1,2,2,6,B,D,1,0,1,0,1,10,-24,-13,,,308.0,,,,,,2b-3e8,,,3.0,,,,,,,,8.0,,,,,,,,0.0,,,,,,,,3.0,,,,,,,,3.0,,,,,,,,-10.0,,,,,,,1.0,4,-4,,,,,,,,0.2,,,,,,,,0.0462962963,,,,,,,,0.762962963,,,,,,,,-1.0,,,,,,FA
12762,Dominic Canzone,0.19,L,,,168,18,4p30,54,36,-2,-1,-2,-1,7,9,-1,0,-1,0,0.0,13.7,-2,-1,-4,-2,7.0,22.7,-2,-1,-10,-5,0.0,29.8,-2,0,-10,0,0.0,4.2,-2,2,-4,4,,7.0,-3,7,-3,3,-9,9,0,5,0,1,0,1,0,-3,21,20,-2,-2,-4,-4,-16,1,-15,2/- (20-6),E,11,0,0,0,0,D,D,0,0,0,0,4,-44,2,-13,,,,,,301.0,,401.0,rf-4(+2)e1 lf-3e1,,,,,,3.0,,4.0,,,,,,1.0,,1.0,,,,,,0.0,,-1.0,,,,,,4.0,,4.0,,,,,,4.0,,3.0,,,,,,-9.0,,-10.0,,1.0,-1,-2,,,,,,,,,,,0.3,,0.55,,,,,,0.019,,0.019,,,,,,0.6867,,0.44145,,,,,,-5.0,,-9.0,DENMiL
13310,Richie Palacios,0.99,L,,,264,45,4p50,35,20,-1,0,-1,0,12,21,1,3,1,3,15.8,15.0,-1,-1,-2,-2,31.8,40.0,0,1,0,5,18.3,16.7,-1,-2,-5,-10,0.0,0.3,-2,-2,-4,-4,,0.0,-3,0,-3,-2,-9,-6,5,5,1,1,1,1,-2,-2,12,10,0,0,0,0,-6,-2,-8,"*5,6/- (19-13)",A,15,2,2,4,6,D,C,0,0,0,0,4,-19,-13,-13,,,227.0,465.0,548.0,305.0,,305.0,lf-3(+1)e5 2b-2e27 rf-3e5 3b-4e65 ss-5e48,,,2.0,4.0,5.0,3.0,,3.0,,,27.0,65.0,48.0,5.0,,5.0,,,2.0,0.0,-4.0,0.0,,0.0,,,-2.0,-2.0,-2.0,2.0,,2.0,,,0.0,-2.0,-6.0,2.0,,2.0,,,-13.0,-15.0,-19.0,-11.0,,-11.0,,1.0,-1,0,,,,,,,,0.1,0.3,0.4,0.3,,0.3,,,0.162037037,0.7407407407,0.2453703704,0.088,,0.088,,,0.7541666667,0.1814814815,0.4527777778,0.6384,,0.6384,,,-1.0,-8.0,-8.0,-7.0,,-7.0,FA
12976,Joey Loperfido,0.33,L,,,243,13,1p40,47,55,-2,-3,-2,-3,9,0,0,-2,0,-2,7.8,18.4,-2,0,-4,0,19.8,21.4,-1,-2,-5,-10,11.4,42.0,-2,1,-10,5,1.2,3.2,-1,1,-2,2,2.0,,2,-3,0,-3,0,-9,5,5,1,1,1,1,3,3,6,8,1,1,1,1,-6,-6,-12,*2-6/- (15-12),C,13,0,1,0,3,D,C,0,0,0,0,1,-21,-15,-13,,413.0,,,,302.0,402.0,402.0,lf-3(-1)e2 cf-4e2 rf-4e2 1b-4e13,,4.0,,,,3.0,4.0,4.0,,13.0,,,,2.0,2.0,2.0,,0.0,,,,0.0,-2.0,-1.0,,1.0,,,,4.0,4.0,4.0,,1.0,,,,4.0,2.0,3.0,,-12.0,,,,-9.0,-11.0,-10.0,,,4,-1,,,,,,,0.3,,,,0.3,0.55,0.55,,0.2361111111,,,,0.037,0.02314814815,0.037,,0.5347222222,,,,0.6741,0.4395833333,0.43335,,-8.0,,,,-4.0,-8.0,-8.0,DEN
12531,Alika Williams,0.0,R,,,87,3,2p20,27,27,0,0,0,0,0,0,-3,-2,-3,-2,23.1,11.8,1,-2,2,-4,25.1,13.8,-1,-2,-5,-10,52.5,18.9,2,-2,10,-10,0.0,0.0,-2,-3,-4,-6,,,2,8,0,3,0,9,5,5,1,1,1,1,0,-2,0,0,3,3,3,3,1,-4,-3,3/- (20-6),D,14,0,1,0,3,A,D,2,0,2,0,2,4,-19,-14,,,310.0,,314.0,,,,2b-3e10 ss-3e14,,,3.0,,3.0,,,,,,10.0,,14.0,,,,,,0.0,,0.0,,,,,,3.0,,2.0,,,,,,3.0,,2.0,,,,,,-11.0,,-12.0,,,,,1.0,2,-4,,,,,,,,0.2,,0.2,,,,,,0.06018518519,,0.07407407407,,,,,,0.7518518519,,0.7407407407,,,,,,-1.0,,-4.0,,,,WAI
12772,Dylan Crews,1.32,R,,,119,11,1p20,22,15,0,1,0,1,12,9,1,0,1,0,19.2,14.9,0,-1,0,-2,33.2,25.9,0,-1,0,-5,32.4,22.4,0,-1,0,-5,2.8,0.4,1,-2,2,-4,4.0,0.0,4,0,2,-2,6,-6,5,5,1,1,1,1,-9,-7,22,23,-2,-2,-4,-4,3,-7,-4,"*2-6,9/- (19-15)",A,16,2,2,4,6,D,C,0,0,0,0,1,6,-24,-14,,,,,,,301.0,201.0,rf-2(-2)e1 cf-3e1,,,,,,,3.0,2.0,,,,,,,1.0,1.0,,,,,,,0.0,3.0,,,,,,,4.0,4.0,,,,,,,4.0,7.0,,,,,,,-10.0,-7.0,,0.0,4,-4,,,,,,,,,,,,0.3,0.15,,,,,,,0.01388888889,0.019,,,,,,,0.6902777778,0.83385,,,,,,,-4.0,1.0,FA
12977,Joey Meneses,0.0,R,,,281,21,1p40,29,15,0,1,0,1,3,7,-2,-1,-2,-1,14.1,19.9,-1,0,-2,0,21.1,30.9,-1,0,-5,0,21.6,30.0,-1,0,-5,0,2.5,2.0,0,-1,0,-2,,,-3,-3,-3,-3,-9,-9,5,5,1,1,1,1,8,8,22,21,-2,-2,-4,-4,-9,-5,-14,2/- (20-6),D,11,0,0,0,0,D,B,0,1,0,2,1,-26,-14,-14,,407.0,,,,,,,1b-4e7,,4.0,,,,,,,,7.0,,,,,,,,0.0,,,,,,,,2.0,,,,,,,,2.0,,,,,,,,-12.0,,,,,,,,2.8,4,-1,,,,,,,0.3,,,,,,,,0.125,,,,,,,,0.6125,,,,,,,,-6.0,,,,,,,FA
12885,Ildemaro Vargas,0.0,S,,,272,19,1p50,0,0,3,3,3,3,1,7,-2,-1,-2,-1,25.4,17.5,1,0,2,0,28.4,26.5,0,-1,0,-5,37.0,24.4,0,-1,0,-5,0.0,1.5,-2,-1,-4,-2,,,-3,-3,-3,-3,-9,-9,5,5,1,1,1,1,8,8,25,23,-2,-2,-4,-4,-4,-5,-9,*3-6/- (16-12),B,13,1,1,2,3,C,B,0,1,0,2,1,-13,-22,-14,,425.0,303.0,219.0,427.0,518.0,,,3b-2e19 2b-3e3 lf-5(0)e18 ss-4e27 1b-4e25,,4.0,3.0,2.0,4.0,5.0,,,,25.0,3.0,19.0,27.0,18.0,,,,0.0,0.0,3.0,-2.0,-3.0,,,,-2.0,4.0,0.0,-2.0,-4.0,,,,-2.0,4.0,3.0,-4.0,-7.0,,,,-16.0,-10.0,-11.0,-18.0,-21.0,,,,-1.0,4,0,,,,,,,0.3,0.2,0.1,0.3,0.75,,,,0.4490740741,0.01851851852,0.2268518519,0.1388888889,0.324,,,,0.3856481481,0.7851851852,0.6958333333,0.6027777778,0.169,,,,-8.0,-1.0,-4.0,-6.0,-7.0,,,WV
12766,Drew Millas,1.12,S,,,57,5,2p20,55,19,-2,1,-2,1,16,4,2,-2,2,-2,12.2,25.5,-1,1,-2,2,28.2,29.5,0,0,0,0,12.2,27.8,-2,-1,-10,-5,0.0,0.8,-2,-2,-4,-4,,1.0,-3,1,-3,-1,-9,-3,5,5,1,1,1,1,-7,-8,11,14,0,0,0,0,-7,-3,-10,*6/- (20-13),B,13,1,1,2,3,C,D,0,0,0,0,2,-24,-10,-14,302.0,,,,,,,,"c-3(-1)e2,T-7(pb-1)",3.0,,,,,,,,2.0,,,,,,,,0.0,,,,,,,,4.0,,,,,,,,4.0,,,,,,,,-11.0,,,,,,,,-1.0,4.6,2,-4,c-3,"-1)e2,T-7",pb-1),,-1.0,0.2,,,,,,,,0.024,,,,,,,,0.7808,,,,,,,,0.0,,,,,,,,MYT
13514,Zach DeLoach,0.0,L,,,67,8,1p20,48,30,-2,-1,-2,-1,11,15,1,2,1,2,10.9,14.6,-1,-1,-2,-2,22.0,29.6,-1,0,-5,0,15.9,28.3,-1,-1,-5,-5,0.0,0.8,-2,-2,-4,-4,,0.0,-3,0,-3,-2,-9,-6,5,5,1,1,1,1,1,1,0,0,3,3,3,3,-5,-1,-6,2-11/- (3-1),E,12,0,0,0,0,D,D,0,0,0,0,1,-22,-12,-15,,,,,,402.0,402.0,402.0,rf-4(0)e2 lf-4e2 cf-4e2,,,,,,4.0,4.0,4.0,,,,,,2.0,2.0,2.0,,,,,,-1.0,-2.0,-1.0,,,,,,4.0,4.0,4.0,,,,,,3.0,2.0,3.0,,,,,,-12.0,-13.0,-12.0,,,4,-4,,,,,,,,,,,0.55,0.55,0.55,,,,,,0.037,0.02314814815,0.037,,,,,,0.43335,0.4395833333,0.43335,,,,,,-8.0,-8.0,-8.0,FA
13440,Trey Sweeney,1.03,L,,,110,7,1p20,47,29,-2,0,-2,0,14,0,2,-2,2,-2,16.0,13.9,-1,-1,-2,-2,32.0,15.9,0,-2,0,-10,26.9,25.9,0,-1,0,-5,2.8,2.5,1,0,2,0,4.0,3.0,4,3,2,0,6,0,5,5,1,1,1,1,6,6,18,22,-1,-2,-2,-4,2,-7,-5,4/- (20-6),D,11,0,0,0,0,D,D,0,0,0,0,1,5,-22,-15,,,,,320.0,,,,ss-3e20,,,,,3.0,,,,,,,,20.0,,,,,,,,0.0,,,,,,,,2.0,,,,,,,,2.0,,,,,,,,-13.0,,,,,-2.0,4,-4,,,,,,,,,,0.2,,,,,,,,0.1018518519,,,,,,,,0.7185185185,,,,,,,,-4.0,,,,FA
13080,Kevin Pillar,0.37,R,,,284,16,1p50,14,29,1,0,1,0,0,5,-3,-1,-3,-1,31.9,6.1,2,-2,4,-4,38.9,18.1,1,-2,5,-10,51.8,12.3,2,-2,10,-10,1.3,1.8,-1,-1,-2,-2,1.0,2.0,1,2,-1,0,-3,0,5,5,1,1,1,1,8,8,23,23,-2,-2,-4,-4,0,-9,-9,"*2-5,12/- (19-13)",B,14,1,1,2,3,D,D,0,0,0,0,1,9,-30,-15,,,,,,202.0,202.0,202.0,cf-2(-2)e2 lf-2e2 rf-2e2,,,,,,2.0,2.0,2.0,,,,,,2.0,2.0,2.0,,,,,,3.0,2.0,3.0,,,,,,4.0,4.0,4.0,,,,,,7.0,6.0,7.0,,,,,,-8.0,-9.0,-8.0,,1.0,4,0,,,,,,,,,,,0.15,0.15,0.15,,,,,,0.037,0.02314814815,0.037,,,,,,0.81855,0.8303240741,0.81855,,,,,,0.0,0.0,0.0,CLS
12556,Anthony Rizzo,0.15,L,,,337,27,4p50,18,11,1,1,1,1,3,7,-2,-1,-2,-1,18.1,18.1,0,0,0,0,27.1,31.1,0,0,0,0,18.3,26.7,-1,-1,-5,-5,0.0,2.0,-2,-1,-4,-2,,1.0,-3,1,-3,-1,-9,-3,5,5,1,1,1,1,-2,-2,16,15,-1,-1,-2,-2,-7,-3,-10,-/- (---),E,9,0,-1,0,-3,D,C,0,0,0,0,4,-20,-11,-15,,305.0,,,,,,,1b-3e5,,3.0,,,,,,,,5.0,,,,,,,,1.0,,,,,,,,2.0,,,,,,,,3.0,,,,,,,,-12.0,,,,,,,,,-1,0,,,,,,,0.2,,,,,,,,0.08796296296,,,,,,,,0.7296296296,,,,,,,,-4.0,,,,,,,FA
13198,Michael Siani,0.61,L,,,298,21,2p60,38,36,-1,-1,-1,-1,9,3,0,-2,0,-2,12.5,23.0,-1,1,-2,2,23.5,28.0,-1,-1,-5,-5,22.3,27.4,-1,-1,-5,-5,2.2,1.0,0,-2,0,-4,,,-3,-3,-3,-3,-9,-9,5,5,1,1,1,1,-6,-12,2,2,2,2,2,2,-4,-6,-10,"*2-5,12/- (19-14)",A,16,2,2,4,6,A,C,2,0,2,0,2,-19,-21,-15,,,,,,200.0,100.0,200.0,cf-1(-1)e0 lf-2e0 rf-2e0,,,,,,2.0,1.0,2.0,,,,,,0.0,0.0,0.0,,,,,,3.0,4.0,3.0,,,,,,4.0,4.0,4.0,,,,,,7.0,8.0,7.0,,,,,,-8.0,-7.0,-8.0,,0.0,2,1,,,,,,,,,,,0.15,0.0,0.15,,,,,,0.0,0.0,0.0,,,,,,0.85,1.0,0.85,,,,,,1.0,8.0,1.0,DAL
13000,Jordan Walker,0.0,R,,,164,10,1p30,15,45,1,-2,1,-2,22,0,3,-2,3,-2,11.6,12.3,-1,-2,-2,-4,35.7,14.3,1,-2,5,-10,28.0,25.3,0,-1,0,-5,2.8,1.4,1,-1,2,-2,,2.0,4,2,2,0,6,0,0,5,0,1,0,1,0,2,14,20,0,-2,0,-4,7,-11,-4,2/- (20-6),E,13,0,1,0,3,D,D,0,0,0,0,1,15,-28,-15,,,,,,,,504.0,rf-5(-2)e4,,,,,,,,5.0,,,,,,,,4.0,,,,,,,,-3.0,,,,,,,,2.0,,,,,,,,-1.0,,,,,,,,-16.0,,,4,-2,,,,,,,,,,,,,0.75,,,,,,,,0.069,,,,,,,,0.23275,,,,,,,,-8.0,FA
13272,Patrick Bailey,1.17,S,,,401,39,3p60,49,19,-2,1,-2,1,7,10,-1,0,-1,0,7.5,20.9,-2,0,-4,0,14.5,30.9,-2,0,-10,0,8.5,26.9,-2,-1,-10,-5,0.0,1.0,-2,-2,-4,-4,,2.0,-3,2,-3,0,-9,0,5,5,1,1,1,1,-2,-2,16,19,-1,-1,-2,-2,-14,-2,-16,2/- (20-6),C,10,0,0,0,0,D,C,0,0,0,0,3,-41,-9,-15,102.0,,,,,,,,"c-1(-2)e2,T-3(pb-4)",1.0,,,,,,,,2.0,,,,,,,,4.0,,,,,,,,4.0,,,,,,,,8.0,,,,,,,,-9.0,,,,,,,,-2.0,,1,1,c-1,"-2)e2,T-3",pb-4),,-2.0,0.0,,,,,,,,0.024,,,,,,,,0.976,,,,,,,,10.0,,,,,,,,FA
12864,Harold Ramirez,0.0,R,,,238,5,1p40,15,20,1,0,1,0,0,0,-3,-2,-3,-2,30.4,22.9,2,1,4,2,32.3,24.9,0,-1,0,-5,33.0,26.2,0,-1,0,-5,0.9,0.0,-2,-3,-4,-6,0.0,,0,-3,-2,-3,-6,-9,5,5,1,1,1,1,8,8,4,4,1,1,1,1,-2,-7,-9,"*5,6/- (17-12)",B,13,1,1,2,3,D,C,0,0,0,0,1,-6,-23,-15,,,,,,504.0,,504.0,lf-5(+3)e4 rf-5e4,,,,,,5.0,,5.0,,,,,,4.0,,4.0,,,,,,-3.0,,-3.0,,,,,,2.0,,2.0,,,,,,-1.0,,-1.0,,,,,,-16.0,,-16.0,,4.0,4,-1,,,,,,,,,,,0.75,,0.75,,,,,,0.069,,0.069,,,,,,0.23275,,0.23275,,,,,,-12.0,,-12.0,FA
13006,Jorge Mateo,1.25,R,,,192,10,5p30,29,24,0,0,0,0,3,2,-2,-2,-2,-2,23.5,14.3,1,-1,2,-2,27.5,17.3,0,-2,0,-10,48.0,24.6,1,-1,5,-5,2.2,0.4,0,-2,0,-4,5.0,1.0,5,1,3,-1,9,-3,5,5,1,1,1,1,-3,-4,13,12,0,0,0,0,4,-8,-4,*3-6/- (19-15),A,17,2,3,4,9,C,C,0,0,0,0,5,15,-25,-16,,,213.0,,218.0,,412.0,,2b-2e13 ss-2e18 cf-4(0)e12,,,2.0,,2.0,,4.0,,,,13.0,,18.0,,12.0,,,,2.0,,3.0,,-2.0,,,,2.0,,2.0,,0.0,,,,4.0,,5.0,,-2.0,,,,-12.0,,-11.0,,-18.0,,,-1.0,-2,-2,,,,,,,,0.1,,0.1,,0.55,,,,0.0787037037,,0.09259259259,,0.1435185185,,,,0.8291666667,,0.8166666667,,0.3854166667,,,,1.0,,1.0,,-7.0,,FA
12497,Aaron Schunk,0.35,R,,,94,4,1p20,58,36,-2,-1,-2,-1,0,0,-3,-2,-3,-2,15.7,22.8,-1,1,-2,2,15.7,22.8,-2,-1,-10,-5,18.1,25.6,-1,-1,-5,-5,0.5,0.5,-2,-2,-4,-4,1.0,1.0,1,1,-1,-1,-3,-3,5,5,1,1,1,1,-9,-9,0,0,3,3,3,3,-8,-3,-11,2-9/- (3-1),E,13,0,1,0,3,D,C,0,0,0,0,1,-25,-14,-16,,,412.0,412.0,410.0,,,,2b-4e12 3b-4e12 ss-4e10,,,4.0,4.0,4.0,,,,,,12.0,12.0,10.0,,,,,,-2.0,0.0,-2.0,,,,,,2.0,1.0,3.0,,,,,,0.0,1.0,1.0,,,,,,-16.0,-15.0,-15.0,,,,,,4,-4,,,,,,,,0.3,0.3,0.3,,,,,,0.06944444444,0.1435185185,0.05092592593,,,,,,0.6513888889,0.599537037,0.6643518519,,,,,,-4.0,-6.0,-4.0,,,,FA
12501,Adam Frazier,0.18,L,,,262,22,1p50,2,21,2,0,2,0,0,8,-3,0,-3,0,6.8,11.1,-2,-2,-4,-4,12.8,25.2,-2,-1,-10,-5,6.8,24.6,-2,-1,-10,-5,0.0,3.3,-2,1,-4,2,,,-3,-3,-3,-3,-9,-9,5,5,1,1,1,1,8,8,0,0,3,3,3,3,-8,-2,-10,3/- (20-6),C,13,0,1,0,3,B,C,1,0,1,0,1,-34,-17,-16,,430.0,311.0,441.0,,403.0,,303.0,2b-3e11 rf-3(+1)e3 lf-4e3 3b-4e41 1b-4e30,,4.0,3.0,4.0,,4.0,,3.0,,30.0,11.0,41.0,,3.0,,3.0,,0.0,0.0,0.0,,-1.0,,0.0,,-2.0,2.0,-2.0,,4.0,,4.0,,-2.0,2.0,-2.0,,3.0,,4.0,,-18.0,-14.0,-18.0,,-13.0,,-12.0,,-3.0,4,0,,,,,,,0.3,0.2,0.3,,0.55,,0.3,,0.537037037,0.06481481481,0.4907407407,,0.056,,0.056,,0.3240740741,0.7481481481,0.3564814815,,0.4248,,0.6608,,-8.0,-4.0,-8.0,,-5.0,,-1.0,FA
13174,Matt Thaiss,0.56,L,,,157,28,2p30,84,33,-3,-1,-3,-1,3,29,-2,3,-2,3,10.4,10.4,-1,-2,-2,-4,13.4,39.5,-2,1,-10,5,16.6,23.6,-1,-1,-5,-5,0.0,2.6,-2,0,-4,0,,,-3,-3,-3,-3,-9,-9,5,5,1,1,1,1,6,5,4,5,1,1,1,1,-12,-1,-13,3/- (20-6),C,9,0,-1,0,-3,D,D,0,0,0,0,2,-33,-9,-16,304.0,,,,,,,,"c-3(+1)e4,T-15(pb-0)",3.0,,,,,,,,4.0,,,,,,,,0.0,,,,,,,,3.0,,,,,,,,3.0,,,,,,,,-12.0,,,,,,,,1.0,2.0,2,-2,c-3,"+1)e4,T-15",pb-0),,1.0,0.2,,,,,,,,0.047,,,,,,,,0.7624,,,,,,,,-2.0,,,,,,,,DEN
12680,Chris Taylor,0.0,R,,,213,28,2p40,43,42,-1,-2,-1,-2,21,14,3,2,3,2,6.3,13.4,-2,-1,-4,-2,29.4,29.4,0,0,0,0,16.1,19.1,-1,-2,-5,-10,2.0,0.7,0,-2,0,-4,,1.0,-3,1,-3,-1,-9,-3,5,5,1,1,1,1,4,5,15,13,-1,0,-2,0,-4,-5,-9,*6/- (19-6),B,14,1,1,2,3,D,D,0,0,0,0,2,-17,-18,-16,,,412.0,406.0,,305.0,405.0,,lf-3(0)e5 3b-4e6 2b-4e12 cf-4e5,,,4.0,4.0,,3.0,4.0,,,,12.0,6.0,,5.0,5.0,,,,-2.0,0.0,,0.0,-2.0,,,,2.0,2.0,,2.0,3.0,,,,0.0,2.0,,2.0,1.0,,,,-16.0,-14.0,,-14.0,-15.0,,,1.0,2,-1,,,,,,,,0.3,0.3,,0.3,0.55,,,,0.06944444444,0.07407407407,,0.088,0.06018518519,,,,0.6513888889,0.6481481481,,0.6384,0.4229166667,,,,-4.0,-6.0,,-7.0,-9.0,,FA
13239,Nick Gordon,0.0,L,,,260,11,1p50,19,29,1,0,1,0,0,0,-3,-2,-3,-2,8.6,17.9,-2,0,-4,0,9.6,18.9,-2,-2,-10,-10,16.3,27.0,-1,-1,-5,-5,1.5,1.8,-1,-1,-2,-2,2.0,2.0,2,2,0,0,0,0,5,5,1,1,1,1,2,2,16,16,-1,-1,-2,-2,-8,-6,-14,"*2-8,12/9-11 (15-8)",C,13,0,1,0,3,D,D,0,0,0,0,1,-24,-20,-16,,,408.0,,,308.0,408.0,,lf-3(+2)e8 cf-4e8 2b-4e8,,,4.0,,,3.0,4.0,,,,8.0,,,8.0,8.0,,,,-2.0,,,0.0,-2.0,,,,3.0,,,0.0,2.0,,,,1.0,,,0.0,0.0,,,,-15.0,,,-16.0,-16.0,,,0.0,4,0,,,,,,,,0.3,,,0.3,0.55,,,,0.0462962963,,,0.144,0.09722222222,,,,0.6675925926,,,0.5992,0.40625,,,,-4.0,,,-6.0,-8.0,,FA
12814,Ezequiel Duran,0.0,R,,,268,14,1p50,27,20,0,0,0,0,3,2,-2,-2,-2,-2,22.2,23.4,0,1,0,2,27.2,27.5,0,-1,0,-5,23.7,28.0,-1,-1,-5,-5,0.0,0.2,-2,-2,-4,-4,,0.0,-3,0,-3,-2,-9,-6,5,5,1,1,1,1,2,2,18,16,-1,-1,-2,-2,-8,-7,-15,"4,6/8,10 (13-3)",E,14,0,1,0,3,D,D,0,0,0,0,1,-21,-21,-16,,414.0,313.0,312.0,327.0,419.0,,419.0,3b-3e12 lf-4(-2)e19 1b-4e14 ss-3e27 2b-3e13 rf-4e19,,4.0,3.0,3.0,3.0,4.0,,4.0,,14.0,13.0,12.0,27.0,19.0,,19.0,,0.0,0.0,1.0,0.0,-1.0,,-1.0,,1.0,2.0,1.0,-2.0,-4.0,,-4.0,,1.0,2.0,2.0,-2.0,-5.0,,-5.0,,-15.0,-14.0,-14.0,-18.0,-21.0,,-21.0,,0.0,4,0,,,,,,,0.3,0.2,0.2,0.2,0.55,,0.55,,0.25,0.0787037037,0.1435185185,0.1388888889,0.343,,0.343,,0.525,0.737037037,0.6851851852,0.6888888889,0.29565,,0.29565,,-8.0,-4.0,-4.0,-4.0,-8.0,,-8.0,CAN
13439,Trey Lipscomb,0.0,R,,,190,16,1p30,13,18,1,1,1,1,0,15,-3,2,-3,2,1.8,19.7,-2,0,-4,0,3.8,36.7,-3,1,-15,5,1.8,23.9,-2,-1,-10,-5,0.0,1.4,-2,-1,-4,-2,,,-3,-3,-3,-3,-9,-9,5,5,1,1,1,1,0,-9,27,20,-2,-2,-4,-4,-15,-2,-17,"*2-5,12/- (19-13)",A,13,2,1,4,3,D,C,0,0,0,0,1,-47,-11,-16,,430.0,471.0,222.0,,,,,3b-2e22 1b-4e30 2b-4e71,,4.0,4.0,2.0,,,,,,30.0,71.0,22.0,,,,,,0.0,-2.0,3.0,,,,,,-2.0,-2.0,-2.0,,,,,,-2.0,-4.0,1.0,,,,,,-18.0,-20.0,-15.0,,,,,,2.5,4,-2,,,,,,,0.3,0.3,0.1,,,,,,0.537037037,0.4259259259,0.2638888889,,,,,,0.3240740741,0.4018518519,0.6625,,,,,,-8.0,-8.0,-4.0,,,,,FA
12585,Bo Naylor,0.31,L,,,354,29,2p60,39,45,-1,-2,-1,-2,3,7,-2,-1,-2,-1,11.6,11.8,-1,-2,-2,-4,15.6,19.8,-2,-2,-10,-10,20.9,20.0,-1,-2,-5,-10,1.8,2.2,-1,0,-2,0,3.0,4.0,3,4,1,1,3,3,5,5,1,1,1,1,-4,-6,3,3,2,2,2,2,-4,-5,-9,*3-6/- (15-11),C,12,0,0,0,0,D,D,0,0,0,0,2,-16,-21,-17,303.0,,,,,,,,"c-3(-1)e3,T-8(pb-2)",3.0,,,,,,,,3.0,,,,,,,,0.0,,,,,,,,3.0,,,,,,,,3.0,,,,,,,,-15.0,,,,,,,,-1.0,1.0,2,1,c-3,"-1)e3,T-8",pb-2),,-1.0,0.2,,,,,,,,0.038,,,,,,,,0.7696,,,,,,,,0.0,,,,,,,,FA
13138,Luis Torrens,1.56,R,,,118,9,2p30,21,22,0,0,0,0,17,2,3,-2,3,-2,11.0,20.9,-1,0,-2,0,31.0,26.0,0,-1,0,-5,23.5,32.0,-1,0,-5,0,2.6,0.4,0,-2,0,-4,4.0,0.0,4,0,2,-2,6,-6,5,5,1,1,1,1,2,3,26,30,-2,-3,-4,-6,2,-9,-7,"2-7,12/- (3-1)",E,10,0,0,0,0,D,D,0,0,0,0,2,-1,-22,-17,301.0,,,,,,,,"c-3(-2)e1,T-4(pb-3)",3.0,,,,,,,,1.0,,,,,,,,0.0,,,,,,,,4.0,,,,,,,,4.0,,,,,,,,-15.0,,,,,,,,-2.0,-1.0,2,-2,c-3,"-2)e1,T-4",pb-3),,-2.0,0.2,,,,,,,,0.014,,,,,,,,0.7888,,,,,,,,1.0,,,,,,,,MDW
12894,Jack Suwinski,0.0,L,,,247,27,1p40,54,35,-2,-1,-2,-1,4,11,-2,1,-2,1,5.9,6.0,-2,-2,-4,-4,10.9,18.1,-2,-2,-10,-10,13.2,14.8,-2,-2,-10,-10,2.0,2.5,0,0,0,0,3.0,3.0,3,3,1,0,3,0,5,5,1,1,1,1,-1,-1,8,6,1,1,1,1,-7,-4,-11,"*4,5/- (19-12)",B,15,1,2,2,6,D,C,0,0,0,0,1,-23,-22,-17,,,,,,402.0,402.0,402.0,cf-4(-1)e2 lf-4e2 rf-4e2,,,,,,4.0,4.0,4.0,,,,,,2.0,2.0,2.0,,,,,,-1.0,-2.0,-1.0,,,,,,4.0,4.0,4.0,,,,,,3.0,2.0,3.0,,,,,,-14.0,-15.0,-14.0,,1.0,4,-1,,,,,,,,,,,0.55,0.55,0.55,,,,,,0.037,0.02314814815,0.037,,,,,,0.43335,0.4395833333,0.43335,,,,,,-9.0,-9.0,-9.0,FA
13042,JP Crawford,1.74,L,,,392,52,4p50,8,32,2,-1,2,-1,11,17,1,2,1,2,21.5,7.7,0,-2,0,-4,35.5,27.7,1,-1,5,-5,30.8,11.8,0,-2,0,-10,2.0,0.2,0,-2,0,-4,4.0,0.0,4,0,2,-2,6,-6,5,5,1,1,1,1,-5,-2,4,4,1,1,1,1,8,-6,2,3/- (20-6),C,12,0,0,0,0,D,D,0,0,0,0,4,16,-26,-17,,,,,205.0,,,,ss-2e5,,,,,2.0,,,,,,,,5.0,,,,,,,,3.0,,,,,,,,3.0,,,,,,,,6.0,,,,,,,,-11.0,,,,,-1.0,-1,0,,,,,,,,,,0.1,,,,,,,,0.02314814815,,,,,,,,0.8791666667,,,,,,,,4.0,,,,FA
13114,Leo Jimenez,0.74,R,,,179,12,1p30,46,29,-2,0,-2,0,6,4,-1,-2,-1,-2,22.0,12.9,0,-1,0,-2,45.0,34.0,2,0,10,0,34.2,19.8,0,-2,0,-10,0.3,1.0,-2,-2,-4,-4,0.0,1.0,0,1,-2,-1,-6,-3,5,5,1,1,1,1,1,1,9,20,0,-2,0,-4,-4,-9,-13,-/- (---),E,12,0,0,0,0,D,C,0,0,0,0,1,-2,-24,-17,,,317.0,,308.0,,,,ss-3e8 2b-3e17,,,3.0,,3.0,,,,,,17.0,,8.0,,,,,,0.0,,0.0,,,,,,2.0,,3.0,,,,,,2.0,,3.0,,,,,,-15.0,,-14.0,,,,,2.0,4,-2,,,,,,,,0.2,,0.2,,,,,,0.1018518519,,0.0462962963,,,,,,0.7185185185,,0.762962963,,,,,,-4.0,,-1.0,,,,CAN
13018,Jose Herrera,0.0,S,,,97,9,2p20,38,27,-1,0,-1,0,3,11,-2,1,-2,1,13.8,17.0,-1,-1,-2,-2,16.8,28.0,-2,-1,-10,-5,20.8,32.0,-1,0,-5,0,0.0,3.1,-2,1,-4,2,,,-3,-3,-3,-3,-9,-9,5,5,1,1,1,1,4,4,6,5,1,1,1,1,-10,-1,-11,-/- (---),E,9,0,-1,0,-3,A,D,2,0,2,0,2,-31,-11,-18,404.0,,,565.0,,,,,"c-4(+1)e4,T-1(pb-3) 3b-5e65",4.0,,,5.0,,,,,4.0,,,65.0,,,,,-2.0,,,-2.0,,,,,3.0,,,-2.0,,,,,1.0,,,-4.0,,,,,-16.0,,,-22.0,,,,,1.0,,2,-4,c-4,"+1)e4,T-1",pb-3) 3b-5e65,,1.0,0.3,,,0.4,,,,,0.047,,,0.7407407407,,,,,0.6671,,,0.1555555556,,,,,-5.0,,,-8.0,,,,,CAN
12790,Eloy Jimenez,0.0,R,,,324,22,3p50,14,20,1,0,1,0,3,6,-2,-1,-2,-1,21.1,21.0,0,0,0,0,25.1,28.0,-1,-1,-5,-5,27.1,27.9,0,-1,0,-5,0.0,1.5,-2,-1,-4,-2,,2.0,-3,2,-3,0,-9,0,5,5,1,1,1,1,-13,-14,28,27,-3,-2,-6,-4,-9,-5,-14,2/- (20-6),D,9,0,-1,0,-3,D,C,0,0,0,0,3,-24,-16,-18,,,,,,,,503.0,rf-5(+2)e3,,,,,,,,5.0,,,,,,,,3.0,,,,,,,,-3.0,,,,,,,,4.0,,,,,,,,1.0,,,,,,,,-17.0,,-2.0,1,0,,,,,,,,,,,,,0.75,,,,,,,,0.056,,,,,,,,0.236,,,,,,,,-6.0,FA
13320,Romy Gonzalez,0.73,R,,,199,12,3p40,35,29,-1,0,-1,0,10,0,1,-2,1,-2,29.0,18.4,1,0,2,0,40.0,19.4,1,-2,5,-10,46.5,24.8,1,-1,5,-5,3.8,0.0,2,-3,4,-6,7.0,,7,-3,3,-3,9,-9,5,5,1,1,1,1,-12,-12,15,20,-1,-2,-2,-4,8,-12,-4,"*2-5,11,12/- (19-13)",A,15,2,2,4,6,D,D,0,0,0,0,3,24,-35,-18,,425.0,322.0,456.0,420.0,418.0,418.0,418.0,2b-3e22 1b-4e25 3b-4e56 ss-4e20 cf-4(+1)e18 rf-4e18 lf-4e18,,4.0,3.0,4.0,4.0,4.0,4.0,4.0,,25.0,22.0,56.0,20.0,18.0,18.0,18.0,,0.0,0.0,0.0,-2.0,-1.0,-2.0,-1.0,,-2.0,0.0,-2.0,2.0,-4.0,-2.0,-4.0,,-2.0,0.0,-2.0,0.0,-5.0,-4.0,-5.0,,-20.0,-18.0,-20.0,-18.0,-23.0,-22.0,-23.0,,-4.0,1,-1,,,,,,,0.3,0.2,0.3,0.3,0.55,0.55,0.55,,0.4490740741,0.1342592593,0.6018518519,0.1018518519,0.324,0.2175925926,0.324,,0.3856481481,0.6925925926,0.2787037037,0.6287037037,0.3042,0.3520833333,0.3042,,-8.0,-4.0,-8.0,-6.0,-4.0,-4.0,-4.0,MDW
13250,Nick Sogard,0.61,S,,,77,7,1p20,35,41,-1,-2,-1,-2,15,7,2,-1,2,-1,19.0,27.0,0,1,0,2,34.0,34.0,0,0,0,0,25.6,31.6,-1,0,-5,0,0.0,0.0,-2,-3,-4,-6,,,-3,-3,-3,-3,-9,-9,5,5,1,1,1,1,4,4,27,25,-2,-2,-4,-4,-6,-9,-15,*5/- (20-11),B,13,1,1,2,3,D,D,0,0,0,0,1,-20,-19,-18,,,306.0,408.0,428.0,,,,2b-3e6 3b-4e8 ss-4e28,,,3.0,4.0,4.0,,,,,,6.0,8.0,28.0,,,,,,0.0,0.0,-2.0,,,,,,3.0,2.0,-2.0,,,,,,3.0,2.0,-4.0,,,,,,-15.0,-16.0,-22.0,,,,,-3.0,4,-4,,,,,,,,0.2,0.3,0.3,,,,,,0.03703703704,0.09722222222,0.1435185185,,,,,,0.7703703704,0.6319444444,0.599537037,,,,,,-1.0,-6.0,-6.0,,,,FA
13249,Nick Senzel,0.0,R,,,236,28,2p40,5,32,2,-1,2,-1,14,14,2,2,2,2,7.9,11.8,-2,-2,-4,-4,23.0,26.8,-1,-1,-5,-5,20.8,18.1,-1,-2,-5,-10,3.2,0.8,1,-2,2,-4,,1.0,5,1,3,-1,9,-3,0,5,0,1,0,1,0,-4,16,16,-1,-1,-2,-2,3,-7,-4,2-5/8-12 (13-1),D,13,0,1,0,3,D,D,0,0,0,0,2,-1,-26,-18,,,,419.0,,,,404.0,3b-4e19 rf-4(0)e4,,,,4.0,,,,4.0,,,,19.0,,,,4.0,,,,0.0,,,,-1.0,,,,0.0,,,,2.0,,,,0.0,,,,1.0,,,,-18.0,,,,-17.0,,,2,-1,,,,,,,,,0.3,,,,0.55,,,,0.2268518519,,,,0.069,,,,0.5412037037,,,,0.41895,,,,-8.0,,,,-8.0,FA
12681,Christian Bethancourt,0.59,R,,,139,5,2p30,29,28,0,0,0,0,0,0,-3,-2,-3,-2,19.0,10.1,0,-2,0,-4,21.0,12.1,-1,-3,-5,-15,38.2,18.7,1,-2,5,-10,2.8,2.2,1,0,2,0,5.0,4.0,5,4,3,1,9,3,5,5,1,1,1,1,2,2,10,10,0,0,0,0,2,-7,-5,*5/- (20-11),C,11,0,0,0,0,B,C,1,0,1,0,2,9,-27,-18,301.0,,,,,,,,"c-3(-2)e1,T-16(pb-0)",3.0,,,,,,,,1.0,,,,,,,,0.0,,,,,,,,4.0,,,,,,,,4.0,,,,,,,,-16.0,,,,,,,,-2.0,-1.0,2,-2,c-3,"-2)e1,T-16",pb-0),,-2.0,0.2,,,,,,,,0.014,,,,,,,,0.7888,,,,,,,,1.0,,,,,,,,FA
13244,Nick Martini,0.0,L,,,146,9,5p30,23,27,0,0,0,0,0,6,-3,-1,-3,-1,7.9,13.5,-2,-1,-4,-2,13.9,25.4,-2,-1,-10,-5,21.6,22.5,-1,-1,-5,-5,2.0,1.9,0,-1,0,-2,2.0,2.0,2,2,0,0,0,0,5,5,1,1,1,1,6,6,2,2,2,2,2,2,-5,-2,-7,"*3-6/2,7-12 (15-3)",D,12,0,0,0,0,D,D,0,0,0,0,5,-19,-12,-18,,,,,,403.0,,403.0,lf-4(+1)e3 rf-4e3,,,,,,4.0,,4.0,,,,,,3.0,,3.0,,,,,,-1.0,,-1.0,,,,,,4.0,,4.0,,,,,,3.0,,3.0,,,,,,-15.0,,-15.0,,-1.0,-2,-2,,,,,,,,,,,0.55,,0.55,,,,,,0.056,,0.056,,,,,,0.4248,,0.4248,,,,,,-7.0,,-7.0,FA
13258,Nolan Jones,0.0,L,,,256,36,5p40,48,39,-2,-2,-2,-2,11,18,1,3,1,3,11.7,15.3,-1,-1,-2,-2,23.7,34.3,-1,0,-5,0,18.5,29.5,-1,0,-5,0,2.2,2.2,0,0,0,0,,,-3,-3,-3,-3,-9,-9,5,5,1,1,1,1,6,5,23,21,-2,-2,-4,-4,-8,-4,-12,*3-7/10 (15-8),C,14,0,1,0,3,D,D,0,0,0,0,5,-25,-13,-18,,,,,,512.0,,,lf-5(-3)e12,,,,,,5.0,,,,,,,,12.0,,,,,,,,-3.0,,,,,,,,-2.0,,,,,,,,-5.0,,,,,,,,-23.0,,,,1.0,-2,-1,,,,,,,,,,,0.75,,,,,,,,0.218,,,,,,,,0.1955,,,,,,,,-9.0,,,FA
12918,Jake Rogers,0.52,R,,,310,22,2p50,38,39,-1,-2,-1,-2,12,3,1,-2,1,-2,4.9,12.3,-2,-2,-4,-4,18.9,17.3,-1,-2,-5,-10,12.9,27.7,-2,-1,-10,-5,2.2,2.8,0,0,0,0,,5.0,-3,5,-3,2,-9,6,5,5,1,1,1,1,0,3,14,15,0,-1,0,-2,-7,-7,-14,2/- (20-6),E,12,0,0,0,0,D,D,0,0,0,0,2,-27,-18,-18,101.0,,,,,,,,"c-1(-2)e1,T-7(pb-0)",1.0,,,,,,,,1.0,,,,,,,,4.0,,,,,,,,4.0,,,,,,,,8.0,,,,,,,,-12.0,,,,,,,,-2.0,1.0,2,0,c-1,"-2)e1,T-7",pb-0),,-2.0,0.0,,,,,,,,0.014,,,,,,,,0.986,,,,,,,,10.0,,,,,,,,FA
12832,Garrett Hampson,0.5,R,,,213,14,1p50,31,31,0,-1,0,-1,7,3,-1,-2,-1,-2,16.1,19.4,-1,0,-2,0,23.1,22.4,-1,-1,-5,-5,29.2,22.6,0,-1,0,-5,0.0,0.0,-2,-3,-4,-6,,,-3,-3,-3,-3,-9,-9,5,5,1,1,1,1,1,1,9,10,0,0,0,0,-7,-10,-17,"*5,6/- (18-12)",B,17,1,3,2,9,B,D,1,0,1,0,1,-20,-27,-18,,425.0,315.0,411.0,412.0,307.0,307.0,307.0,cf-3(0)e7 2b-3e15 lf-3e7 rf-3e7 1b-4e25 3b-4e11 ss-4e12,,4.0,3.0,4.0,4.0,3.0,3.0,3.0,,25.0,15.0,11.0,12.0,7.0,7.0,7.0,,0.0,0.0,0.0,-2.0,0.0,0.0,0.0,,-2.0,2.0,1.0,2.0,2.0,3.0,2.0,,-2.0,2.0,1.0,0.0,2.0,3.0,2.0,,-20.0,-16.0,-17.0,-18.0,-16.0,-15.0,-16.0,,0.0,4,0,,,,,,,0.3,0.2,0.3,0.3,0.3,0.3,0.3,,0.4490740741,0.09259259259,0.1342592593,0.05555555556,0.125,0.08333333333,0.125,,0.3856481481,0.7259259259,0.6060185185,0.6611111111,0.6125,0.6416666667,0.6125,,-8.0,-4.0,-6.0,-4.0,-6.0,-6.0,-6.0,FA
13253,Niko Kavadas,0.0,L,,,93,11,1p20,50,58,-2,-3,-2,-3,9,13,0,1,0,1,3.7,7.1,-2,-2,-4,-4,17.7,25.1,-2,-1,-10,-5,8.0,15.5,-2,-2,-10,-10,1.5,2.8,-1,0,-2,0,,4.0,2,4,0,1,0,3,0,5,0,1,0,1,0,-2,0,0,3,3,3,3,-6,-2,-8,3/- (20-6),D,8,0,-1,0,-3,D,D,0,0,0,0,1,-25,-14,-18,,410.0,,,,,,,1b-4e10,,4.0,,,,,,,,10.0,,,,,,,,0.0,,,,,,,,2.0,,,,,,,,2.0,,,,,,,,-16.0,,,,,,,,-1.0,4,-4,,,,,,,0.3,,,,,,,,0.1805555556,,,,,,,,0.5736111111,,,,,,,,-6.0,,,,,,,FA
13029,Jose Trevino,0.44,R,,,209,20,4p40,10,16,1,1,1,1,14,8,2,0,2,0,10.6,15.0,-1,-1,-2,-2,26.6,25.0,-1,-1,-5,-5,19.6,21.0,-1,-1,-5,-5,3.0,2.0,1,-1,2,-2,4.0,3.0,4,3,2,0,6,0,5,5,1,1,1,1,2,2,28,30,-3,-3,-6,-6,1,-5,-4,2/- (20-6),E,9,0,-1,0,-3,D,C,0,0,0,0,4,-6,-18,-18,203.0,,,,,,,,"c-2(+2)e3,T-10(pb-4)",2.0,,,,,,,,3.0,,,,,,,,2.0,,,,,,,,3.0,,,,,,,,5.0,,,,,,,,-11.0,,,,,,,,2.0,0.0,-1,-1,c-2,"+2)e3,T-10",pb-4),,2.0,0.1,,,,,,,,0.038,,,,,,,,0.8658,,,,,,,,2.0,,,,,,,,FA
13132,Luis Matos,0.0,R,,,150,5,1p20,24,1,0,2,0,2,0,0,-3,-2,-3,-2,11.6,15.4,-1,-1,-2,-2,11.6,15.4,-2,-2,-10,-10,28.8,20.6,0,-1,0,-5,3.3,1.8,1,-1,2,-2,6.0,3.0,6,3,3,0,9,0,5,5,1,1,1,1,5,6,25,25,-2,-2,-4,-4,-3,-6,-9,-/- (---),E,13,0,1,0,3,D,D,0,0,0,0,1,-7,-22,-18,,,,,,404.0,404.0,404.0,cf-4(-1)e4 rf-4e4 lf-4e4,,,,,,4.0,4.0,4.0,,,,,,4.0,4.0,4.0,,,,,,-1.0,-2.0,-1.0,,,,,,2.0,3.0,2.0,,,,,,1.0,1.0,1.0,,,,,,-17.0,-17.0,-17.0,,,4,-4,,,,,,,,,,,0.55,0.55,0.55,,,,,,0.069,0.0462962963,0.069,,,,,,0.41895,0.4291666667,0.41895,,,,,,-8.0,-8.0,-8.0,FA
13069,Keibert Ruiz,0.22,S,,,459,16,2p60,0,0,3,3,3,3,0,0,-3,-2,-3,-2,18.6,18.1,0,0,0,0,20.7,20.1,-1,-2,-5,-10,25.0,27.4,-1,-1,-5,-5,0.2,2.0,-2,-1,-4,-2,0.0,2.0,0,2,-2,0,-6,0,5,5,1,1,1,1,1,1,22,22,-2,-2,-4,-4,-7,-4,-11,4/- (15-6),D,9,0,-1,0,-3,D,C,0,0,0,0,2,-23,-19,-18,402.0,,,,,,,,"c-4(0)e2,T-1(pb-0)",4.0,,,,,,,,2.0,,,,,,,,-2.0,,,,,,,,4.0,,,,,,,,2.0,,,,,,,,-16.0,,,,,,,,0.0,,2,1,c-4,"0)e2,T-1",pb-0),,0.0,0.3,,,,,,,,0.024,,,,,,,,0.6832,,,,,,,,-4.0,,,,,,,,FA
12827,Gabriel Arias,0.0,R,,,153,6,1p30,48,45,-2,-2,-2,-2,0,0,-3,-2,-3,-2,23.3,14.4,1,-1,2,-2,24.3,15.4,-1,-2,-5,-10,33.9,33.7,0,0,0,0,2.0,2.3,0,0,0,0,3.0,,3,-3,1,-3,3,-9,5,5,1,1,1,1,1,0,19,21,-1,-2,-2,-4,-4,-11,-15,*3-6/- (17-13),B,13,1,1,2,3,D,D,0,0,0,0,1,-6,-28,-19,,305.0,371.0,218.0,312.0,424.0,424.0,424.0,3b-2e18 ss-3e12 2b-3e71 1b-3e5 lf-4(-2)e24 cf-4e24 rf-4e24,,3.0,3.0,2.0,3.0,4.0,4.0,4.0,,5.0,71.0,18.0,12.0,24.0,24.0,24.0,,1.0,0.0,3.0,0.0,-1.0,-2.0,-1.0,,2.0,-2.0,0.0,2.0,-4.0,-2.0,-4.0,,3.0,-2.0,3.0,2.0,-5.0,-4.0,-5.0,,-16.0,-21.0,-16.0,-17.0,-24.0,-23.0,-24.0,,,4,-2,,,,,,,0.2,0.2,0.1,0.2,0.55,0.55,0.55,,0.08796296296,0.4259259259,0.2175925926,0.05555555556,0.431,0.287037037,0.431,,0.7296296296,0.4592592593,0.7041666667,0.7555555556,0.25605,0.3208333333,0.25605,,-4.0,-8.0,-4.0,-1.0,-8.0,-8.0,-8.0,CHCMiL
13359,Sean Bouchard,0.0,R,,,91,12,1p20,49,38,-2,-1,-2,-1,16,17,2,2,2,2,10.9,8.8,-1,-2,-2,-4,32.0,30.8,0,0,0,0,24.9,17.5,-1,-2,-5,-10,1.6,0.0,-1,-3,-2,-6,,,2,-3,0,-3,0,-9,0,0,0,0,0,0,0,0,0,0,3,3,3,3,0,-6,-6,*6/- (20-12),B,14,1,1,2,3,D,D,0,0,0,0,1,-6,-25,-19,,,,,,418.0,,418.0,rf-4(+1)e18 lf-4e18,,,,,,4.0,,4.0,,,,,,18.0,,18.0,,,,,,-1.0,,-1.0,,,,,,-4.0,,-4.0,,,,,,-5.0,,-5.0,,,,,,-24.0,,-24.0,,-2.0,4,-4,,,,,,,,,,,0.55,,0.55,,,,,,0.324,,0.324,,,,,,0.3042,,0.3042,,,,,,-6.0,,-6.0,FA
12555,Anthony Rendon,0.44,R,,,206,23,5p30,8,7,2,2,2,2,17,13,3,1,3,1,17.9,14.6,0,-1,0,-2,40.0,32.7,1,0,5,0,17.9,20.3,-1,-1,-5,-5,0.0,0.0,-2,-3,-4,-6,,,-3,-3,-3,-3,-9,-9,5,5,1,1,1,1,-4,-4,11,12,0,0,0,0,1,-4,-3,*6/- (19-11),B,11,1,0,2,0,D,C,0,0,0,0,5,-7,-18,-19,,,,317.0,,,,,3b-3e17,,,,3.0,,,,,,,,17.0,,,,,,,,1.0,,,,,,,,0.0,,,,,,,,1.0,,,,,,,,-18.0,,,,,,,-2,-2,,,,,,,,,0.2,,,,,,,,0.2037037037,,,,,,,,0.637037037,,,,,,,,-6.0,,,,,FA
13149,Manuel Margot,0.0,R,,,315,21,1p60,7,12,2,1,2,1,8,2,0,-2,0,-2,25.3,14.8,1,-1,2,-2,35.3,18.8,1,-2,5,-10,34.0,24.0,0,-1,0,-5,0.5,1.3,-2,-1,-4,-2,0.0,,0,-3,-2,-3,-6,-9,5,5,1,1,1,1,0,0,21,23,-2,-2,-4,-4,-1,-10,-11,3/- (20-6),C,14,0,1,0,3,D,C,0,0,0,0,1,-4,-32,-19,,,,,,406.0,406.0,406.0,lf-4(-1)e6 rf-4e6 cf-4e6,,,,,,4.0,4.0,4.0,,,,,,6.0,6.0,6.0,,,,,,-1.0,-2.0,-1.0,,,,,,2.0,3.0,2.0,,,,,,1.0,1.0,1.0,,,,,,-18.0,-18.0,-18.0,,-2.0,4,1,,,,,,,,,,,0.55,0.55,0.55,,,,,,0.106,0.06944444444,0.106,,,,,,0.4023,0.41875,0.4023,,,,,,-6.0,-6.0,-6.0,FA
12615,Brett Harris,0.0,R,,,103,17,1p20,31,14,0,1,0,1,16,24,2,3,2,3,0.3,1.9,-2,-3,-4,-6,20.4,29.9,-1,0,-5,0,1.4,7.6,-2,-2,-10,-10,0.3,1.9,-2,-1,-4,-2,,,0,3,-2,0,-6,0,0,0,0,0,0,0,0,0,18,16,-1,-1,-2,-2,-8,-3,-11,2-12/- (3-1),E,11,0,0,0,0,D,C,0,0,0,0,1,-29,-16,-19,,,,315.0,,,,,3b-3e15,,,,3.0,,,,,,,,15.0,,,,,,,,1.0,,,,,,,,1.0,,,,,,,,2.0,,,,,,,,-17.0,,,,,,,4,-4,,,,,,,,,0.2,,,,,,,,0.1805555556,,,,,,,,0.6555555556,,,,,,,,-4.0,,,,,FA
12719,Curtis Mead,0.0,R,,,122,6,1p20,21,27,0,0,0,0,5,0,-1,-2,-1,-2,36.9,13.9,2,-1,4,-2,44.9,16.9,2,-2,10,-10,40.2,22.3,1,-1,5,-5,0.0,2.8,-2,0,-4,0,,,-3,-3,-3,-3,-9,-9,5,5,1,1,1,1,-10,-8,12,12,0,0,0,0,0,-8,-8,3/- (20-6),D,11,0,0,0,0,D,D,0,0,0,0,1,6,-27,-19,,530.0,418.0,427.0,,,,,2b-4e18 3b-4e27 1b-5e30,,5.0,4.0,4.0,,,,,,30.0,18.0,27.0,,,,,,-2.0,-2.0,0.0,,,,,,-2.0,2.0,-2.0,,,,,,-4.0,0.0,-2.0,,,,,,-23.0,-19.0,-21.0,,,,,,,4,-4,,,,,,,0.4,0.3,0.3,,,,,,0.537037037,0.1064814815,0.3240740741,,,,,,0.2777777778,0.625462963,0.4731481481,,,,,,-8.0,-6.0,-8.0,,,,,FA
12931,Jared Walsh,0.0,L,,,53,7,1p20,83,49,-3,-2,-3,-2,0,18,-3,3,-3,3,0.0,19.9,-2,0,-4,0,0.0,37.9,-3,1,-15,5,0.0,24.0,-2,-1,-10,-5,0.0,0.5,-2,-2,-4,-4,,0.0,-3,0,-3,-2,-9,-6,0,5,0,1,0,1,0,3,24,14,-2,0,-4,0,-20,-2,-22,-/- (---),E,11,0,0,0,0,D,D,0,0,0,0,1,-52,-8,-19,,323.0,,,,,,,1b-3e23,,3.0,,,,,,,,23.0,,,,,,,,1.0,,,,,,,,-2.0,,,,,,,,-1.0,,,,,,,,-20.0,,,,,,,,2.0,4,-4,,,,,,,0.2,,,,,,,,0.412037037,,,,,,,,0.4703703704,,,,,,,,-8.0,,,,,,,FA
13363,Sean Murphy,1.43,R,,,233,27,5p40,55,21,-2,0,-2,0,4,17,-2,2,-2,2,9.0,8.3,-2,-2,-4,-4,16.0,28.3,-2,-1,-10,-5,27.1,16.0,0,-2,0,-10,5.8,2.0,3,-1,6,-2,,3.0,8,3,3,0,9,0,0,5,0,1,0,1,0,-4,21,18,-2,-1,-4,-2,-4,-4,-8,-/- (---),E,10,0,0,0,0,D,D,0,0,0,0,5,-7,-20,-20,202.0,,,,,,,,"c-2(0)e2,T-8(pb-1)",2.0,,,,,,,,2.0,,,,,,,,2.0,,,,,,,,4.0,,,,,,,,6.0,,,,,,,,-14.0,,,,,,,,0.0,-1.0,-2,-1,c-2,"0)e2,T-8",pb-1),,0.0,0.1,,,,,,,,0.024,,,,,,,,0.8784,,,,,,,,4.0,,,,,,,,FA
12670,Chas McCormick,0.0,R,,,242,17,3p50,24,39,0,-2,0,-2,6,6,-1,-1,-1,-1,12.9,14.9,-1,-1,-2,-2,21.9,23.9,-1,-1,-5,-5,24.0,19.8,-1,-2,-5,-10,2.3,1.3,0,-1,0,-2,,1.0,-3,1,-3,-1,-9,-3,5,5,1,1,1,1,0,0,7,8,1,1,1,1,-5,-7,-12,"*5,6/- (18-12)",B,14,1,1,2,3,C,D,0,0,0,0,3,-20,-23,-20,,,,,,202.0,202.0,202.0,lf-2(+1)e2 rf-2e2 cf-2e2,,,,,,2.0,2.0,2.0,,,,,,2.0,2.0,2.0,,,,,,3.0,2.0,3.0,,,,,,4.0,4.0,4.0,,,,,,7.0,6.0,7.0,,,,,,-13.0,-14.0,-13.0,,-5.0,1,0,,,,,,,,,,,0.15,0.15,0.15,,,,,,0.037,0.02314814815,0.037,,,,,,0.81855,0.8303240741,0.81855,,,,,,6.0,6.0,6.0,CYP
13460,Tyler Wade,0.0,L,,,138,11,1p40,6,19,2,1,2,1,3,6,-2,-1,-2,-1,0.0,19.7,-2,0,-4,0,6.0,28.7,-3,0,-15,0,0.0,19.7,-2,-2,-10,-10,0.0,0.0,-2,-3,-4,-6,,,-3,-3,-3,-3,-9,-9,0,5,0,1,0,1,0,-2,0,0,3,3,3,3,-9,-4,-13,"*5,6/- (19-13)",B,16,1,2,2,6,A,D,2,0,2,0,1,-39,-21,-20,,,314.0,317.0,416.0,412.0,412.0,412.0,3b-3e17 ss-4e16 2b-3e14 lf-4(+2)e12 cf-4e12 rf-4e12,,,3.0,3.0,4.0,4.0,4.0,4.0,,,14.0,17.0,16.0,12.0,12.0,12.0,,,0.0,1.0,-2.0,-1.0,-2.0,-1.0,,,2.0,0.0,2.0,-2.0,0.0,-2.0,,,2.0,1.0,0.0,-3.0,-2.0,-3.0,,,-18.0,-19.0,-20.0,-23.0,-22.0,-23.0,,0.0,4,-1,,,,,,,,0.2,0.2,0.3,0.55,0.55,0.55,,,0.08333333333,0.2037037037,0.08333333333,0.218,0.1435185185,0.218,,,0.7333333333,0.637037037,0.6416666667,0.3519,0.3854166667,0.3519,,,-4.0,-6.0,-6.0,-8.0,-8.0,-8.0,FA
12770,Dylan Carlson,0.0,S,,,235,22,3p50,27,45,0,-2,0,-2,14,5,2,-1,2,-1,11.9,13.1,-1,-1,-2,-2,29.9,22.0,0,-2,0,-10,21.5,22.1,-1,-1,-5,-5,1.8,3.0,-1,1,-2,2,,,-3,-3,-3,-3,-9,-9,5,5,1,1,1,1,7,8,3,4,2,1,2,1,-1,-7,-8,7/- (13-6),D,13,0,1,0,3,D,D,0,0,0,0,3,-13,-25,-20,,,,,,303.0,403.0,303.0,lf-3(0)e3 rf-3e3 cf-4e3,,,,,,3.0,4.0,3.0,,,,,,3.0,3.0,3.0,,,,,,0.0,-2.0,0.0,,,,,,4.0,4.0,4.0,,,,,,4.0,2.0,4.0,,,,,,-16.0,-18.0,-16.0,,,1,0,,,,,,,,,,,0.3,0.55,0.3,,,,,,0.056,0.03703703704,0.056,,,,,,0.6608,0.4333333333,0.6608,,,,,,-4.0,-8.0,-4.0,FA
12812,Evan Carter,1.07,L,,,144,15,5p20,49,29,-2,0,-2,0,0,13,-3,1,-3,1,0.0,12.3,-2,-2,-4,-4,3.0,28.3,-3,-1,-15,-5,0.0,30.3,-2,0,-10,0,0.0,2.8,-2,0,-4,0,,,-3,3,-3,0,-9,0,0,0,0,0,0,0,0,0,3,1,2,2,2,2,-15,0,-15,3/- (20-6),D,15,0,2,0,6,D,D,0,0,0,0,5,-45,-6,-20,,,,,,404.0,304.0,304.0,lf-4(-1)e4 rf-3e4 cf-3e4,,,,,,4.0,3.0,3.0,,,,,,4.0,4.0,4.0,,,,,,-1.0,0.0,0.0,,,,,,2.0,3.0,2.0,,,,,,1.0,3.0,2.0,,,,,,-19.0,-17.0,-18.0,,2.0,-2,-4,,,,,,,,,,,0.55,0.3,0.3,,,,,,0.069,0.0462962963,0.069,,,,,,0.41895,0.6675925926,0.6517,,,,,,-10.0,-6.0,-6.0,MDWIL
13311,Riley Adams,0.27,R,,,116,10,2p20,36,33,-1,-1,-1,-1,7,7,-1,-1,-1,-1,20.7,16.0,0,-1,0,-2,30.7,26.0,0,-1,0,-5,30.5,25.2,0,-1,0,-5,0.0,1.8,-2,-1,-4,-2,,2.0,-3,2,-3,0,-9,0,5,5,1,1,1,1,-10,-8,18,20,-1,-2,-2,-4,-7,-7,-14,2/- (20-6),E,10,0,0,0,0,D,D,0,0,0,0,2,-16,-19,-20,409.0,,,,,,,,"c-4(+2)e9,T-12(pb-1)",4.0,,,,,,,,9.0,,,,,,,,-2.0,,,,,,,,0.0,,,,,,,,-2.0,,,,,,,,-20.0,,,,,,,,2.0,1.0,2,-4,c-4,"+2)e9,T-12",pb-1),,2.0,0.3,,,,,,,,0.107,,,,,,,,0.6251,,,,,,,,-8.0,,,,,,,,FA
13131,Luis Guillorme,0.47,L,,,161,23,1p40,19,17,1,1,1,1,4,19,-2,3,-2,3,0.0,15.8,-2,-1,-4,-2,4.0,34.8,-3,1,-15,5,0.0,23.8,-2,-1,-10,-5,0.0,0.0,-2,-3,-4,-6,,,-3,-3,-3,-3,-9,-9,0,5,0,1,0,1,0,-6,30,25,-3,-2,-6,-4,-16,-4,-20,*2-6/- (15-12),C,10,0,0,0,0,D,C,0,0,0,0,1,-49,-16,-21,,,205.0,216.0,321.0,,,,2b-2e5 3b-2e16 ss-3e21,,,2.0,2.0,3.0,,,,,,5.0,16.0,21.0,,,,,,2.0,3.0,0.0,,,,,,3.0,0.0,0.0,,,,,,5.0,3.0,0.0,,,,,,-16.0,-18.0,-21.0,,,,,,4,-1,,,,,,,,0.1,0.1,0.2,,,,,,0.03240740741,0.1898148148,0.1064814815,,,,,,0.8708333333,0.7291666667,0.7148148148,,,,,,4.0,-4.0,-4.0,,,,MKE
12628,Bryan Ramos,0.0,R,,,99,7,1p20,13,23,1,0,1,0,2,9,-2,0,-2,0,9.0,13.4,-2,-1,-4,-2,11.0,22.3,-2,-1,-10,-5,13.4,24.2,-2,-1,-10,-5,1.5,2.0,-1,-1,-2,-2,1.0,3.0,1,3,-1,0,-3,0,5,5,1,1,1,1,6,6,23,20,-2,-2,-4,-4,-10,-5,-15,2-12/- (3-1),E,12,0,0,0,0,D,C,0,0,0,0,1,-33,-17,-21,,,,308.0,,,,,3b-3e8,,,,3.0,,,,,,,,8.0,,,,,,,,1.0,,,,,,,,2.0,,,,,,,,3.0,,,,,,,,-18.0,,,,,,-2.0,4,-4,,,,,,,,,0.2,,,,,,,,0.09722222222,,,,,,,,0.7222222222,,,,,,,,-4.0,,,,,FA
12550,Angel Martinez,0.1,S,,,151,15,5p20,13,20,1,0,1,0,18,7,3,-1,3,-1,18.3,17.4,0,-1,0,-2,36.3,24.4,1,-1,5,-5,23.6,24.1,-1,-1,-5,-5,0.0,1.1,-2,-2,-4,-4,,1.0,-3,1,-3,-1,-9,-3,5,5,1,1,1,1,2,2,7,9,1,1,1,1,1,-5,-4,*7/- (17-6),C,13,0,1,0,3,D,C,0,0,0,0,5,-7,-18,-21,,,471.0,456.0,,405.0,405.0,405.0,cf-4(-1)e5 lf-4e5 3b-4e56 rf-4e5 2b-4e71,,,4.0,4.0,,4.0,4.0,4.0,,,71.0,56.0,,5.0,5.0,5.0,,,-2.0,0.0,,-1.0,-2.0,-1.0,,,-2.0,-2.0,,2.0,3.0,2.0,,,-4.0,-2.0,,1.0,1.0,1.0,,,-25.0,-23.0,,-20.0,-20.0,-20.0,,-2.0,-2,-4,,,,,,,,0.3,0.3,,0.55,0.55,0.55,,,0.4259259259,0.6018518519,,0.088,0.06018518519,0.088,,,0.4018518519,0.2787037037,,0.4104,0.4229166667,0.4104,,,-8.0,-8.0,,-6.0,-6.0,-6.0,FA
12748,Daz Cameron,0.0,R,,,170,13,1p30,38,31,-1,-1,-1,-1,16,0,2,-2,2,-2,18.4,5.8,0,-2,0,-4,35.4,6.8,1,-3,5,-15,38.1,12.8,1,-2,5,-10,4.4,2.3,2,0,4,0,8.0,,8,-3,3,-3,9,-9,5,5,1,1,1,1,0,0,11,14,0,0,0,0,9,-12,-3,*6/- (20-11),B,14,1,1,2,3,D,D,0,0,0,0,1,25,-40,-21,,,,,,306.0,306.0,306.0,lf-3(-2)e6 rf-3e6 cf-3e6,,,,,,3.0,3.0,3.0,,,,,,6.0,6.0,6.0,,,,,,0.0,0.0,0.0,,,,,,2.0,3.0,2.0,,,,,,2.0,3.0,2.0,,,,,,-19.0,-18.0,-19.0,,,4,-2,,,,,,,,,,,0.3,0.3,0.3,,,,,,0.106,0.06944444444,0.106,,,,,,0.6258,0.6513888889,0.6258,,,,,,-6.0,-4.0,-6.0,MDW
12834,Garrett Stubbs,0.37,L,,,164,17,2p30,25,37,0,-1,0,-1,14,9,2,0,2,0,17.4,10.1,0,-2,0,-4,36.4,24.1,1,-1,5,-5,17.4,18.9,-1,-2,-5,-10,0.0,1.8,-2,-1,-4,-2,,,-3,-3,-3,-3,-9,-9,5,5,1,1,1,1,4,5,0,0,3,3,3,3,1,-6,-5,*5/- (20-11),B,14,1,1,2,3,C,D,0,0,0,0,2,-7,-27,-21,301.0,,,,,,,,"c-3(-1)e1,T-5(pb-2)",3.0,,,,,,,,1.0,,,,,,,,0.0,,,,,,,,4.0,,,,,,,,4.0,,,,,,,,-18.0,,,,,,,,-1.0,,2,-2,c-3,"-1)e1,T-5",pb-2),,-1.0,0.2,,,,,,,,0.014,,,,,,,,0.7888,,,,,,,,0.0,,,,,,,,FA
13187,Michael A Taylor,0.52,R,,,269,23,1p50,55,52,-2,-2,-2,-2,10,8,1,0,1,0,9.5,11.3,-1,-2,-2,-4,19.5,19.3,-1,-2,-5,-10,20.4,19.7,-1,-2,-5,-10,2.1,2.2,0,0,0,0,3.0,,3,-3,1,-3,3,-9,5,5,1,1,1,1,-2,-6,6,6,1,1,1,1,-1,-9,-10,"*4,6/- (19-13)",B,15,1,2,2,6,C,D,0,0,0,0,1,-8,-33,-21,,,,,,206.0,106.0,,cf-1(-3)e6 lf-2e6,,,,,,2.0,1.0,,,,,,,6.0,6.0,,,,,,,3.0,4.0,,,,,,,2.0,3.0,,,,,,,5.0,7.0,,,,,,,-16.0,-14.0,,,0.0,4,0,,,,,,,,,,,0.15,0.0,,,,,,,0.106,0.06944444444,,,,,,,0.7599,0.9305555556,,,,,,,-1.0,6.0,,FA
13410,Thairo Estrada,0.0,R,,,364,10,3p50,17,18,1,1,1,1,0,0,-3,-2,-3,-2,9.8,17.4,-1,-1,-2,-2,12.8,20.4,-2,-2,-10,-10,15.6,26.5,-1,-1,-5,-5,0.8,1.4,-2,-1,-4,-2,1.0,2.0,1,2,-1,0,-3,0,5,5,1,1,1,1,3,3,17,17,-1,-1,-2,-2,-9,-6,-15,"4,6/10 (13-6)",D,14,0,1,0,3,D,C,0,0,0,0,3,-27,-21,-21,,,204.0,,,,,,2b-2e4,,,2.0,,,,,,,,4.0,,,,,,,,2.0,,,,,,,,4.0,,,,,,,,6.0,,,,,,,,-15.0,,,,,,,0.0,1,0,,,,,,,,0.1,,,,,,,,0.02314814815,,,,,,,,0.8791666667,,,,,,,,4.0,,,,,,FA
13139,Luis Urias,0.64,R,,,94,9,1p20,40,43,-1,-2,-1,-2,14,4,2,-2,2,-2,6.4,12.0,-2,-2,-4,-4,32.4,28.0,0,-1,0,-5,21.6,25.8,-1,-1,-5,-5,4.4,0.9,2,-2,4,-4,,,8,0,3,-2,9,-6,0,0,0,0,0,0,0,0,10,15,0,-1,0,-2,3,-13,-10,-/- (---),E,10,0,0,0,0,D,D,0,0,0,0,1,5,-30,-21,,,,434.0,,,,,3b-4e34,,,,4.0,,,,,,,,34.0,,,,,,,,0.0,,,,,,,,-2.0,,,,,,,,-2.0,,,,,,,,-23.0,,,,,,0.0,4,-4,,,,,,,,,0.3,,,,,,,,0.4074074074,,,,,,,,0.4148148148,,,,,,,,-8.0,,,,,FA
13084,Korey Lee,0.07,R,,,377,17,2p60,39,42,-1,-2,-1,-2,4,1,-2,-2,-2,-2,13.4,15.7,-1,-1,-2,-2,17.5,16.7,-2,-2,-10,-10,19.5,26.2,-1,-1,-5,-5,2.0,2.0,0,-1,0,-2,2.0,3.0,2,3,0,0,0,0,5,5,1,1,1,1,-4,-4,23,23,-2,-2,-4,-4,-8,-10,-18,*3-6/- (15-11),C,13,0,1,0,3,D,D,0,0,0,0,2,-23,-26,-22,302.0,,,,,,,,"c-3(-1)e2,T-4(pb-3)",3.0,,,,,,,,2.0,,,,,,,,0.0,,,,,,,,4.0,,,,,,,,4.0,,,,,,,,-19.0,,,,,,,,-1.0,-3.0,2,1,c-3,"-1)e2,T-4",pb-3),,-1.0,0.2,,,,,,,,0.024,,,,,,,,0.7808,,,,,,,,0.0,,,,,,,,POR
13089,Kyle Farmer,0.0,R,,,215,19,2p50,16,22,1,0,1,0,4,12,-2,1,-2,1,21.9,7.8,0,-2,0,-4,31.9,25.9,0,-1,0,-5,34.2,16.5,0,-2,0,-10,1.3,0.6,-1,-2,-2,-4,2.0,,2,0,0,-2,0,-6,5,0,1,0,1,0,1,0,20,17,-2,-1,-4,-2,-3,-9,-12,"*2-6,11,12/7,8,10 (15-6)",D,12,0,0,0,0,D,D,0,0,0,0,2,-6,-30,-22,,418.0,308.0,312.0,406.0,,,,2b-3e8 3b-3e12 ss-4e6 1b-4e18,,4.0,3.0,3.0,4.0,,,,,18.0,8.0,12.0,6.0,,,,,0.0,0.0,1.0,-2.0,,,,,0.0,3.0,1.0,3.0,,,,,0.0,3.0,2.0,1.0,,,,,-22.0,-19.0,-20.0,-21.0,,,,,,2,0,,,,,,,0.3,0.2,0.2,0.3,,,,,0.3240740741,0.0462962963,0.1435185185,0.03240740741,,,,,0.4731481481,0.762962963,0.6851851852,0.6773148148,,,,,-8.0,-1.0,-4.0,-4.0,,,,NSH
12567,Austin Slater,0.0,R,,,177,26,2p40,34,45,-1,-2,-1,-2,22,12,3,1,3,1,8.7,12.5,-2,-1,-4,-2,35.7,29.5,1,0,5,0,16.8,13.7,-1,-2,-5,-10,2.7,0.0,0,-3,0,-6,,,-3,-3,-3,-3,-9,-9,5,5,1,1,1,1,5,5,15,15,-1,-1,-2,-2,-3,-10,-13,*2-5/12 (15-9),C,14,0,1,0,3,C,D,0,0,0,0,2,-12,-29,-23,,,,,,207.0,307.0,207.0,rf-2(-2)e7 lf-2e7 cf-3e7,,,,,,2.0,3.0,2.0,,,,,,7.0,7.0,7.0,,,,,,3.0,0.0,3.0,,,,,,2.0,3.0,2.0,,,,,,5.0,3.0,5.0,,,,,,-18.0,-20.0,-18.0,,,2,-1,,,,,,,,,,,0.15,0.3,0.15,,,,,,0.125,0.08333333333,0.125,,,,,,0.74375,0.6416666667,0.74375,,,,,,-4.0,-6.0,-4.0,CAN
13419,Tomas Nido,0.0,R,,,130,5,4p30,56,18,-2,1,-2,1,0,0,-3,-2,-3,-2,8.6,14.1,-2,-1,-4,-2,8.6,14.1,-2,-2,-10,-10,10.0,23.7,-2,-1,-10,-5,0.4,2.5,-2,0,-4,0,0.0,4.0,0,4,-2,1,-6,3,5,5,1,1,1,1,-5,-7,4,4,1,1,1,1,-13,-2,-15,-/- (---),E,8,0,-1,0,-3,B,D,1,0,1,0,4,-37,-13,-23,303.0,,,,,,,,"c-3(-1)e3,T-16(pb-0)",3.0,,,,,,,,3.0,,,,,,,,0.0,,,,,,,,3.0,,,,,,,,3.0,,,,,,,,-21.0,,,,,,,,-1.0,,-1,-2,c-3,"-1)e3,T-16",pb-0),,-1.0,0.2,,,,,,,,0.038,,,,,,,,0.7696,,,,,,,,0.0,,,,,,,,FA
12809,Estevan Florial,0.16,L,,,98,11,1p20,53,56,-2,-3,-2,-3,7,13,-1,1,-1,1,2.8,7.8,-2,-2,-4,-4,11.8,22.8,-2,-1,-10,-5,5.6,21.2,-2,-1,-10,-5,0.0,1.6,-2,-1,-4,-2,,,-3,3,-3,0,-9,0,0,0,0,0,0,0,0,0,15,11,-1,0,-2,0,-15,-7,-22,"*2-6,11,12/- (15-12)",C,15,0,2,0,6,D,D,0,0,0,0,1,-42,-18,-23,,,,,,310.0,310.0,310.0,lf-3(0)e10 rf-3e10 cf-3e10,,,,,,3.0,3.0,3.0,,,,,,10.0,10.0,10.0,,,,,,0.0,0.0,0.0,,,,,,0.0,2.0,0.0,,,,,,0.0,2.0,0.0,,,,,,-23.0,-21.0,-23.0,,,4,-4,,,,,,,,,,,0.3,0.3,0.3,,,,,,0.181,0.1203703704,0.181,,,,,,0.5733,0.6157407407,0.5733,,,,,,-6.0,-6.0,-6.0,FA
12923,James Outman,0.0,L,,,136,16,1p30,53,50,-2,-2,-2,-2,17,12,3,1,3,1,0.4,2.3,-2,-3,-4,-6,23.5,20.3,-1,-2,-5,-10,0.9,7.9,-2,-2,-10,-10,0.0,1.8,-2,-1,-4,-2,,,-3,2,-3,0,-9,0,0,0,0,0,0,0,0,0,0,0,3,3,3,3,-6,-6,-12,4-6/- (13-11),D,15,0,2,0,6,D,D,0,0,0,0,1,-28,-26,-23,,,,,,,304.0,,cf-3(-1)e4,,,,,,,3.0,,,,,,,,4.0,,,,,,,,0.0,,,,,,,,3.0,,,,,,,,3.0,,,,,,,,-20.0,,,1.0,4,-2,,,,,,,,,,,,0.3,,,,,,,,0.0462962963,,,,,,,,0.6675925926,,,,,,,,-5.0,,FA
13078,Kevin Kiermaier,1.03,L,,,259,12,1p60,39,42,-1,-2,-1,-2,7,0,-1,-2,-1,-2,5.1,15.8,-2,-1,-4,-2,14.1,17.9,-2,-2,-10,-10,8.4,25.1,-2,-1,-10,-5,0.0,1.0,-2,-2,-4,-4,,1.0,-3,1,-3,-1,-9,-3,5,5,1,1,1,1,0,-4,10,11,0,0,0,0,-12,-10,-22,*2-5/- (17-12),B,15,1,2,2,6,B,D,1,0,1,0,1,-38,-27,-23,,,,,,,106.0,,cf-1(-3)e6,,,,,,,1.0,,,,,,,,6.0,,,,,,,,4.0,,,,,,,,3.0,,,,,,,,7.0,,,,,,,,-16.0,,,-2.0,4,1,,,,,,,,,,,,0.0,,,,,,,,0.06944444444,,,,,,,,0.9305555556,,,,,,,,8.0,,FA
12621,Brooks Lee,0.0,S,,,172,11,2p30,13,6,1,2,1,2,0,2,-3,-2,-3,-2,18.9,16.6,0,-1,0,-2,18.9,18.6,-1,-2,-5,-10,21.1,31.8,-1,0,-5,0,0.8,3.4,-2,1,-4,2,0.0,,0,-3,-2,-3,-6,-9,5,5,1,1,1,1,6,6,27,26,-2,-2,-4,-4,-9,-6,-15,4/- (20-6),C,12,0,0,0,0,D,D,0,0,0,0,2,-25,-22,-23,,,344.0,308.0,314.0,,,,ss-3e14 3b-3e8 2b-3e44,,,3.0,3.0,3.0,,,,,,44.0,8.0,14.0,,,,,,0.0,1.0,0.0,,,,,,-2.0,2.0,2.0,,,,,,-2.0,3.0,2.0,,,,,,-25.0,-20.0,-21.0,,,,,,2,-2,,,,,,,,0.2,0.2,0.2,,,,,,0.2638888889,0.09722222222,0.07407407407,,,,,,0.5888888889,0.7222222222,0.7407407407,,,,,,-6.0,-4.0,-4.0,,,,FA
13066,KeBryan Hayes,0.59,R,,,365,23,4p50,7,19,2,1,2,1,13,2,2,-2,2,-2,30.6,16.6,2,-1,4,-2,45.6,20.7,2,-2,10,-10,41.3,18.9,1,-2,5,-10,2.3,0.8,0,-2,0,-4,4.0,,4,-3,2,-3,6,-9,5,5,1,1,1,1,-10,-11,21,23,-2,-2,-4,-4,10,-12,-2,*7/- (19-12),B,13,1,1,2,3,D,C,0,0,0,0,4,26,-39,-23,,,,108.0,,,,,3b-1e8,,,,1.0,,,,,,,,8.0,,,,,,,,4.0,,,,,,,,2.0,,,,,,,,6.0,,,,,,,,-17.0,,,,,,0.0,-1,0,,,,,,,,,0.0,,,,,,,,0.09722222222,,,,,,,,0.9027777778,,,,,,,,6.0,,,,,DEN
12595,Brandon Crawford,0.0,L,,,71,8,1p20,35,46,-1,-2,-1,-2,0,15,-3,2,-3,2,3.7,7.8,-2,-2,-4,-4,6.7,25.8,-2,-1,-10,-5,7.4,21.5,-2,-1,-10,-5,0.0,3.0,-2,1,-4,2,,,-3,-3,-3,-3,-9,-9,0,0,0,0,0,0,0,0,0,0,3,3,3,3,-12,-3,-15,-/- (---),E,11,0,0,0,0,D,D,0,0,0,0,1,-38,-18,-23,,,,437.0,410.0,,,,ss-4e10 3b-4e37,,,,4.0,4.0,,,,,,,37.0,10.0,,,,,,,0.0,-2.0,,,,,,,-2.0,3.0,,,,,,,-2.0,1.0,,,,,,,-25.0,-22.0,,,,,,4,-4,,,,,,,,,0.3,0.3,,,,,,,0.4444444444,0.05092592593,,,,,,,0.3888888889,0.6643518519,,,,,,,-8.0,-4.0,,,,FA
12989,Jonah Heim,0.39,S,,,459,26,2p60,12,16,1,1,1,1,6,1,-1,-2,-1,-2,18.9,15.6,0,-1,0,-2,26.9,18.6,0,-2,0,-10,28.3,19.7,0,-2,0,-10,2.2,1.2,0,-2,0,-4,3.0,1.0,3,1,1,-1,3,-3,5,5,1,1,1,1,2,2,20,21,-2,-2,-4,-4,0,-10,-10,4/12 (13-5),E,9,0,-1,0,-3,D,C,0,0,0,0,2,0,-33,-23,203.0,,,,,,,,"c-2(+2)e3,T-6(pb-0)",2.0,,,,,,,,3.0,,,,,,,,2.0,,,,,,,,3.0,,,,,,,,5.0,,,,,,,,-16.0,,,,,,,,2.0,-1.0,2,1,c-2,"+2)e3,T-6",pb-0),,2.0,0.1,,,,,,,,0.038,,,,,,,,0.8658,,,,,,,,2.0,,,,,,,,FA
12520,Alek Thomas,0.0,L,,,95,7,6p20,8,12,2,1,2,1,1,7,-2,-1,-2,-1,6.2,12.9,-2,-1,-4,-2,7.2,19.9,-2,-2,-10,-10,15.1,29.7,-1,0,-5,0,1.6,2.2,-1,0,-2,0,3.0,,3,4,1,1,3,3,5,0,1,0,1,0,0,0,34,31,-3,-3,-6,-6,-7,-5,-12,"*2-5,11,12/- (19-13)",B,14,1,1,2,3,D,C,0,0,0,0,6,-23,-15,-24,,,,,,,105.0,,cf-1(0)e5,,,,,,,1.0,,,,,,,,5.0,,,,,,,,4.0,,,,,,,,3.0,,,,,,,,7.0,,,,,,,,-17.0,,,2.0,-4,-4,,,,,,,,,,,,0.0,,,,,,,,0.06018518519,,,,,,,,0.9398148148,,,,,,,,4.0,,FA
13210,Miguel Vargas,0.0,R,,,206,25,1p40,10,38,1,-1,1,-1,12,17,1,2,1,2,2.4,3.3,-2,-3,-4,-6,17.4,23.4,-2,-1,-10,-5,6.1,7.3,-2,-2,-10,-10,0.8,0.9,-2,-2,-4,-4,,,1,1,-1,-1,-3,-3,0,0,0,0,0,0,0,0,13,13,0,0,0,0,-7,-8,-15,*7/- (17-6),C,13,0,1,0,3,D,D,0,0,0,0,1,-29,-27,-24,,,,418.0,,509.0,,,3b-4e18 lf-5(-1)e9,,,,4.0,,5.0,,,,,,18.0,,9.0,,,,,,0.0,,-3.0,,,,,,0.0,,0.0,,,,,,0.0,,-3.0,,,,,,-24.0,,-27.0,,,,-3.0,4,-1,,,,,,,,,0.3,,0.75,,,,,,0.2175925926,,0.162,,,,,,0.5476851852,,0.2095,,,,,,-8.0,,-5.0,,,FA
12547,Andy Ibanez,1.0,R,,,224,15,2p50,20,50,0,-2,0,-2,8,0,0,-2,0,-2,23.4,11.3,1,-2,2,-4,34.4,14.3,0,-2,0,-10,33.3,18.0,0,-2,0,-10,1.3,2.3,-1,0,-2,0,2.0,,2,-3,0,-3,0,-9,5,5,1,1,1,1,8,8,4,5,1,1,1,1,2,-11,-9,"2-5,12/9,10 (13-5)",D,12,0,0,0,0,D,D,0,0,0,0,2,2,-35,-24,,315.0,306.0,410.0,448.0,416.0,,,2b-3e6 1b-3e15 3b-4e10 ss-4e48 lf-4(+1)e16,,3.0,3.0,4.0,4.0,4.0,,,,15.0,6.0,10.0,48.0,16.0,,,,1.0,0.0,0.0,-2.0,-1.0,,,,1.0,3.0,2.0,-2.0,-2.0,,,,2.0,3.0,2.0,-4.0,-3.0,,,,-22.0,-21.0,-22.0,-28.0,-27.0,,,,0.0,2,0,,,,,,,0.2,0.2,0.3,0.3,0.55,,,,0.2685185185,0.03703703704,0.1203703704,0.2453703704,0.287,,,,0.5851851852,0.7703703704,0.6157407407,0.5282407407,0.32085,,,,-6.0,-1.0,-6.0,-8.0,-8.0,,,FA
13438,Trey Cabbage,0.0,L,,,86,4,1p20,56,56,-2,-3,-2,-3,0,1,-3,-2,-3,-2,2.2,18.5,-2,0,-4,0,4.2,21.5,-3,-2,-15,-10,2.2,42.0,-2,1,-10,5,0.0,2.8,-2,0,-4,0,,,-3,-3,-3,-3,-9,-9,5,0,1,0,1,0,4,0,8,8,1,1,1,1,-15,-8,-23,"*2-6,11,12/7 (15-7)",D,14,0,1,0,3,D,D,0,0,0,0,1,-45,-18,-24,,,,,,406.0,,406.0,rf-4(-1)e6 lf-4e6,,,,,,4.0,,4.0,,,,,,6.0,,6.0,,,,,,-1.0,,-1.0,,,,,,2.0,,2.0,,,,,,1.0,,1.0,,,,,,-23.0,,-23.0,,,4,-4,,,,,,,,,,,0.55,,0.55,,,,,,0.106,,0.106,,,,,,0.4023,,0.4023,,,,,,-8.0,,-8.0,FA
12776,Eddie Rosario,0.0,L,,,297,16,1p40,15,30,1,-1,1,-1,3,1,-2,-2,-2,-2,6.7,9.3,-2,-2,-4,-4,9.7,10.3,-2,-3,-10,-15,6.7,20.6,-2,-1,-10,-5,0.0,2.5,-2,0,-4,0,,,-3,3,-3,0,-9,0,5,0,1,0,1,0,5,0,9,9,0,1,0,1,-11,-8,-19,"*4,5/- (19-13)",B,12,1,0,2,0,D,B,0,1,0,2,1,-37,-26,-25,,,,,,305.0,405.0,405.0,lf-3(0)e5 rf-4e5 cf-4e5,,,,,,3.0,4.0,4.0,,,,,,5.0,5.0,5.0,,,,,,0.0,-2.0,-1.0,,,,,,2.0,3.0,2.0,,,,,,2.0,1.0,1.0,,,,,,-23.0,-24.0,-24.0,,1.0,4,-1,,,,,,,,,,,0.3,0.55,0.55,,,,,,0.088,0.06018518519,0.088,,,,,,0.6384,0.4229166667,0.4104,,,,,,-7.0,-9.0,-9.0,FA
13255,Noelvi Marte,0.0,R,,,229,9,1p30,58,38,-2,-1,-2,-1,0,0,-3,-2,-3,-2,16.2,16.7,0,-1,0,-2,19.2,19.7,-1,-2,-5,-10,24.6,19.9,-1,-2,-5,-10,1.4,0.2,-1,-2,-2,-4,0.0,0.0,0,0,-2,-2,-6,-6,5,5,1,1,1,1,-8,-10,0,0,3,3,3,3,-6,-8,-14,*3-6/- (18-13),B,14,1,1,2,3,D,C,0,0,0,0,1,-19,-31,-25,,,441.0,337.0,,,,,3b-3e37 2b-4e41,,,4.0,3.0,,,,,,,41.0,37.0,,,,,,,-2.0,1.0,,,,,,,-2.0,-2.0,,,,,,,-4.0,-1.0,,,,,,,-29.0,-26.0,,,,,,,4,-2,,,,,,,,0.3,0.2,,,,,,,0.2453703704,0.4444444444,,,,,,,0.5282407407,0.4444444444,,,,,,,-8.0,-8.0,,,,,FA
13085,Kris Bryant,0.0,R,,,133,13,5p20,48,37,-2,-1,-2,-1,0,15,-3,2,-3,2,6.3,14.8,-2,-1,-4,-2,18.3,41.8,-2,2,-10,10,8.8,23.5,-2,-1,-10,-5,0.9,2.0,-2,-1,-4,-2,0.0,,0,-3,-2,-3,-6,-9,5,5,1,1,1,1,-2,-2,28,22,-3,-2,-6,-4,-17,-4,-21,-/- (---),E,11,0,0,0,0,D,D,0,0,0,0,5,-44,-10,-25,,418.0,,,,,,409.0,1b-4e18 rf-4(-1)e9,,4.0,,,,,,4.0,,18.0,,,,,,9.0,,0.0,,,,,,-1.0,,0.0,,,,,,0.0,,0.0,,,,,,-1.0,,-25.0,,,,,,-26.0,,,-2,-4,,,,,,,0.3,,,,,,0.55,,0.3240740741,,,,,,0.162,,0.4731481481,,,,,,0.3771,,-8.0,,,,,,-8.0,FA
13209,Miguel Sano,0.0,R,,,83,9,4p20,45,58,-2,-3,-2,-3,18,11,3,1,3,1,16.7,11.2,0,-2,0,-4,39.7,27.2,1,-1,5,-5,31.7,15.3,0,-2,0,-10,3.1,1.1,1,-2,2,-4,,1.0,-3,1,-3,-1,-9,-3,5,5,1,1,1,1,-6,-7,10,13,0,0,0,0,1,-9,-8,-/- (---),E,10,0,0,0,0,D,D,0,0,0,0,4,0,-27,-25,,413.0,,411.0,,,,,3b-4e11 1b-4e13,,4.0,,4.0,,,,,,13.0,,11.0,,,,,,0.0,,0.0,,,,,,1.0,,1.0,,,,,,1.0,,1.0,,,,,,-24.0,,-24.0,,,,,,-2.0,-1,-4,,,,,,,0.3,,0.3,,,,,,0.2361111111,,0.1342592593,,,,,,0.5347222222,,0.6060185185,,,,,,-8.0,,-6.0,,,,,FA
13407,Taylor Walls,0.97,S,,,218,31,5p40,57,27,-2,0,-2,0,3,21,-2,3,-2,3,11.6,7.8,-1,-2,-2,-4,14.6,28.8,-2,0,-10,0,20.6,14.0,-1,-2,-5,-10,0.0,1.0,-2,-2,-4,-4,,,-3,-3,-3,-3,-9,-9,5,5,1,1,1,1,-3,-2,10,7,0,1,0,1,-12,-4,-16,"*2-5,11,12/- (19-14)",A,15,2,2,4,6,D,D,0,0,0,0,5,-33,-22,-25,,,,,107.0,,,,ss-1e7,,,,,1.0,,,,,,,,7.0,,,,,,,,5.0,,,,,,,,3.0,,,,,,,,8.0,,,,,,,,-17.0,,,,,,-2,-1,,,,,,,,,,0.0,,,,,,,,0.03703703704,,,,,,,,0.962962963,,,,,,,,8.0,,,,FA
12500,Adam Duvall,0.0,R,,,303,21,1p50,26,48,0,-2,0,-2,14,1,2,-2,2,-2,17.2,4.1,0,-3,0,-6,34.2,8.1,0,-3,0,-15,35.5,8.2,0,-2,0,-10,5.6,0.9,3,-2,6,-4,8.0,,8,0,3,-2,9,-6,5,0,1,0,1,0,-6,0,14,16,0,-1,0,-2,9,-17,-8,-/- (---),E,13,0,1,0,3,D,D,0,0,0,0,1,18,-47,-26,,,,,,304.0,,304.0,rf-3(+1)e4 lf-3e4,,,,,,3.0,,3.0,,,,,,4.0,,4.0,,,,,,0.0,,0.0,,,,,,2.0,,2.0,,,,,,2.0,,2.0,,,,,,-24.0,,-24.0,,,4,0,,,,,,,,,,,0.3,,0.3,,,,,,0.069,,0.069,,,,,,0.6517,,0.6517,,,,,,-4.0,,-4.0,CHC
12712,Corey Julks,0.0,R,,,173,15,1p30,41,23,-1,0,-1,0,8,10,0,0,0,0,21.5,7.4,0,-2,0,-4,29.5,17.3,0,-2,0,-10,30.7,13.5,0,-2,0,-10,2.5,0.8,0,-2,0,-4,,1.0,-3,1,-3,-1,-9,-3,5,5,1,1,1,1,6,6,24,23,-2,-2,-4,-4,-5,-10,-15,*4-6/- (16-12),B,14,1,1,2,3,D,D,0,0,0,0,1,-13,-34,-26,,,,,,304.0,404.0,304.0,rf-3(-2)e4 lf-3e4 cf-4e4,,,,,,3.0,4.0,3.0,,,,,,4.0,4.0,4.0,,,,,,0.0,-2.0,0.0,,,,,,2.0,3.0,2.0,,,,,,2.0,1.0,2.0,,,,,,-24.0,-25.0,-24.0,,4.0,4,-2,,,,,,,,,,,0.3,0.55,0.3,,,,,,0.069,0.0462962963,0.069,,,,,,0.6517,0.4291666667,0.6517,,,,,,-8.0,-12.0,-8.0,FA
13103,Kyle Stowers,0.0,L,,,192,13,1p40,45,53,-2,-2,-2,-2,2,4,-2,-2,-2,-2,10.7,14.6,-1,-1,-2,-2,15.7,21.5,-2,-2,-10,-10,22.9,24.7,-1,-1,-5,-5,0.0,0.5,-2,-2,-4,-4,,0.0,-3,0,-3,-2,-9,-6,0,5,0,1,0,1,0,6,5,5,1,1,1,1,-12,-10,-22,2-6/- (3-1),E,13,0,1,0,3,D,D,0,0,0,0,1,-33,-29,-26,,,,,,303.0,403.0,303.0,lf-3(0)e3 cf-4e3 rf-3e3,,,,,,3.0,4.0,3.0,,,,,,3.0,3.0,3.0,,,,,,0.0,-2.0,0.0,,,,,,4.0,4.0,4.0,,,,,,4.0,2.0,4.0,,,,,,-22.0,-24.0,-22.0,,,4,-1,,,,,,,,,,,0.3,0.55,0.3,,,,,,0.056,0.03703703704,0.056,,,,,,0.6608,0.4333333333,0.6608,,,,,,-4.0,-8.0,-4.0,CAN
12546,Andruw Monasterio,0.0,R,,,125,16,1p30,25,46,0,-2,0,-2,19,14,3,2,3,2,12.3,12.1,-1,-2,-2,-4,33.3,28.1,0,-1,0,-5,22.6,14.5,-1,-2,-5,-10,2.8,0.0,1,-3,2,-6,,,-3,-3,-3,-3,-9,-9,5,5,1,1,1,1,5,6,15,16,-1,-1,-2,-2,-1,-11,-12,*4-6/- (18-13),B,13,1,1,2,3,D,D,0,0,0,0,1,-12,-35,-26,,425.0,311.0,344.0,,525.0,,,3b-3e44 2b-3e11 1b-4e25 lf-5(+2)e25,,4.0,3.0,3.0,,5.0,,,,25.0,11.0,44.0,,25.0,,,,0.0,0.0,1.0,,-3.0,,,,-2.0,2.0,-2.0,,-4.0,,,,-2.0,2.0,-1.0,,-7.0,,,,-28.0,-24.0,-27.0,,-33.0,,,,0.0,4,-2,,,,,,,0.3,0.2,0.2,,0.75,,,,0.4490740741,0.06481481481,0.5277777778,,0.449,,,,0.3856481481,0.7481481481,0.3777777778,,0.13775,,,,-8.0,-4.0,-8.0,,-8.0,,,FA
12684,Christian Vazquez,0.0,R,,,294,11,2p50,23,20,0,0,0,0,0,0,-3,-2,-3,-2,13.1,21.1,-1,0,-2,0,14.1,22.1,-2,-2,-10,-10,21.0,25.9,-1,-1,-5,-5,2.2,1.0,0,-2,0,-4,3.0,0.0,3,0,1,-2,3,-6,5,5,1,1,1,1,-8,-11,27,27,-2,-2,-4,-4,-7,-10,-17,6/- (15-6),C,9,0,-1,0,-3,B,C,1,0,1,0,2,-20,-30,-26,202.0,409.0,,537.0,,,,,"c-2(0)e2,T-6(pb-0) 3b-5e37 1b-4e9",2.0,4.0,,5.0,,,,,2.0,9.0,,37.0,,,,,2.0,0.0,,-2.0,,,,,4.0,2.0,,-2.0,,,,,6.0,2.0,,-4.0,,,,,-20.0,-24.0,,-30.0,,,,,0.0,1.0,2,0,c-2,"0)e2,T-6",pb-0) 3b-5e37 1b-4e9,,0.0,0.1,0.3,,0.4,,,,,0.024,0.162037037,,0.4444444444,,,,,0.8784,0.5865740741,,0.3333333333,,,,,4.0,-6.0,,-8.0,,,,,MYT
12730,Danny Mendick,0.0,R,,,132,6,1p30,16,35,1,-1,1,-1,12,0,1,-2,1,-2,21.3,6.9,0,-2,0,-4,36.3,9.9,1,-3,5,-15,33.3,12.1,0,-2,0,-10,1.8,0.2,-1,-2,-2,-4,3.0,0.0,3,0,1,-2,3,-6,5,5,1,1,1,1,-9,-1,12,18,0,-1,0,-2,4,-14,-10,"*4,5/- (20-13)",B,13,1,1,2,3,D,D,0,0,0,0,1,9,-43,-27,,,308.0,320.0,,,,,3b-3e20 2b-3e8,,,3.0,3.0,,,,,,,8.0,20.0,,,,,,,0.0,1.0,,,,,,,3.0,0.0,,,,,,,3.0,1.0,,,,,,,-24.0,-26.0,,,,,,,4,-2,,,,,,,,0.2,0.2,,,,,,,0.0462962963,0.2407407407,,,,,,,0.762962963,0.6074074074,,,,,,,-1.0,-6.0,,,,,FA
13242,Nick Madrigal,0.0,R,,,86,4,3p30,0,0,3,3,3,3,4,0,-2,-2,-2,-2,19.3,15.3,0,-1,0,-2,30.3,22.3,0,-1,0,-5,27.1,15.3,0,-2,0,-10,0.0,0.0,-2,-3,-4,-6,,,-3,-3,-3,-3,-9,-9,5,5,1,1,1,1,4,4,16,17,-1,-1,-2,-2,-4,-9,-13,3/- (20-6),D,13,0,1,0,3,C,B,0,1,0,2,3,-13,-32,-27,,,302.0,221.0,,,,,3b-2e21 2b-3e2,,,3.0,2.0,,,,,,,2.0,21.0,,,,,,,0.0,3.0,,,,,,,4.0,-2.0,,,,,,,4.0,1.0,,,,,,,-23.0,-26.0,,,,,,,1,-2,,,,,,,,0.2,0.1,,,,,,,0.009259259259,0.25,,,,,,,0.7925925926,0.675,,,,,,,-1.0,-4.0,,,,,FA
12786,Elehuris Montero,0.0,R,,,224,20,1p30,22,25,0,0,0,0,12,9,1,0,1,0,6.8,12.7,-2,-1,-4,-2,18.8,21.7,-1,-2,-5,-10,6.8,22.3,-2,-1,-10,-5,0.0,1.0,-2,-2,-4,-4,,1.0,-3,1,-3,-1,-9,-3,5,5,1,1,1,1,3,3,21,23,-2,-2,-4,-4,-10,-8,-18,-/- (---),E,10,0,0,0,0,D,D,0,0,0,0,1,-34,-27,-27,,410.0,,,,,,,1b-4e10,,4.0,,,,,,,,10.0,,,,,,,,0.0,,,,,,,,2.0,,,,,,,,2.0,,,,,,,,-25.0,,,,,,,,,4,-2,,,,,,,0.3,,,,,,,,0.1805555556,,,,,,,,0.5736111111,,,,,,,,-6.0,,,,,,,FA
13523,Zack Short,0.0,R,,,70,14,1p20,47,31,-2,-1,-2,-1,25,28,3,3,3,3,0.0,0.0,-2,-3,-4,-6,28.0,31.0,0,0,0,0,0.0,0.0,-2,-3,-10,-15,0.0,0.0,-2,-3,-4,-6,,,-3,-3,-3,-3,-9,-9,0,0,0,0,0,0,0,0,0,0,3,3,3,3,-5,-7,-12,"*2-6,11,12/- (15-12)",C,14,0,1,0,3,B,D,1,0,1,0,1,-23,-31,-28,,,371.0,329.0,430.0,,,,3b-3e29 ss-4e30 2b-3e71,,,3.0,3.0,4.0,,,,,,71.0,29.0,30.0,,,,,,0.0,1.0,-2.0,,,,,,-2.0,-2.0,-2.0,,,,,,-2.0,-1.0,-4.0,,,,,,-30.0,-29.0,-32.0,,,,,0.0,4,-4,,,,,,,,0.2,0.2,0.3,,,,,,0.4259259259,0.3472222222,0.1527777778,,,,,,0.4592592593,0.5222222222,0.5930555556,,,,,,-8.0,-8.0,-6.0,,,,FA
12620,Brooks Baldwin,0.0,S,,,114,6,2p20,6,39,2,-2,2,-2,6,0,-1,-2,-1,-2,10.9,17.0,-1,-1,-2,-2,17.0,17.0,-2,-2,-10,-10,12.9,25.7,-2,-1,-10,-5,0.0,0.8,-2,-2,-4,-4,,1.0,-3,1,-3,-1,-9,-3,5,5,1,1,1,1,1,1,4,5,1,1,1,1,-7,-9,-16,*6/- (20-12),B,14,1,1,2,3,C,D,0,0,0,0,2,-32,-26,-28,,,414.0,,412.0,,,,2b-4e14 ss-4e12,,,4.0,,4.0,,,,,,14.0,,12.0,,,,,,-2.0,,-2.0,,,,,,2.0,,2.0,,,,,,0.0,,0.0,,,,,,-28.0,,-28.0,,,,,,2,-4,,,,,,,,0.3,,0.3,,,,,,0.08333333333,,0.05555555556,,,,,,0.6416666667,,0.6611111111,,,,,,-6.0,,-4.0,,,,FA
13315,Robbie Grossman,0.0,S,,,208,34,1p40,26,26,0,0,0,0,22,20,3,3,3,3,17.4,6.6,0,-2,0,-4,40.4,27.6,1,-1,5,-5,24.4,7.1,-1,-3,-5,-15,1.3,0.0,-1,-3,-2,-6,1.0,,1,-3,-1,-3,-3,-9,5,5,1,1,1,1,-5,-4,20,24,-2,-2,-4,-4,0,-10,-10,3/- (20-6),C,12,0,0,0,0,D,D,0,0,0,0,1,-5,-39,-28,,,,,,406.0,,406.0,rf-4(+1)e6 lf-4e6,,,,,,4.0,,4.0,,,,,,6.0,,6.0,,,,,,-1.0,,-1.0,,,,,,2.0,,2.0,,,,,,1.0,,1.0,,,,,,-27.0,,-27.0,,1.0,4,-1,,,,,,,,,,,0.55,,0.55,,,,,,0.106,,0.106,,,,,,0.4023,,0.4023,,,,,,-9.0,,-9.0,FA
13337,Ryan Noda,0.0,L,,,95,14,1p20,36,50,-1,-2,-1,-2,16,18,2,3,2,3,0.0,4.0,-2,-3,-4,-6,18.0,24.0,-2,-1,-10,-5,0.0,12.6,-2,-2,-10,-10,0.0,2.3,-2,0,-4,0,,,-3,-3,-3,-3,-9,-9,0,0,0,0,0,0,0,0,0,0,3,3,3,3,-7,-5,-12,-/- (---),E,11,0,0,0,0,D,D,0,0,0,0,1,-33,-26,-28,,313.0,,,,,,407.0,1b-3e13 rf-4(+1)e7,,3.0,,,,,,4.0,,13.0,,,,,,7.0,,1.0,,,,,,-1.0,,1.0,,,,,,2.0,,2.0,,,,,,1.0,,-26.0,,,,,,-27.0,,,4,-4,,,,,,,0.2,,,,,,0.55,,0.2361111111,,,,,,0.125,,0.6111111111,,,,,,0.39375,,-6.0,,,,,,-8.0,FA
13234,Nick Ahmed,0.0,R,,,210,11,3p40,21,27,0,0,0,0,9,0,0,-2,0,-2,20.3,17.0,0,-1,0,-2,30.3,18.0,0,-2,0,-10,32.0,24.9,0,-1,0,-5,2.5,1.8,0,-1,0,-2,,,-3,-3,-3,-3,-9,-9,5,5,1,1,1,1,3,3,20,24,-2,-2,-4,-4,-4,-11,-15,"4,5/- (13-6)",D,12,0,0,0,0,C,D,0,0,0,0,3,-12,-33,-28,,,341.0,,208.0,,,,ss-2e8 2b-3e41,,,3.0,,2.0,,,,,,41.0,,8.0,,,,,,0.0,,3.0,,,,,,-2.0,,3.0,,,,,,-2.0,,6.0,,,,,,-30.0,,-22.0,,,,,-1.0,1,-1,,,,,,,,0.2,,0.1,,,,,,0.2453703704,,0.0462962963,,,,,,0.6037037037,,0.8583333333,,,,,,-6.0,,4.0,,,,FA
13428,Travis Jankowski,0.25,L,,,190,12,1p50,20,21,0,0,0,0,0,4,-3,-2,-3,-2,0.0,14.9,-2,-1,-4,-2,6.0,24.9,-3,-1,-15,-5,0.0,18.7,-2,-2,-10,-10,0.0,1.2,-2,-2,-4,-4,,,-3,-3,-3,-3,-9,-9,0,5,0,1,0,1,0,5,11,11,0,0,0,0,-15,-10,-25,*2-5/- (19-13),A,16,2,2,4,6,D,D,0,0,0,0,1,-45,-31,-28,,,,,,113.0,213.0,113.0,rf-1(0)e13 lf-1e13 cf-2e13,,,,,,1.0,2.0,1.0,,,,,,13.0,13.0,13.0,,,,,,4.0,2.0,4.0,,,,,,-2.0,0.0,-2.0,,,,,,2.0,2.0,2.0,,,,,,-26.0,-26.0,-26.0,,2.0,4,0,,,,,,,,,,,0.0,0.15,0.0,,,,,,0.236,0.1574074074,0.236,,,,,,0.764,0.7162037037,0.764,,,,,,-3.0,-6.0,-3.0,FA
12896,Jackson Holliday,0.14,L,,,190,15,1p30,51,46,-2,-2,-2,-2,11,5,1,-1,1,-1,1.2,5.3,-2,-2,-4,-4,14.2,12.3,-2,-3,-10,-15,4.7,13.4,-2,-2,-10,-10,1.1,1.3,-2,-1,-4,-2,,1.0,2,1,0,-1,0,-3,0,5,0,1,0,1,0,6,0,0,3,3,3,3,-6,-8,-14,*5/- (20-6),C,14,0,1,0,3,D,D,0,0,0,0,1,-26,-33,-29,,,310.0,,448.0,,,,2b-3e10 ss-4e48,,,3.0,,4.0,,,,,,10.0,,48.0,,,,,,0.0,,-2.0,,,,,,3.0,,-2.0,,,,,,3.0,,-4.0,,,,,,-26.0,,-33.0,,,,,-4.0,4,-2,,,,,,,,0.2,,0.3,,,,,,0.06018518519,,0.2453703704,,,,,,0.7518518519,,0.5282407407,,,,,,-1.0,,-8.0,,,,FA
13241,Nick Loftin,0.2,R,,,148,19,1p30,1,8,2,2,2,2,13,18,2,3,2,3,13.3,4.3,-1,-3,-2,-6,27.3,23.3,0,-1,0,-5,15.8,6.5,-1,-3,-5,-15,0.9,0.0,-2,-3,-4,-6,0.0,,0,-3,-2,-3,-6,-9,5,5,1,1,1,1,6,5,17,16,-1,-1,-2,-2,-2,-8,-10,2/- (20-6),E,12,0,0,0,0,D,C,0,0,0,0,1,-14,-37,-29,,430.0,315.0,312.0,,413.0,,,2b-3e15 3b-3e12 1b-4e30 lf-4(+2)e13,,4.0,3.0,3.0,,4.0,,,,30.0,15.0,12.0,,13.0,,,,0.0,0.0,1.0,,-1.0,,,,-2.0,2.0,1.0,,-2.0,,,,-2.0,2.0,2.0,,-3.0,,,,-31.0,-27.0,-27.0,,-32.0,,,,2.0,4,-2,,,,,,,0.3,0.2,0.2,,0.55,,,,0.537037037,0.09259259259,0.1435185185,,0.236,,,,0.3240740741,0.7259259259,0.6851851852,,0.3438,,,,-8.0,-4.0,-4.0,,-10.0,,,FA
12525,Alex Kirilloff,0.0,L,,,159,15,5p30,0,36,3,-1,3,-1,0,9,-3,0,-3,0,7.9,11.7,-2,-2,-4,-4,8.9,21.7,-2,-2,-10,-10,7.9,28.8,-2,0,-10,0,0.0,1.9,-2,-1,-4,-2,,2.0,-3,2,-3,0,-9,0,5,5,1,1,1,1,-3,0,24,21,-2,-2,-4,-4,-12,-7,-19,-/- (---),E,11,0,0,0,0,D,D,0,0,0,0,5,-40,-20,-29,,408.0,,,,403.0,,403.0,lf-4(+1)e3 1b-4e8 rf-4e3,,4.0,,,,4.0,,4.0,,8.0,,,,3.0,,3.0,,0.0,,,,-1.0,,-1.0,,2.0,,,,4.0,,4.0,,2.0,,,,3.0,,3.0,,-27.0,,,,-26.0,,-26.0,,1.0,-2,-2,,,,,,,0.3,,,,0.55,,0.55,,0.1435185185,,,,0.056,,0.056,,0.599537037,,,,0.4248,,0.4248,,-6.0,,,,-9.0,,-9.0,FA
12635,Bryce Johnson,0.0,S,,,63,7,1p30,13,13,1,1,1,1,22,2,3,-2,3,-2,12.2,14.8,-1,-1,-2,-2,34.2,16.8,0,-2,0,-10,12.7,15.6,-2,-2,-10,-10,0.0,0.0,-2,-3,-4,-6,,,-3,-3,-3,-3,-9,-9,5,5,1,1,1,1,-3,-3,9,12,0,0,0,0,-3,-11,-14,"*2-6,11/8 (15-7)",D,16,0,2,0,6,B,C,1,0,1,0,1,-20,-37,-29,,,,,,201.0,201.0,201.0,rf-2(-1)e1 lf-2e1 cf-2e1,,,,,,2.0,2.0,2.0,,,,,,1.0,1.0,1.0,,,,,,3.0,2.0,3.0,,,,,,4.0,4.0,4.0,,,,,,7.0,6.0,7.0,,,,,,-22.0,-23.0,-22.0,,-1.0,4,-2,,,,,,,,,,,0.15,0.15,0.15,,,,,,0.019,0.01388888889,0.019,,,,,,0.83385,0.8381944444,0.83385,,,,,,2.0,2.0,2.0,NSH
12718,Curt Casali,0.42,R,,,108,13,2p20,20,10,0,2,0,2,22,10,3,0,3,0,8.0,9.6,-2,-2,-4,-4,33.9,23.6,0,-1,0,-5,11.1,18.0,-2,-2,-10,-10,0.0,2.8,-2,0,-4,0,,,-3,-3,-3,-3,-9,-9,5,5,1,1,1,1,1,1,16,18,-1,-1,-2,-2,-6,-6,-12,-/- (---),E,8,0,-1,0,-3,C,C,0,0,0,0,2,-25,-27,-29,309.0,,,,,,,,"c-3(+1)e9,T-13(pb-0)",3.0,,,,,,,,9.0,,,,,,,,0.0,,,,,,,,0.0,,,,,,,,0.0,,,,,,,,-28.0,,,,,,,,1.0,2.0,2,-4,c-3,"+1)e9,T-13",pb-0),,1.0,0.2,,,,,,,,0.107,,,,,,,,0.7144,,,,,,,,-5.0,,,,,,,,FA
13443,Tucker Barnhart,0.55,L,,,81,13,2p20,54,42,-2,-2,-2,-2,6,28,-1,3,-1,3,4.2,5.9,-2,-2,-4,-4,10.2,33.9,-2,0,-10,0,6.4,7.7,-2,-2,-10,-10,0.0,0.0,-2,-3,-4,-6,,,-3,-3,-3,-3,-9,-9,0,5,0,1,0,1,0,1,0,0,3,3,3,3,-11,-5,-16,3/- (20-6),D,8,0,-1,0,-3,C,D,0,0,0,0,2,-37,-24,-30,411.0,,,,,,,,"c-4(+1)e11,T-1(pb-0)",4.0,,,,,,,,11.0,,,,,,,,-2.0,,,,,,,,-2.0,,,,,,,,-4.0,,,,,,,,-33.0,,,,,,,,1.0,-2.0,2,-4,c-4,"+1)e11,T-1",pb-0),,1.0,0.3,,,,,,,,0.135,,,,,,,,0.6055,,,,,,,,-7.0,,,,,,,,FA
13303,Reese McGuire,0.11,L,,,139,13,2p30,42,28,-1,0,-1,0,0,11,-3,1,-3,1,5.7,13.1,-2,-1,-4,-2,8.6,27.0,-2,-1,-10,-5,7.8,15.3,-2,-2,-10,-10,0.7,0.8,-2,-2,-4,-4,1.0,0.0,1,0,-1,-2,-3,-6,5,5,1,1,1,1,5,4,22,19,-2,-1,-4,-2,-14,-7,-21,*4/- (20-6),C,10,0,0,0,0,D,C,0,0,0,0,2,-38,-27,-30,408.0,,,,,,,,"c-4(-1)e8,T-20(pb-2)",4.0,,,,,,,,8.0,,,,,,,,-2.0,,,,,,,,0.0,,,,,,,,-2.0,,,,,,,,-33.0,,,,,,,,-1.0,,2,-2,c-4,"-1)e8,T-20",pb-2),,-1.0,0.3,,,,,,,,0.097,,,,,,,,0.6321,,,,,,,,-5.0,,,,,,,,CHC
12900,Jacob Hurtubise,0.0,L,,,54,6,1p20,74,34,-3,-1,-3,-1,0,13,-3,1,-3,1,7.5,8.7,-2,-2,-4,-4,12.5,26.7,-2,-1,-10,-5,7.5,15.2,-2,-2,-10,-10,0.0,0.0,-2,-3,-4,-6,,,-3,-3,-3,-3,-9,-9,5,5,1,1,1,1,-4,-4,0,0,3,3,3,3,-13,-7,-20,*4/- (20-11),C,16,0,2,0,6,A,D,2,0,2,0,1,-39,-30,-30,,,,,,407.0,,407.0,lf-4(+1)e7 rf-4e7,,,,,,4.0,,4.0,,,,,,7.0,,7.0,,,,,,-1.0,,-1.0,,,,,,2.0,,2.0,,,,,,1.0,,1.0,,,,,,-29.0,,-29.0,,,4,-4,,,,,,,,,,,0.55,,0.55,,,,,,0.125,,0.125,,,,,,0.39375,,0.39375,,,,,,-8.0,,-8.0,FA
13260,Oliver Dunn,0.34,L,,,95,6,6p20,79,57,-3,-3,-3,-3,0,3,-3,-2,-3,-2,8.3,18.8,-2,0,-4,0,13.3,26.8,-2,-1,-10,-5,8.3,32.6,-2,0,-10,0,0.0,2.2,-2,0,-4,0,,,-3,-3,-3,-3,-9,-9,5,5,1,1,1,1,-5,-8,8,6,1,1,1,1,-15,-7,-22,*5/- (20-11),B,14,1,1,2,3,D,D,0,0,0,0,6,-41,-17,-30,,425.0,414.0,412.0,,,,,3b-4e12 1b-4e25 2b-4e14,,4.0,4.0,4.0,,,,,,25.0,14.0,12.0,,,,,,0.0,-2.0,0.0,,,,,,-2.0,2.0,1.0,,,,,,-2.0,0.0,1.0,,,,,,-32.0,-30.0,-29.0,,,,,,,-4,-4,,,,,,,0.3,0.3,0.3,,,,,,0.4490740741,0.08333333333,0.1435185185,,,,,,0.3856481481,0.6416666667,0.599537037,,,,,,-8.0,-6.0,-6.0,,,,,FA
13235,Nick Allen,0.33,R,,,97,5,1p20,13,19,1,1,1,1,0,6,-3,-1,-3,-1,8.0,10.4,-2,-2,-4,-4,8.0,16.4,-2,-2,-10,-10,16.9,12.3,-1,-2,-5,-10,1.1,0.0,-2,-3,-4,-6,,,3,-3,1,-3,3,-9,0,5,0,1,0,1,0,-6,0,0,3,3,3,3,-5,-8,-13,-/- (---),E,14,0,1,0,3,B,C,1,0,1,0,1,-19,-35,-30,,,213.0,322.0,136.0,,,,ss-1e36 3b-3e22 2b-2e13,,,2.0,3.0,1.0,,,,,,13.0,22.0,36.0,,,,,,2.0,1.0,5.0,,,,,,2.0,-2.0,-2.0,,,,,,4.0,-1.0,3.0,,,,,,-26.0,-31.0,-27.0,,,,,-2.0,4,-4,,,,,,,,0.1,0.2,0.0,,,,,,0.0787037037,0.2638888889,0.1851851852,,,,,,0.8291666667,0.5888888889,0.8148148148,,,,,,1.0,-6.0,1.0,,,,BSGMiL
13013,Jose Azocar,0.0,R,,,73,5,1p30,25,32,0,-1,0,-1,6,5,-1,-1,-1,-1,20.4,15.6,0,-1,0,-2,26.4,20.5,-1,-2,-5,-10,20.4,16.6,-1,-2,-5,-10,0.0,0.0,-2,-3,-4,-6,,,-3,-3,-3,-3,-9,-9,5,5,1,1,1,1,-8,-8,9,10,0,0,0,0,-7,-12,-19,*4-6/- (19-14),B,16,1,2,2,6,C,D,0,0,0,0,1,-23,-38,-30,,,,,,203.0,303.0,203.0,lf-2(-2)e3 cf-3e3 rf-2e3,,,,,,2.0,3.0,2.0,,,,,,3.0,3.0,3.0,,,,,,3.0,0.0,3.0,,,,,,4.0,4.0,4.0,,,,,,7.0,4.0,7.0,,,,,,-23.0,-26.0,-23.0,,0.0,4,-2,,,,,,,,,,,0.15,0.3,0.15,,,,,,0.056,0.03703703704,0.056,,,,,,0.8024,0.6740740741,0.8024,,,,,,1.0,-4.0,1.0,MKE
13490,Wilmer Flores,0.0,R,,,214,20,5p40,3,8,2,2,2,2,9,9,0,0,0,0,17.4,7.7,0,-2,0,-4,29.4,19.7,0,-2,0,-10,28.9,9.9,0,-2,0,-10,0.4,0.2,-2,-2,-4,-4,1.0,0.0,1,0,-1,-2,-3,-6,5,5,1,1,1,1,-2,-2,16,16,-1,-1,-2,-2,-1,-8,-9,-/- (---),E,8,0,-1,0,-3,D,C,0,0,0,0,5,-6,-33,-30,,311.0,,459.0,,,,,1b-3e11 3b-4e59,,3.0,,4.0,,,,,,11.0,,59.0,,,,,,1.0,,0.0,,,,,,1.0,,-2.0,,,,,,2.0,,-2.0,,,,,,-28.0,,-32.0,,,,,,-2.0,-2,-1,,,,,,,0.2,,0.3,,,,,,0.1990740741,,0.7083333333,,,,,,0.6407407407,,0.2041666667,,,,,,-6.0,,-8.0,,,,,FA
13153,Marco Luciano,0.0,R,,,76,5,1p20,39,55,-1,-3,-1,-3,0,8,-3,0,-3,0,32.7,6.8,2,-2,4,-4,32.7,14.9,0,-2,0,-10,52.9,16.1,2,-2,10,-10,0.0,0.0,-2,-3,-4,-6,,,-3,-3,-3,-3,-9,-9,5,5,1,1,1,1,-9,0,9,8,0,1,0,1,-4,-13,-17,2-12/- (3-1),E,13,0,1,0,3,D,D,0,0,0,0,1,-2,-40,-30,,,421.0,,488.0,,,,ss-4e88 2b-4e21,,,4.0,,4.0,,,,,,21.0,,88.0,,,,,,-2.0,,-2.0,,,,,,0.0,,-2.0,,,,,,-2.0,,-4.0,,,,,,-32.0,,-34.0,,,,,,4,-4,,,,,,,,0.3,,0.3,,,,,,0.125,,0.4537037037,,,,,,0.6125,,0.3824074074,,,,,,-6.0,,-8.0,,,,FA
12513,Akil Baddoo,0.0,L,,,73,8,1p20,57,47,-2,-2,-2,-2,0,13,-3,1,-3,1,0.0,2.6,-2,-3,-4,-6,0.0,15.6,-3,-2,-15,-10,0.0,8.8,-2,-2,-10,-10,0.0,1.2,-2,-2,-4,-4,,,-3,2,-3,0,-9,0,0,0,0,0,0,0,0,0,0,0,3,3,3,3,-14,-7,-21,3/- (20-6),D,15,0,2,0,6,D,D,0,0,0,0,1,-44,-28,-31,,,,,,203.0,403.0,403.0,lf-2(0)e3 rf-4e3 cf-4e3,,,,,,2.0,4.0,4.0,,,,,,3.0,3.0,3.0,,,,,,3.0,-2.0,-1.0,,,,,,4.0,4.0,4.0,,,,,,7.0,2.0,3.0,,,,,,-24.0,-29.0,-28.0,,-1.0,4,-4,,,,,,,,,,,0.15,0.55,0.55,,,,,,0.056,0.03703703704,0.056,,,,,,0.8024,0.4333333333,0.4248,,,,,,2.0,-7.0,-7.0,FA
12716,Cristian Pache,0.0,R,,,165,17,1p40,50,54,-2,-3,-2,-3,14,5,2,-1,2,-1,12.4,9.6,-1,-2,-2,-4,26.3,14.6,-1,-2,-5,-10,27.6,9.6,0,-2,0,-10,1.6,0.0,-1,-3,-2,-6,,,-3,-3,-3,-3,-9,-9,5,5,1,1,1,1,0,6,6,7,1,1,1,1,-4,-14,-18,2/- (20-6),E,14,0,1,0,3,D,D,0,0,0,0,1,-16,-41,-31,,,,,,110.0,210.0,110.0,cf-2(-1)e10 lf-1e10 rf-1e10,,,,,,1.0,2.0,1.0,,,,,,10.0,10.0,10.0,,,,,,4.0,2.0,4.0,,,,,,0.0,2.0,0.0,,,,,,4.0,4.0,4.0,,,,,,-27.0,-27.0,-27.0,,0.0,4,-1,,,,,,,,,,,0.0,0.15,0.0,,,,,,0.181,0.1203703704,0.181,,,,,,0.819,0.7476851852,0.819,,,,,,1.0,-4.0,1.0,FA
12759,DJ LeMahieu,0.0,R,,,201,19,5p30,2,13,2,1,2,1,12,10,1,0,1,0,9.2,14.1,-2,-1,-4,-2,22.2,25.1,-1,-1,-5,-5,17.0,21.5,-1,-1,-5,-5,2.6,1.6,0,-1,0,-2,,,-3,-3,-3,-3,-9,-9,5,5,1,1,1,1,8,8,29,30,-3,-3,-6,-6,-6,-8,-14,4-6/- (3-1),E,9,0,-1,0,-3,D,C,0,0,0,0,5,-25,-27,-31,,313.0,,305.0,,,,,3b-3e5 1b-3e13,,3.0,,3.0,,,,,,13.0,,5.0,,,,,,1.0,,1.0,,,,,,1.0,,2.0,,,,,,2.0,,3.0,,,,,,-29.0,,-28.0,,,,,,0.0,-2,-2,,,,,,,0.2,,0.2,,,,,,0.2361111111,,0.06018518519,,,,,,0.6111111111,,0.7518518519,,,,,,-6.0,,-1.0,,,,,MKEMiL
12728,Daniel Vogelbach,0.0,L,,,70,9,1p20,57,21,-2,0,-2,0,0,16,-3,2,-3,2,0.0,11.6,-2,-2,-4,-4,0.0,27.6,-3,-1,-15,-5,0.0,28.7,-2,0,-10,0,0.0,2.8,-2,0,-4,0,,,-3,-3,-3,-3,-9,-9,0,0,0,0,0,0,0,0,33,28,-3,-3,-6,-6,-20,-7,-27,-/- (---),E,8,0,-1,0,-3,D,C,0,0,0,0,1,-53,-22,-31,,,,,,,,,,,,,,,,,,,,,,,,,,,,,,,,,,,,,,,,,,,,,,,,,,,,,,,,,,,3.0,4,-4,,,,,,,,,,,,,,,,,,,,,,,,,,,,,,,,,,,,,,FA
13200,Michael Stefanic,0.0,R,,,110,10,5p20,9,11,1,1,1,1,0,17,-3,2,-3,2,23.1,10.1,1,-2,2,-4,29.1,33.0,0,0,0,0,27.3,10.7,0,-2,0,-10,0.0,0.0,-2,-3,-4,-6,,,-3,-3,-3,-3,-9,-9,5,5,1,1,1,1,0,0,32,25,-3,-2,-6,-4,-8,-8,-16,-/- (---),E,11,0,0,0,0,C,B,0,1,0,2,5,-18,-29,-32,,,411.0,444.0,,,,,2b-4e11 3b-4e44,,,4.0,4.0,,,,,,,11.0,44.0,,,,,,,-2.0,0.0,,,,,,,2.0,-2.0,,,,,,,0.0,-2.0,,,,,,,-32.0,-34.0,,,,,,-1.0,-2,-4,,,,,,,,0.3,0.3,,,,,,,0.06481481481,0.5277777778,,,,,,,0.6546296296,0.3305555556,,,,,,,-4.0,-8.0,,,,,FA
12584,Bo Bichette,0.0,R,,,311,20,4p40,10,17,1,1,1,1,2,5,-2,-1,-2,-1,8.4,19.2,-2,0,-4,0,12.4,26.1,-2,-1,-10,-5,9.6,26.3,-2,-1,-10,-5,0.0,0.0,-2,-3,-4,-6,,0.0,-3,0,-3,-2,-9,-6,5,5,1,1,1,1,10,10,28,27,-3,-2,-6,-4,-14,-8,-22,*5/- (19-6),C,12,0,0,0,0,D,C,0,0,0,0,4,-43,-25,-32,,,,,414.0,,,,ss-4e14,,,,,4.0,,,,,,,,14.0,,,,,,,,-2.0,,,,,,,,2.0,,,,,,,,0.0,,,,,,,,-32.0,,,,,,-1,-1,,,,,,,,,,0.3,,,,,,,,0.07407407407,,,,,,,,0.6481481481,,,,,,,,-6.0,,,,GMEMiL
13216,Miles Mastrobuoni,0.0,L,,,98,7,1p30,0,12,3,1,3,1,0,7,-3,-1,-3,-1,12.9,12.3,-1,-2,-2,-4,12.9,19.3,-2,-2,-10,-10,12.9,14.3,-2,-2,-10,-10,0.0,0.0,-2,-3,-4,-6,,,-3,-3,-3,-3,-9,-9,5,5,1,1,1,1,-9,-8,6,5,1,1,1,1,-8,-10,-18,*4/- (20-6),C,14,0,1,0,3,D,C,0,0,0,0,1,-33,-37,-33,,,316.0,329.0,423.0,402.0,,402.0,3b-3e29 2b-3e16 ss-4e23 lf-4(0)e2 rf-4e2,,,3.0,3.0,4.0,4.0,,4.0,,,16.0,29.0,23.0,2.0,,2.0,,,0.0,1.0,-2.0,-1.0,,-1.0,,,2.0,-2.0,0.0,4.0,,4.0,,,2.0,-1.0,-2.0,3.0,,3.0,,,-31.0,-34.0,-35.0,-30.0,,-30.0,,,4,-2,,,,,,,,0.2,0.2,0.3,0.55,,0.55,,,0.09722222222,0.3472222222,0.1203703704,0.037,,0.037,,,0.7222222222,0.5222222222,0.6157407407,0.43335,,0.43335,,,-4.0,-8.0,-6.0,-8.0,,-8.0,FA
12564,Austin Hedges,0.0,R,,,132,6,2p30,49,51,-2,-2,-2,-2,0,6,-3,-1,-3,-1,15.7,0.0,-1,-3,-2,-6,20.6,11.0,-1,-3,-5,-15,25.0,0.0,-1,-3,-5,-15,2.7,0.0,0,-3,0,-6,,,3,6,1,2,3,6,0,0,0,0,0,0,6,0,11,10,0,0,0,0,-7,-13,-20,4/- (20-6),D,9,0,-1,0,-3,A,D,2,0,2,0,2,-14,-39,-33,101.0,,,,,,,,"c-1(0)e1,T-10(pb-0)",1.0,,,,,,,,1.0,,,,,,,,4.0,,,,,,,,4.0,,,,,,,,8.0,,,,,,,,-25.0,,,,,,,,0.0,0.0,2,-2,c-1,"0)e1,T-10",pb-0),,0.0,0.0,,,,,,,,0.014,,,,,,,,0.986,,,,,,,,8.0,,,,,,,,FA
13447,Tyler Anderson,0.94,R,,,234,7,1p70,37,35,-1,-1,-1,-1,0,0,-3,-2,-3,-2,21.8,15.6,0,-1,0,-2,21.8,15.6,-1,-2,-5,-10,21.8,15.6,-1,-2,-5,-10,0.0,0.0,-2,-3,-4,-6,,,-3,-3,-3,-3,-9,-9,5,5,1,1,1,1,-13,-13,21,21,-2,-2,-4,-4,-12,-15,-27,"*4-8/9,10 (15-8)",C,12,0,0,0,0,D,D,0,0,0,0,1,-30,-43,-33,,,,,324.0,,,,ss-3e24,,,,,3.0,,,,,,,,24.0,,,,,,,,0.0,,,,,,,,0.0,,,,,,,,0.0,,,,,,,,-33.0,,,,,-1.0,4,3,,,,,,,,,,0.2,,,,,,,,0.125,,,,,,,,0.7,,,,,,,,-4.0,,,,MYTMiL
13143,Luke Maile,0.0,R,,,135,13,3p30,39,52,-1,-2,-1,-2,18,7,3,-1,3,-1,7.3,6.3,-2,-2,-4,-4,31.3,19.4,0,-2,0,-10,17.9,7.6,-1,-2,-5,-10,3.5,0.0,1,-3,2,-6,3.0,,3,-3,1,-3,3,-9,5,5,1,1,1,1,-2,-3,16,16,-1,-1,-2,-2,1,-15,-14,3/- (20-6),D,10,0,0,0,0,D,C,0,0,0,0,3,-3,-43,-34,203.0,,,,,,,,"c-2(0)e3,T-1(pb-3)",2.0,,,,,,,,3.0,,,,,,,,2.0,,,,,,,,3.0,,,,,,,,5.0,,,,,,,,-29.0,,,,,,,,0.0,-2.0,1,-2,c-2,"0)e3,T-1",pb-3),,0.0,0.1,,,,,,,,0.038,,,,,,,,0.8658,,,,,,,,4.0,,,,,,,,WAI
12830,Garrett Cooper,0.0,R,,,107,7,1p20,39,40,-1,-2,-1,-2,1,7,-2,-1,-2,-1,20.9,7.8,0,-2,0,-4,25.9,18.8,-1,-2,-5,-10,38.0,17.9,1,-2,5,-10,0.0,2.8,-2,0,-4,0,,,-3,-3,-3,-3,-9,-9,5,5,1,1,1,1,3,3,22,23,-2,-2,-4,-4,-9,-13,-22,-/- (---),E,9,0,-1,0,-3,D,D,0,0,0,0,1,-19,-39,-35,,414.0,,,,416.0,,,1b-4e14 lf-4(+2)e16,,4.0,,,,4.0,,,,14.0,,,,16.0,,,,0.0,,,,-1.0,,,,1.0,,,,-2.0,,,,1.0,,,,-3.0,,,,-34.0,,,,-38.0,,,,-1.0,4,-4,,,,,,,0.3,,,,0.55,,,,0.25,,,,0.287,,,,0.525,,,,0.32085,,,,-8.0,,,,-7.0,,,FA
12734,Darell Hernaiz,0.0,R,,,120,11,5p30,12,22,1,0,1,0,5,12,-1,1,-1,1,22.5,3.7,0,-3,0,-6,29.5,17.7,0,-2,0,-10,26.5,11.2,0,-2,0,-10,0.0,2.5,-2,0,-4,0,,,-3,-3,-3,-3,-9,-9,5,5,1,1,1,1,6,0,23,21,-2,-2,-4,-4,-6,-10,-16,2-5/10 (13-6),E,13,0,1,0,3,D,C,0,0,0,0,5,-16,-37,-35,,,427.0,315.0,410.0,,,,3b-3e15 ss-4e10 2b-4e27,,,4.0,3.0,4.0,,,,,,27.0,15.0,10.0,,,,,,-2.0,1.0,-2.0,,,,,,-2.0,1.0,3.0,,,,,,-4.0,2.0,1.0,,,,,,-39.0,-33.0,-34.0,,,,,0.0,-2,-2,,,,,,,,0.3,0.2,0.3,,,,,,0.162037037,0.1805555556,0.05092592593,,,,,,0.5865740741,0.6555555556,0.6643518519,,,,,,-6.0,-4.0,-4.0,,,,FA
12870,Henry Davis,0.0,R,,,104,13,4p20,49,59,-2,-3,-2,-3,22,14,3,2,3,2,7.8,2.3,-2,-3,-4,-6,31.8,18.3,0,-2,0,-10,14.6,9.2,-1,-2,-5,-10,0.0,2.3,-2,0,-4,0,,,-3,-3,-3,-3,-9,-9,0,0,0,0,0,0,0,0,2,4,2,1,2,1,-5,-10,-15,-/- (---),E,11,0,0,0,0,D,D,0,0,0,0,4,-19,-35,-36,505.0,,,,,,,,"c-5(+2)e5,T-6(pb-3)",5.0,,,,,,,,5.0,,,,,,,,-4.0,,,,,,,,2.0,,,,,,,,-2.0,,,,,,,,-36.0,,,,,,,,2.0,,-1,-4,c-5,"+2)e5,T-6",pb-3),,2.0,0.4,,,,,,,,0.061,,,,,,,,0.5634,,,,,,,,-8.0,,,,,,,,FA
12617,Brian Serven,0.49,R,,,63,5,2p20,52,36,-2,-1,-2,-1,8,7,0,-1,0,-1,0.2,9.5,-2,-2,-4,-4,14.2,22.5,-2,-1,-10,-5,0.4,19.0,-2,-2,-10,-10,0.0,0.0,-2,-3,-4,-6,,,-3,-3,-3,-3,-9,-9,0,0,0,0,0,0,0,0,0,0,3,3,3,3,-10,-10,-20,-/- (---),E,10,0,0,0,0,D,D,0,0,0,0,2,-36,-33,-36,307.0,,,,,,,,"c-3(+1)e7,T-1(pb-7)",3.0,,,,,,,,7.0,,,,,,,,0.0,,,,,,,,2.0,,,,,,,,2.0,,,,,,,,-33.0,,,,,,,,1.0,1.0,2,-4,c-3,"+1)e7,T-1",pb-7),,1.0,0.2,,,,,,,,0.084,,,,,,,,0.7328,,,,,,,,-5.0,,,,,,,,FA
12996,Jordan Beck,0.0,R,,,170,12,5p30,53,51,-2,-2,-2,-2,0,8,-3,0,-3,0,9.5,11.1,-1,-2,-2,-4,10.5,20.2,-2,-2,-10,-10,17.1,11.8,-1,-2,-5,-10,0.5,0.2,-2,-2,-4,-4,,0.0,0,0,-2,-2,-6,-6,0,5,0,1,0,1,0,-4,14,11,0,0,0,0,-13,-11,-24,"*4,6/- (19-13)",B,14,1,1,2,3,D,D,0,0,0,0,5,-32,-35,-37,,,,,,303.0,403.0,303.0,lf-3(-1)e3 rf-3e3 cf-4e3,,,,,,3.0,4.0,3.0,,,,,,3.0,3.0,3.0,,,,,,0.0,-2.0,0.0,,,,,,4.0,4.0,4.0,,,,,,4.0,2.0,4.0,,,,,,-33.0,-35.0,-33.0,,,-2,-2,,,,,,,,,,,0.3,0.55,0.3,,,,,,0.056,0.03703703704,0.056,,,,,,0.6608,0.4333333333,0.6608,,,,,,-4.0,-8.0,-4.0,FA
12494,Aaron Hicks,0.0,S,,,57,6,1p20,51,55,-2,-3,-2,-3,4,14,-2,2,-2,2,6.6,0.0,-2,-3,-4,-6,10.6,14.0,-2,-2,-10,-10,22.5,0.0,-1,-3,-5,-15,5.3,0.0,3,-3,6,-6,8.0,,8,-3,3,-3,9,-9,5,0,1,0,1,0,0,0,15,12,-1,0,-2,0,-3,-15,-18,-/- (---),E,13,0,1,0,3,D,D,0,0,0,0,1,-9,-47,-37,,,,,,304.0,304.0,304.0,rf-3(-1)e4 lf-3e4 cf-3e4,,,,,,3.0,3.0,3.0,,,,,,4.0,4.0,4.0,,,,,,0.0,0.0,0.0,,,,,,2.0,3.0,2.0,,,,,,2.0,3.0,2.0,,,,,,-35.0,-34.0,-35.0,,,4,-4,,,,,,,,,,,0.3,0.3,0.3,,,,,,0.069,0.0462962963,0.069,,,,,,0.6517,0.6675925926,0.6517,,,,,,-4.0,-4.0,-4.0,FA
12591,Braden Shewmake,0.0,L,,,64,1,1p20,20,5,0,2,0,2,0,0,-3,-2,-3,-2,0.0,4.8,-2,-3,-4,-6,0.0,4.8,-3,-3,-15,-15,0.0,7.6,-2,-2,-10,-10,0.0,0.2,-2,-2,-4,-4,,,-3,0,-3,-2,-9,-6,0,0,0,0,0,0,0,0,0,0,3,3,3,3,-12,-9,-21,"*2-8,11,12/- (19-16)",B,14,1,1,2,3,D,C,0,0,0,0,1,-42,-38,-38,,,427.0,418.0,442.0,,,,ss-4e42 3b-4e18 2b-4e27,,,4.0,4.0,4.0,,,,,,27.0,18.0,42.0,,,,,,-2.0,0.0,-2.0,,,,,,-2.0,0.0,-2.0,,,,,,-4.0,0.0,-4.0,,,,,,-42.0,-38.0,-42.0,,,,,-2.0,4,-4,,,,,,,,0.3,0.3,0.3,,,,,,0.162037037,0.2175925926,0.212962963,,,,,,0.5865740741,0.5476851852,0.5509259259,,,,,,-6.0,-8.0,-6.0,,,,CHC
12808,Esteury Ruiz,0.0,R,,,55,4,6p20,38,51,-1,-2,-1,-2,16,0,2,-2,2,-2,21.0,0.0,0,-3,0,-6,44.0,7.0,2,-3,10,-15,59.8,0.0,2,-3,10,-15,6.8,0.0,3,-3,6,-6,8.0,,8,-3,3,-3,9,-9,5,0,1,0,1,0,0,0,10,13,0,0,0,0,12,-19,-7,"*2-9,12/10,11 (15-9)",C,17,0,3,0,9,C,D,0,0,0,0,6,37,-55,-38,,,,,,310.0,410.0,,lf-3(0)e10 cf-4e10,,,,,,3.0,4.0,,,,,,,10.0,10.0,,,,,,,0.0,-2.0,,,,,,,0.0,2.0,,,,,,,0.0,0.0,,,,,,,-38.0,-38.0,,,-2.0,-4,-4,,,,,,,,,,,0.3,0.55,,,,,,,0.181,0.1203703704,,,,,,,0.5733,0.3958333333,,,,,,,-4.0,-6.0,,DEN
12960,Ji Hwan Bae,0.0,L,,,74,6,3p20,56,38,-2,-1,-2,-1,0,8,-3,0,-3,0,2.0,9.5,-2,-2,-4,-4,2.0,17.5,-3,-2,-15,-10,2.0,10.2,-2,-2,-10,-10,0.0,0.0,-2,-3,-4,-6,,,-3,-3,-3,-3,-9,-9,5,5,1,1,1,1,0,4,0,0,3,3,3,3,-13,-9,-22,"*2-6,11,12/- (18-15)",B,17,1,3,2,9,D,D,0,0,0,0,3,-43,-36,-38,,,423.0,,,,403.0,403.0,cf-4(+1)e3 rf-4e3 2b-4e23,,,4.0,,,,4.0,4.0,,,23.0,,,,3.0,3.0,,,-2.0,,,,-2.0,-1.0,,,0.0,,,,4.0,4.0,,,-2.0,,,,2.0,3.0,,,-40.0,,,,-36.0,-35.0,,0.0,1,-4,,,,,,,,0.3,,,,0.55,0.55,,,0.1388888889,,,,0.03703703704,0.056,,,0.6027777778,,,,0.4333333333,0.4248,,,-6.0,,,,-8.0,-8.0,FA
12939,Javier Baez,0.0,R,,,272,12,5p40,24,28,0,0,0,0,0,0,-3,-2,-3,-2,6.9,10.7,-2,-2,-4,-4,8.9,12.7,-2,-3,-10,-15,18.1,19.3,-1,-2,-5,-10,3.4,1.3,1,-1,2,-2,,1.0,-3,1,-3,-1,-9,-3,0,5,0,1,0,1,0,8,27,27,-2,-2,-4,-4,-12,-12,-24,"*4,5/- (19-13)",B,15,1,2,2,6,D,D,0,0,0,0,5,-33,-39,-39,,,,,319.0,,,,ss-3e19,,,,,3.0,,,,,,,,19.0,,,,,,,,0.0,,,,,,,,2.0,,,,,,,,2.0,,,,,,,,-37.0,,,,,-1.0,-2,-1,,,,,,,,,,0.2,,,,,,,,0.09722222222,,,,,,,,0.7222222222,,,,,,,,-4.0,,,,FA
13270,Pablo Reyes,0.0,R,,,60,3,1p20,49,31,-2,-1,-2,-1,0,8,-3,0,-3,0,18.0,3.6,0,-3,0,-6,21.0,14.7,-1,-2,-5,-10,30.9,3.6,0,-3,0,-15,0.0,0.0,-2,-3,-4,-6,,,-3,-3,-3,-3,-9,-9,5,5,1,1,1,1,-3,-2,13,11,0,0,0,0,-10,-14,-24,"*2-6,11,12/7-10 (15-4)",D,14,0,1,0,3,D,D,0,0,0,0,1,-22,-46,-39,,425.0,418.0,465.0,421.0,,,,3b-4e65 2b-4e18 1b-4e25 ss-4e21,,4.0,4.0,4.0,4.0,,,,,25.0,18.0,65.0,21.0,,,,,0.0,-2.0,0.0,-2.0,,,,,-2.0,2.0,-2.0,0.0,,,,,-2.0,0.0,-2.0,-2.0,,,,,-41.0,-39.0,-41.0,-41.0,,,,,,4,-4,,,,,,,0.3,0.3,0.3,0.3,,,,,0.4490740741,0.1064814815,0.7407407407,0.1064814815,,,,,0.3856481481,0.625462963,0.1814814815,0.625462963,,,,,-8.0,-6.0,-8.0,-6.0,,,,FA
12586,Bobby Dalbec,0.0,R,,,83,8,1p20,86,67,-3,-3,-3,-3,8,13,0,1,0,1,0.6,0.9,-2,-3,-4,-6,10.6,15.9,-2,-2,-10,-10,1.2,3.6,-2,-3,-10,-15,0.0,0.9,-2,-2,-4,-4,,,-3,0,-3,-2,-9,-6,0,0,0,0,0,0,0,0,6,6,1,1,1,1,-13,-13,-26,*5/- (20-12),B,14,1,1,2,3,D,D,0,0,0,0,1,-39,-42,-40,,303.0,,313.0,,,,410.0,1b-3e3 3b-3e13 rf-4(0)e10,,3.0,,3.0,,,,4.0,,3.0,,13.0,,,,10.0,,1.0,,1.0,,,,-1.0,,4.0,,1.0,,,,0.0,,5.0,,2.0,,,,-1.0,,-35.0,,-38.0,,,,-41.0,,,4,-4,,,,,,,0.2,,0.2,,,,0.55,,0.05555555556,,0.1574074074,,,,0.181,,0.7555555556,,0.6740740741,,,,0.36855,,-1.0,,-4.0,,,,-8.0,FA
13159,Martin Maldonado,0.0,R,,,135,8,2p30,54,49,-2,-2,-2,-2,1,5,-2,-1,-2,-1,1.0,3.1,-2,-3,-4,-6,4.1,10.1,-3,-3,-15,-15,4.2,10.0,-2,-2,-10,-10,1.0,1.9,-2,-1,-4,-2,,,1,3,-1,0,-3,0,0,0,0,0,0,0,0,0,27,25,-2,-2,-4,-4,-16,-14,-30,-/- (---),E,8,0,-1,0,-3,A,C,2,0,2,0,2,-44,-40,-41,304.0,,,,,,,,"c-3(+3)e4,T-3(pb-2)",3.0,,,,,,,,4.0,,,,,,,,0.0,,,,,,,,3.0,,,,,,,,3.0,,,,,,,,-35.0,,,,,,,,3.0,,2,-2,c-3,"+3)e4,T-3",pb-2),,3.0,0.2,,,,,,,,0.047,,,,,,,,0.7624,,,,,,,,-4.0,,,,,,,,FA
13212,Mike Ford,0.0,L,,,60,2,1p20,43,20,-1,0,-1,0,0,0,-3,-2,-3,-2,1.8,6.3,-2,-2,-4,-4,1.8,6.3,-3,-3,-15,-15,1.8,19.4,-2,-2,-10,-10,0.0,1.5,-2,-1,-4,-2,,,-3,0,-3,-2,-9,-6,5,0,1,0,1,0,0,0,14,14,0,0,0,0,-15,-12,-27,-/- (---),E,8,0,-1,0,-3,D,C,0,0,0,0,1,-45,-39,-41,,517.0,,,,,,,1b-5e17,,5.0,,,,,,,,17.0,,,,,,,,-2.0,,,,,,,,0.0,,,,,,,,-2.0,,,,,,,,-43.0,,,,,,,,-1.0,4,-4,,,,,,,0.4,,,,,,,,0.3055555556,,,,,,,,0.4166666667,,,,,,,,-8.0,,,,,,,FA
13465,Vaughn Grissom,0.0,R,,,105,7,5p20,39,15,-1,1,-1,1,13,3,2,-2,2,-2,18.1,9.4,0,-2,0,-4,33.2,14.4,0,-2,0,-10,21.8,9.4,-1,-2,-5,-10,0.0,0.0,-2,-3,-4,-6,,,-3,-3,-3,-3,-9,-9,5,5,1,1,1,1,-9,-7,17,22,-1,-2,-2,-4,-5,-14,-19,4/- (20-6),D,13,0,1,0,3,D,C,0,0,0,0,5,-18,-43,-42,,,418.0,,,,,,2b-4e18,,,4.0,,,,,,,,18.0,,,,,,,,-2.0,,,,,,,,2.0,,,,,,,,0.0,,,,,,,,-42.0,,,,,,,,-2,-4,,,,,,,,0.3,,,,,,,,0.1064814815,,,,,,,,0.625462963,,,,,,,,-6.0,,,,,,FA
13334,Ryan Kreidler,0.0,R,,,59,6,1p20,21,45,0,-2,0,-2,2,16,-2,2,-2,2,0.0,0.9,-2,-3,-4,-6,2.0,17.0,-3,-2,-15,-10,0.0,3.6,-2,-3,-10,-15,0.0,0.9,-2,-2,-4,-4,,,-3,1,-3,-1,-9,-3,0,0,0,0,0,0,0,0,26,22,-2,-2,-4,-4,-16,-13,-29,*2-12/- (15-13),B,13,1,1,2,3,D,D,0,0,0,0,1,-48,-42,-42,,,,216.0,319.0,405.0,405.0,,ss-3e19 3b-2e16 lf-4(+1)e5 cf-4e5,,,,2.0,3.0,4.0,4.0,,,,,16.0,19.0,5.0,5.0,,,,,3.0,0.0,-1.0,-2.0,,,,,0.0,2.0,2.0,3.0,,,,,3.0,2.0,1.0,1.0,,,,,-39.0,-40.0,-41.0,-41.0,,,-1.0,4,-4,,,,,,,,,0.1,0.2,0.55,0.55,,,,,0.1898148148,0.09722222222,0.088,0.06018518519,,,,,0.7291666667,0.7222222222,0.4104,0.4229166667,,,,,-4.0,-4.0,-7.0,-7.0,,FA
13017,Jose Fermin,0.0,R,,,71,7,1p20,0,25,3,0,3,0,10,11,1,1,1,1,5.2,4.8,-2,-3,-4,-6,18.2,18.8,-2,-2,-10,-10,10.2,8.9,-2,-2,-10,-10,0.0,0.0,-2,-3,-4,-6,,,-3,-3,-3,-3,-9,-9,0,0,0,0,0,0,0,0,27,27,-2,-2,-4,-4,-9,-14,-23,*4-8/- (15-13),C,14,0,1,0,3,D,C,0,0,0,0,1,-37,-44,-42,,,408.0,418.0,,516.0,,,2b-4e8 3b-4e18 lf-5(+2)e16,,,4.0,4.0,,5.0,,,,,8.0,18.0,,16.0,,,,,-2.0,0.0,,-3.0,,,,,3.0,0.0,,-2.0,,,,,1.0,0.0,,-5.0,,,,,-41.0,-42.0,,-47.0,,,,0.0,4,-4,,,,,,,,0.3,0.3,,0.75,,,,,0.0462962963,0.2175925926,,0.287,,,,,0.6675925926,0.5476851852,,0.17825,,,,,-4.0,-8.0,,-8.0,,,POR
13497,Yan Gomes,0.0,R,,,91,2,2p20,58,55,-2,-3,-2,-3,0,0,-3,-2,-3,-2,0.6,5.2,-2,-2,-4,-4,2.7,7.2,-3,-3,-15,-15,0.6,10.4,-2,-2,-10,-10,0.0,1.6,-2,-1,-4,-2,,2.0,-3,2,-3,0,-9,0,0,5,0,1,0,1,0,-1,17,17,-1,-1,-2,-2,-18,-13,-31,-/- (---),E,8,0,-1,0,-3,D,D,0,0,0,0,2,-49,-37,-43,301.0,,,,,,,,"c-3(+1)e1,T-6(pb-0)",3.0,,,,,,,,1.0,,,,,,,,0.0,,,,,,,,4.0,,,,,,,,4.0,,,,,,,,-38.0,,,,,,,,1.0,,2,-4,c-3,"+1)e1,T-6",pb-0),,1.0,0.2,,,,,,,,0.014,,,,,,,,0.7888,,,,,,,,-2.0,,,,,,,,FA
12682,Christian Encarnacion Strand,0.0,R,,,116,4,5p20,50,31,-2,-1,-2,-1,0,0,-3,-2,-3,-2,7.0,12.3,-2,-2,-4,-4,9.0,14.3,-2,-2,-10,-10,8.7,20.6,-2,-1,-10,-5,0.5,0.1,-2,-2,-4,-4,0.0,0.0,0,0,-2,-2,-6,-6,5,5,1,1,1,1,6,6,24,26,-2,-2,-4,-4,-16,-13,-29,-/- (---),E,12,0,0,0,0,D,D,0,0,0,0,5,-42,-35,-43,,405.0,,,,,,,1b-4e5,,4.0,,,,,,,,5.0,,,,,,,,0.0,,,,,,,,2.0,,,,,,,,2.0,,,,,,,,-41.0,,,,,,,,1.0,-2,-4,,,,,,,0.3,,,,,,,,0.08796296296,,,,,,,,0.6384259259,,,,,,,,-6.0,,,,,,,FA
12596,Brandon Drury,0.0,R,,,325,27,3p50,33,21,-1,0,-1,0,2,10,-2,0,-2,0,9.1,6.4,-2,-2,-4,-4,14.1,19.4,-2,-2,-10,-10,9.3,6.4,-2,-3,-10,-15,0.0,0.0,-2,-3,-4,-6,,0.0,-3,0,-3,-2,-9,-6,5,5,1,1,1,1,-7,-4,28,25,-3,-2,-6,-4,-16,-13,-29,2/- (20-6),E,10,0,0,0,0,D,C,0,0,0,0,3,-45,-44,-43,,403.0,316.0,313.0,,,,,2b-3e16 3b-3e13 1b-4e3,,4.0,3.0,3.0,,,,,,3.0,16.0,13.0,,,,,,0.0,0.0,1.0,,,,,,4.0,2.0,1.0,,,,,,4.0,2.0,2.0,,,,,,-39.0,-41.0,-41.0,,,,,,,1,0,,,,,,,0.3,0.2,0.2,,,,,,0.05555555556,0.09722222222,0.1574074074,,,,,,0.6611111111,0.7222222222,0.6740740741,,,,,,-4.0,-4.0,-4.0,,,,,FA
12524,Alex Jackson,0.0,R,,,139,12,2p30,51,48,-2,-2,-2,-2,10,8,1,0,1,0,4.0,0.0,-2,-3,-4,-6,17.0,11.0,-2,-3,-10,-15,11.2,0.0,-2,-3,-10,-15,1.6,0.0,-1,-3,-2,-6,,,2,0,0,-2,0,-6,0,0,0,0,0,0,0,0,8,9,1,1,1,1,-7,-15,-22,3/- (20-6),E,9,0,-1,0,-3,D,D,0,0,0,0,2,-26,-49,-44,214.0,,,,,,,,"c-2(-1)e14,T-8(pb-4)",2.0,,,,,,,,14.0,,,,,,,,2.0,,,,,,,,-2.0,,,,,,,,0.0,,,,,,,,-45.0,,,,,,,,-1.0,1.0,2,-2,c-2,"-1)e14,T-8",pb-4),,-1.0,0.1,,,,,,,,0.168,,,,,,,,0.7488,,,,,,,,-3.0,,,,,,,,FA
12756,Dillon Dingler,0.0,R,,,84,3,2p20,41,52,-1,-2,-1,-2,0,0,-3,-2,-3,-2,5.5,10.6,-2,-2,-4,-4,5.5,10.6,-3,-3,-15,-15,15.2,24.4,-1,-1,-5,-5,0.0,0.3,-2,-2,-4,-4,,,-3,0,-3,-2,-9,-6,0,0,0,0,0,0,0,0,20,20,-2,-2,-4,-4,-17,-16,-33,-/- (---),E,11,0,0,0,0,D,D,0,0,0,0,2,-45,-42,-45,306.0,,,,,,,,"c-3(0)e6,T-1(pb-8)",3.0,,,,,,,,6.0,,,,,,,,0.0,,,,,,,,2.0,,,,,,,,2.0,,,,,,,,-43.0,,,,,,,,0.0,-3.0,2,-4,c-3,"0)e6,T-1",pb-8),,0.0,0.2,,,,,,,,0.075,,,,,,,,0.74,,,,,,,,-4.0,,,,,,,,GME
13010,Jose Abreu,0.0,R,,,113,4,1p20,6,34,2,-1,2,-1,0,0,-3,-2,-3,-2,0.9,3.1,-2,-3,-4,-6,4.8,7.1,-3,-3,-15,-15,3.4,12.4,-2,-2,-10,-10,0.9,3.1,-2,1,-4,2,,,1,-3,-1,-3,-3,-9,0,0,0,0,0,0,0,0,25,25,-2,-2,-4,-4,-13,-15,-28,-/- (---),E,9,0,-1,0,-3,D,C,0,0,0,0,1,-41,-45,-45,,416.0,,,,,,,1b-4e16,,4.0,,,,,,,,16.0,,,,,,,,0.0,,,,,,,,0.0,,,,,,,,0.0,,,,,,,,-45.0,,,,,,,,,4,-4,,,,,,,0.3,,,,,,,,0.287037037,,,,,,,,0.4990740741,,,,,,,,-8.0,,,,,,,FA
12542,Andrew Knizner,0.0,R,,,90,1,2p20,31,23,0,0,0,0,0,0,-3,-2,-3,-2,4.1,8.6,-2,-2,-4,-4,6.1,10.6,-3,-3,-15,-15,6.3,8.9,-2,-2,-10,-10,0.0,0.1,-2,-2,-4,-4,,0.0,-3,0,-3,-2,-9,-6,5,5,1,1,1,1,3,4,17,17,-1,-1,-2,-2,-15,-13,-28,-/- (---),E,9,0,-1,0,-3,D,C,0,0,0,0,2,-46,-42,-46,401.0,,,,,,,,"c-4(+2)e1,T-9(pb-0)",4.0,,,,,,,,1.0,,,,,,,,-2.0,,,,,,,,4.0,,,,,,,,2.0,,,,,,,,-42.0,,,,,,,,2.0,0.0,2,-4,c-4,"+2)e1,T-9",pb-0),,2.0,0.3,,,,,,,,0.014,,,,,,,,0.6902,,,,,,,,-6.0,,,,,,,,FA
12688,Chuckie Robinson,0.0,R,,,70,5,2p20,49,24,-2,0,-2,0,0,9,-3,0,-3,0,0.0,1.8,-2,-3,-4,-6,3.0,13.8,-3,-2,-15,-10,0.0,1.8,-2,-3,-10,-15,0.0,0.0,-2,-3,-4,-6,,,-3,-3,-3,-3,-9,-9,0,0,0,0,0,0,0,0,10,8,0,1,0,1,-17,-13,-30,-/- (---),E,10,0,0,0,0,D,D,0,0,0,0,2,-47,-45,-48,407.0,,,,,,,,"c-4(+1)e7,T-5(pb-0)",4.0,,,,,,,,7.0,,,,,,,,-2.0,,,,,,,,2.0,,,,,,,,0.0,,,,,,,,-47.0,,,,,,,,1.0,,2,-4,c-4,"+1)e7,T-5",pb-0),,1.0,0.3,,,,,,,,0.084,,,,,,,,0.6412,,,,,,,,-7.0,,,,,,,,FA
12530,Ali Sanchez,0.0,R,,,84,4,2p20,27,36,0,-1,0,-1,6,0,-1,-2,-1,-2,1.3,8.8,-2,-2,-4,-4,9.4,10.8,-2,-3,-10,-15,1.3,10.9,-2,-2,-10,-10,0.0,0.0,-2,-3,-4,-6,,,-3,-3,-3,-3,-9,-9,5,5,1,1,1,1,0,-4,18,20,-1,-2,-2,-4,-12,-17,-29,"*2-7,12/- (15-13)",C,9,0,-1,0,-3,A,D,2,0,2,0,2,-39,-50,-50,402.0,,,,,,,,"c-4(+1)e2,T-7(pb-0)",4.0,,,,,,,,2.0,,,,,,,,-2.0,,,,,,,,4.0,,,,,,,,2.0,,,,,,,,-47.0,,,,,,,,1.0,-2.0,2,-4,c-4,"+1)e2,T-7",pb-0),,1.0,0.3,,,,,,,,0.024,,,,,,,,0.6832,,,,,,,,-5.0,,,,,,,,FA
12514,Alan Trejo,0.0,R,,,63,2,1p20,22,24,0,0,0,0,0,0,-3,-2,-3,-2,2.5,1.3,-2,-3,-4,-6,5.5,4.3,-3,-3,-15,-15,2.5,1.3,-2,-3,-10,-15,0.0,0.0,-2,-3,-4,-6,,,-3,-3,-3,-3,-9,-9,0,5,0,1,0,1,0,0,24,24,-2,-2,-4,-4,-17,-18,-35,-/- (---),E,12,0,0,0,0,D,C,0,0,0,0,1,-49,-56,-54,,,311.0,304.0,330.0,,,,2b-3e11 3b-3e4 ss-3e30,,,3.0,3.0,3.0,,,,,,11.0,4.0,30.0,,,,,,0.0,1.0,0.0,,,,,,2.0,4.0,-2.0,,,,,,2.0,5.0,-2.0,,,,,,-52.0,-49.0,-56.0,,,,,1.0,4,-4,,,,,,,,0.2,0.2,0.2,,,,,,0.06481481481,0.04166666667,0.1527777778,,,,,,0.7481481481,0.7666666667,0.6777777778,,,,,,-4.0,-1.0,-4.0,,,,FA
12898,Jacob Amaya,0.0,R,,,68,4,1p20,60,58,-2,-3,-2,-3,6,2,-1,-2,-1,-2,10.6,6.7,-1,-2,-2,-4,16.6,8.7,-2,-3,-10,-15,10.6,6.7,-2,-3,-10,-15,0.0,0.0,-2,-3,-4,-6,,,-3,-3,-3,-3,-9,-9,5,5,1,1,1,1,4,4,21,33,-2,-3,-4,-6,-14,-21,-35,3/- (20-6),D,12,0,0,0,0,D,D,0,0,0,0,1,-41,-59,-55,,,410.0,,308.0,,,,ss-3e8 2b-4e10,,,4.0,,3.0,,,,,,10.0,,8.0,,,,,,-2.0,,0.0,,,,,,3.0,,3.0,,,,,,1.0,,3.0,,,,,,-54.0,,-52.0,,,,,0.0,4,-4,,,,,,,,0.3,,0.2,,,,,,0.06018518519,,0.0462962963,,,,,,0.6578703704,,0.762962963,,,,,,-4.0,,-1.0,,,,FA
13261,Omar Narvaez,0.0,L,,,65,3,2p20,56,10,-2,2,-2,2,0,0,-3,-2,-3,-2,2.2,4.7,-2,-3,-4,-6,2.2,4.7,-3,-3,-15,-15,2.2,6.1,-2,-3,-10,-15,0.0,0.0,-2,-3,-4,-6,,,-3,-3,-3,-3,-9,-9,5,5,1,1,1,1,4,4,24,24,-2,-2,-4,-4,-18,-16,-34,-/- (---),E,9,0,-1,0,-3,D,C,0,0,0,0,2,-50,-54,-56,315.0,,,,,,,,"c-3(+3)e15,T-12(pb-0)",3.0,,,,,,,,15.0,,,,,,,,0.0,,,,,,,,-2.0,,,,,,,,-2.0,,,,,,,,-55.0,,,,,,,,3.0,,2,-4,c-3,"+3)e15,T-12",pb-0),,3.0,0.2,,,,,,,,0.181,,,,,,,,0.6552,,,,,,,,-7.0,,,,,,,,FA
