player id,name,sWAR,image,image2,team id,team abbrev,pos 1,pos 2,pos 3,pos 4,pos 5,pos 6,pos 7,pos 8,last game,last game 2,il return,dem week,vanity card,strat code,bbref id,injury rating,DRAFT TEAM,Unnamed: 24,BOARD TEAM,Unnamed: 26,id,abbrev,sname,lname,manager_legacy,division_legacy,gmid,gmid2,manager1,manager2,division,mascot,stadium,gsheet,thumbnail,color,dice_color,season,auto_draft,salary_cap
12492,Aaron Bummer,0.31,https://sba-cards-2024.s3.us-east-1.amazonaws.com/2024-cards/aaron-bummer.png,,547,FA,RP,,,,,,,,,,,-2,,"Bummer,A",bummeaa01,1p50,,,,,547.0,FA,Free Agents,Free Agents,,,,,,,,,,,https://sombaseball.ddns.net/static/images/sba-logo.png,a6ce39,,13.0,,
12493,Aaron Civale,0.34,https://sba-cards-2024.s3.us-east-1.amazonaws.com/2024-cards/aaron-civale.png,,547,FA,SP,,,,,,,,,,,-2,,"Civale,A",civalaa01,1p70,,,,,548.0,WV,Black Bears,West Virginia Black Bears,,,2.5810453242314752e+17,,Cal,,42.0,,https://i.postimg.cc/XJXYbczz/WV-Weather.png,,https://i.postimg.cc/HjDc8bBF/blackbears-transparent.png,6699FF,,13.0,,29.5
12494,Aaron Hicks,0.0,https://sba-cards-2024.s3.us-east-1.amazonaws.com/2024-cards/aaron-hicks.png,,547,FA,RF,LF,CF,,,,,,,,,-2,,"Hicks,A",hicksaa01,1p20,,,,,551.0,DEN,Zephyr,Denver Zephyr,,,3.014550446567588e+17,2.6373608100082483e+17,Foxx,Brian,43.0,,https://i.postimg.cc/9MzQhtnv/DEN_Weather.png,,https://i.ibb.co/c6LkmsQ/newzephyr-final.png,33006f,,13.0,,31.5
12495,Aaron Judge,4.45,https://sba-cards-2024.s3.us-east-1.amazonaws.com/2024-cards/aaron-judge.png,,575,WAI,CF,RF,LF,,,,,,,,,-2,,"Judge,A",judgeaa01,1p70,,,,,554.0,THE,HawkEyes,Tokyo HawkEyes,,,9.715461259474125e+16,2.718007005252157e+17,Socc,Holly,44.0,,https://i.postimg.cc/tT74jtcH/THE_Weather.png,,https://files.catbox.moe/gcfpdg.png,FCA9A5,F9BD74,13.0,,32.5
12496,Aaron Nola,1.63,https://sba-cards-2024.s3.us-east-1.amazonaws.com/2024-cards/aaron-nola.png,,565,GMEMiL,SP,,,,,,,,,,,-2,,"Nola,A",nolaaa01,0p72,,,,,557.0,MYT,Muses,Mytilene Muses,,,2.3110046048269107e+17,,Val,,42.0,,https://i.postimg.cc/ydW8HXGH/MYT_Weather.png,,https://i.imgur.com/CNyhpR6.png,931c72,931C72,13.0,,33.5
12497,Aaron Schunk,0.35,https://sba-cards-2024.s3.us-east-1.amazonaws.com/2024-cards/aaron-schunk.png,,547,FA,2B,3B,SS,,,,,,,,,-2,,"Schunk,A",schunaa01,1p20,,,,,560.0,DAL,Drillers,Dallas Drillers,,,5.930421504473825e+17,4.684563815281459e+17,Will,Admiral,43.0,,https://i.postimg.cc/3RWxTCcX/DAL_Weather.png,,https://i.postimg.cc/tTc8Q7mj/image-16.png,FF0000,,13.0,,32.5
12498,Abraham Toro,0.48,https://sba-cards-2024.s3.us-east-1.amazonaws.com/2024-cards/abraham-toro.png,,547,FA,3B,2B,1B,LF,,,,,,,,-2,,"Toro,A",toroab01,2p50,,,,,563.0,GME,Market Equities,Gotham Market Equities,,,2.1340396007207728e+17,1.4303407278705869e+17,Mcast,Cash,44.0,,https://i.postimg.cc/3RWxTCcz/GME_Weather.png,,https://i.postimg.cc/pLdV3ZQW/gme.webp,FFd601,,13.0,,31.5
12499,Adam Cimber,0.0,https://sba-cards-2024.s3.us-east-1.amazonaws.com/2024-cards/adam-cimber.png,,593,CLS,RP,,,,,,,,,,,-2,https://i.postimg.cc/mrZm9knC/Cimber-FC.png,"Cimber,A",cimbead01,3p20,,,,,566.0,MKE,Bovines,Milwaukee Bovines,,,2.1268711363484058e+17,5.2185602088933786e+17,Basebally,Peter,44.0,,https://i.postimg.cc/QtVd3kyc/MKE_Weather.png,,https://i.imgur.com/6t7Mvml.png,ECD69F,,13.0,,31.5
12500,Adam Duvall,0.0,https://sba-cards-2024.s3.us-east-1.amazonaws.com/2024-cards/adam-duvall.png,,587,CHC,RF,LF,,,,,,,,,,-2,,"Duvall,A",duvalad01,1p50,,,,,569.0,POR,Loggers,Portland Loggers,,,1.8516716173459456e+17,2.834212089453609e+17,Ryan,Paul,43.0,,https://i.postimg.cc/XJXYbczh/POR_Weather.png,,https://i.postimg.cc/Bn7L5YmL/loggers.png,457604,,13.0,,34.5
12501,Adam Frazier,0.18,https://sba-cards-2024.s3.us-east-1.amazonaws.com/2024-cards/adam-frazier.png,,547,FA,2B,RF,LF,3B,1B,,,,,,,-2,,"Frazier,A",fraziad01,1p50,,,,,572.0,BSG,Snow Geese,Big Sky Snow Geese,,,1.4842586658884813e+17,2.5477453427454768e+17,Lyle,JZ,45.0,,https://i.postimg.cc/bJMNND74/BSG_Weather.gif,,https://i.postimg.cc/zGMmjtSZ/bigsky.png,efa54e,,13.0,,33.5
12502,Adam Mazur,0.0,https://sba-cards-2024.s3.us-east-1.amazonaws.com/2024-cards/adam-mazur.png,,547,FA,SP,,,,,,,,,,,-2,,"Mazur,A",mazurad01,1p20,,,,,575.0,WAI,Whale Sharks,Waikiki Whale Sharks,,,1.399263086448476e+17,2.917387703137075e+17,Paulie,Derek,45.0,,https://i.postimg.cc/ZR05SFMP/WAI_Weather.png,,https://i.postimg.cc/XYykZKTH/1-1.png,f68aa4,f68aa4,13.0,,29.5
12503,Adam Oller,0.43,https://sba-cards-2024.s3.us-east-1.amazonaws.com/2024-cards/adam-oller.png,,547,FA,SP,,,,,,,,,,,-2,,"Oller,A",ollerad01,1p30,,,,,578.0,CAN,Cavalry,Canterbury Cavalry,,,1.0187215101118385e+18,,Sandyman,,43.0,,https://i.postimg.cc/0Qrysd4P/CAN_Weather.png,,https://i.postimg.cc/C1bS8JTZ/Cav-Logo.png,dbb143,DBB143,13.0,,33.5
12504,Adam Ottavino,0.0,https://sba-cards-2024.s3.us-east-1.amazonaws.com/2024-cards/adam-ottavino.png,,547,FA,RP,CP,,,,,,,,,,-2,,"Ottavino,A",ottavad01,1p50,,,,,581.0,MDW,Death Worms,Mongolian Death Worms,,,3.7782627800449024e+17,2.6856655974668698e+17,Smitty,JP,44.0,,https://i.postimg.cc/QtVd3kyY/MDW_Weather.png,,https://i.postimg.cc/MHWBNwzH/MDW-Primary-Logo.png,23c8b9,,13.0,,33.5
12505,Addison Barger,0.31,https://sba-cards-2024.s3.us-east-1.amazonaws.com/2024-cards/addison-barger.png,,547,FA,3B,RF,LF,,,,,,,,,-2,,"Barger,A",bargead01,1p40,,,,,584.0,NSH,Wizards,Nashville Wizards,,,4.852170454081208e+17,,Reed,,42.0,,https://i.postimg.cc/mDhgsNnR/NSH_Weather.png,,https://i.postimg.cc/mDPB77Pb/wizards-full.png,006900,006900,13.0,,29.5
12506,Adley Rutschman,1.55,https://sba-cards-2024.s3.us-east-1.amazonaws.com/2024-cards/adley-rutschman.png,,550,WVMiL,C,,,,,,,,,,,-2,,"Rutschman,A",rutscad01,1p70,,,,,587.0,CHC,Cyclones,Chicago Cyclones,,,3.8344490334407885e+17,1.5976633883387494e+17,Jack,Diego,45.0,,https://i.postimg.cc/XvsYmDQk/CHC_Weather.png,,https://i.postimg.cc/L8044JJC/chc.png,ff5349,,13.0,,31.5
12507,Adolis Garcia,0.08,https://sba-cards-2024.s3.us-east-1.amazonaws.com/2024-cards/adolis-garcia.png,,547,FA,RF,,,,,,,,,,,-2,,"Garcia,Adolis",garciad02,1p70,,,,,590.0,CYP,Templar Knights,Cyprus Templar Knights,,,4.738452225148846e+17,,Plack,,45.0,,https://i.postimg.cc/cH6LSMb2/CYP_Weather.png,,https://i.postimg.cc/cJgxvdYs/D72-C13-F4-DEDC-4184-A903-0-B962085-BE91-removebg-preview.png,0C4940,,13.0,,31.5
12508,Adrian Del Castillo,1.67,https://sba-cards-2024.s3.us-east-1.amazonaws.com/2024-cards/adrian-del-castillo.png,,578,CAN,C,,,,,,,,,,,-2,,"Del Castillo,A",delcaad01,2p20,,,,,593.0,CLS,Hydra,Columbus Hydra,,,6.671358684773745e+17,1.055123272934482e+17,Mason,Guido,42.0,,https://i.postimg.cc/263SDFK2/CLS_Weather.png,,https://i.postimg.cc/3wGF3tvR/Hydras.png,07CED1,,13.0,,33.5
12509,Adrian Houser,0.0,https://sba-cards-2024.s3.us-east-1.amazonaws.com/2024-cards/adrian-houser.png,,547,FA,SP,RP,CP,,,,,,,,,-2,,"Houser,A",housead01,1p40,,,,,,,,,,,,,,,,,,,,,,,,
12510,Adrian Morejon,0.59,https://sba-cards-2024.s3.us-east-1.amazonaws.com/2024-cards/adrian-morejon.png,,595,CLSMiL,RP,CP,,,,,,,,,,-2,,"Morejon,A",morejad01,1p50,,,,,,,,,,,,,,,,,,,,,,,,
12511,AJ Minter,1.54,https://sba-cards-2024.s3.us-east-1.amazonaws.com/2024-cards/aj-minter.png,,547,FA,RP,CP,,,,,,,,,,-2,,"Minter,A",minteaj01,5p30,,,,,,,,,,,,,,,,,,,,,,,,
12512,AJ Puk,1.41,https://sba-cards-2024.s3.us-east-1.amazonaws.com/2024-cards/aj-puk.png,,584,NSH,SP,RP,CP,,,,,,,,,-2,,"Puk,A",pukaj01,1p40,,,,,,,,,,,,,,,,,,,,,,,,
12513,Akil Baddoo,0.0,https://sba-cards-2024.s3.us-east-1.amazonaws.com/2024-cards/akil-baddoo.png,,547,FA,LF,RF,CF,,,,,,,,,-2,,"Baddoo,A",baddoak01,1p20,,,,,,,,,,,,,,,,,,,,,,,,
12514,Alan Trejo,0.0,https://sba-cards-2024.s3.us-east-1.amazonaws.com/2024-cards/alan-trejo.png,,547,FA,2B,3B,SS,,,,,,,,,-2,,"Trejo,A",trejoal01,1p20,,,,,,,,,,,,,,,,,,,,,,,,
12515,Albert Suarez,0.71,https://sba-cards-2024.s3.us-east-1.amazonaws.com/2024-cards/albert-suarez.png,,547,FA,SP,RP,,,,,,,,,,-2,,"Suarez,A",suareal01,1p70,,,,,,,,,,,,,,,,,,,,,,,,
12516,Alec Bohm,1.44,https://sba-cards-2024.s3.us-east-1.amazonaws.com/2024-cards/alec-bohm.png,,578,CAN,3B,1B,,,,,,,,,,-2,,"Bohm,A",bohmal01,1p65,,,,,,,,,,,,,,,,,,,,,,,,
12517,Alec Burleson,0.58,https://sba-cards-2024.s3.us-east-1.amazonaws.com/2024-cards/alec-burleson.png,,563,GME,RF,LF,1B,,,,,,,,,-2,,"Burleson,A",burleal01,1p70,,,,,,,,,,,,,,,,,,,,,,,,
12518,Alec Marsh,0.31,https://sba-cards-2024.s3.us-east-1.amazonaws.com/2024-cards/alec-marsh.png,,547,FA,SP,,,,,,,,,,,-2,,"Marsh,A",marshal01,1p65,,,,,,,,,,,,,,,,,,,,,,,,
12519,Alejandro Kirk,1.5,https://sba-cards-2024.s3.us-east-1.amazonaws.com/2024-cards/alejandro-kirk.png,,565,GMEMiL,C,,,,,,,,,,,-2,,"Kirk,A",kirkal01,2p50,,,,,,,,,,,,,,,,,,,,,,,,
12520,Alek Thomas,0.0,https://sba-cards-2024.s3.us-east-1.amazonaws.com/2024-cards/alek-thomas.png,,547,FA,CF,,,,,,,,,,,-2,,"Thomas,A",thomaal01,6p20,,,,,,,,,,,,,,,,,,,,,,,,
12521,Alex Bregman,1.88,https://sba-cards-2024.s3.us-east-1.amazonaws.com/2024-cards/alex-bregman.png,,581,MDW,3B,,,,,,,,,,,-2,,"Bregman,A",bregmal01,1p65,,,,,,,,,,,,,,,,,,,,,,,,
12522,Alex Call,3.85,https://sba-cards-2024.s3.us-east-1.amazonaws.com/2024-cards/alex-call.png,,579,CANIL,RF,CF,LF,,,,,,,,w06g1,-2,,"Call,A",callal02,3p20,,,,,,,,,,,,,,,,,,,,,,,,
12523,Alex Faedo,0.3,https://sba-cards-2024.s3.us-east-1.amazonaws.com/2024-cards/alex-faedo.png,,547,FA,SP,RP,,,,,,,,,,-2,,"Faedo,A",faedoal01,5p50,,,,,,,,,,,,,,,,,,,,,,,,
12524,Alex Jackson,0.0,https://sba-cards-2024.s3.us-east-1.amazonaws.com/2024-cards/alex-jackson.png,,547,FA,C,,,,,,,,,,,-2,,"Jackson,A",jacksal02,2p30,,,,,,,,,,,,,,,,,,,,,,,,
12525,Alex Kirilloff,0.0,https://sba-cards-2024.s3.us-east-1.amazonaws.com/2024-cards/alex-kirilloff.png,,547,FA,LF,1B,RF,,,,,,,,,-2,,"Kirilloff,A",kirilal01,5p30,,,,,,,,,,,,,,,,,,,,,,,,
12526,Alex Verdugo,0.22,https://sba-cards-2024.s3.us-east-1.amazonaws.com/2024-cards/alex-verdugo.png,,547,FA,LF,RF,CF,,,,,,,,,-2,,"Verdugo,A",verdual01,1p70,,,,,,,,,,,,,,,,,,,,,,,,
12527,Alex Vesia,1.16,https://sba-cards-2024.s3.us-east-1.amazonaws.com/2024-cards/alex-vesia.png,,575,WAI,RP,CP,,,,,,,,,,-2,,"Vesia,A",vesiaal01,1p60,,,,,,,,,,,,,,,,,,,,,,,,
12528,Alex Wood,0.0,https://sba-cards-2024.s3.us-east-1.amazonaws.com/2024-cards/alex-wood.png,,547,FA,SP,,,,,,,,,,,-2,,"Wood,A",woodal02,6p30,,,,,,,,,,,,,,,,,,,,,,,,
12529,Alexis Diaz,0.43,https://sba-cards-2024.s3.us-east-1.amazonaws.com/2024-cards/alexis-diaz.png,,572,BSG,RP,CP,,,,,,,,,,-2,,"Diaz,Alexis",diazal03,1p50,,,,,,,,,,,,,,,,,,,,,,,,
12530,Ali Sanchez,0.0,https://sba-cards-2024.s3.us-east-1.amazonaws.com/2024-cards/ali-sanchez.png,,547,FA,C,,,,,,,,,,,-2,,"Sanchez,A",sanchal04,2p20,,,,,,,,,,,,,,,,,,,,,,,,
12531,Alika Williams,0.0,https://sba-cards-2024.s3.us-east-1.amazonaws.com/2024-cards/alika-williams.png,,575,WAI,2B,SS,,,,,,,,,,-2,,"Williams,A",willial04,2p20,,,,,,,,,,,,,,,,,,,,,,,,
12532,Amed Rosario,0.0,https://sba-cards-2024.s3.us-east-1.amazonaws.com/2024-cards/amed-rosario.png,,554,THE,2B,RF,3B,SS,,,,,,,,-2,,"Rosario,A",rosaram01,1p50,,,,,,,,,,,,,,,,,,,,,,,,
12533,Andre Pallante,0.99,https://sba-cards-2024.s3.us-east-1.amazonaws.com/2024-cards/andre-pallante.png,,567,MKEIL,SP,RP,,,,,,,,,w06g3,-2,,"Pallante,A",pallaan01,1p60,,,,,,,,,,,,,,,,,,,,,,,,
12534,Andres Chaparro,0.0,https://sba-cards-2024.s3.us-east-1.amazonaws.com/2024-cards/andres-chaparro.png,,576,WAIIL,1B,,,,,,,,,,w07g3,-2,,"Chaparro,A",chapaan01,1p20,,,,,,,,,,,,,,,,,,,,,,,,
12535,Andres Gimenez,1.83,https://sba-cards-2024.s3.us-east-1.amazonaws.com/2024-cards/andres-gimenez.png,,547,FA,2B,,,,,,,,,,,-2,,"Gimenez,A",gimenan01,1p70,,,,,,,,,,,,,,,,,,,,,,,,
12536,Andres Munoz,1.62,https://sba-cards-2024.s3.us-east-1.amazonaws.com/2024-cards/andres-munoz.png,,569,POR,RP,CP,,,,,,,,,,-2,,"Munoz,A",munozan01,1p50,,,,,,,,,,,,,,,,,,,,,,,,
12537,Andrew Abbott,1.79,https://sba-cards-2024.s3.us-east-1.amazonaws.com/2024-cards/andrew-abbott.png,,591,CYPIL,SP,,,,,,,,,,w07g2,-2,,"Abbott,A",abbotan01,1p70,,,,,,,,,,,,,,,,,,,,,,,,
12538,Andrew Benintendi,0.0,https://sba-cards-2024.s3.us-east-1.amazonaws.com/2024-cards/andrew-benintendi.png,,547,FA,LF,,,,,,,,,,,-2,,"Benintendi,A",beninan01,1p60,,,,,,,,,,,,,,,,,,,,,,,,
12539,Andrew Chafin,0.26,https://sba-cards-2024.s3.us-east-1.amazonaws.com/2024-cards/andrew-chafin.png,,547,FA,RP,CP,,,,,,,,,,-2,,"Chafin,A",chafian01,1p50,,,,,,,,,,,,,,,,,,,,,,,,
12540,Andrew Heaney,0.23,https://sba-cards-2024.s3.us-east-1.amazonaws.com/2024-cards/andrew-heaney.png,,547,FA,SP,,,,,,,,,,,-2,,"Heaney,A",heanean01,1p70,,,,,,,,,,,,,,,,,,,,,,,,
12541,Andrew Kittredge,0.61,https://sba-cards-2024.s3.us-east-1.amazonaws.com/2024-cards/andrew-kittredge.png,,547,FA,RP,CP,,,,,,,,,,-2,,"Kittredge,A",kittran01,0p72,,,,,,,,,,,,,,,,,,,,,,,,
12542,Andrew Knizner,0.0,https://sba-cards-2024.s3.us-east-1.amazonaws.com/2024-cards/andrew-knizner.png,,547,FA,C,,,,,,,,,,,-2,,"Knizner,A",kniznan01,2p20,,,,,,,,,,,,,,,,,,,,,,,,
12543,Andrew McCutchen,0.45,https://sba-cards-2024.s3.us-east-1.amazonaws.com/2024-cards/andrew-mccutchen.png,,547,FA,RF,,,,,,,,,,,-2,,"McCutchen,A",mccutan01,1p60,,,,,,,,,,,,,,,,,,,,,,,,
12544,Andrew Nardi,0.19,https://sba-cards-2024.s3.us-east-1.amazonaws.com/2024-cards/andrew-nardi.png,,547,FA,RP,,,,,,,,,,,-2,,"Nardi,A",nardian01,3p40,,,,,,,,,,,,,,,,,,,,,,,,
12545,Andrew Vaughn,0.09,https://sba-cards-2024.s3.us-east-1.amazonaws.com/2024-cards/andrew-vaughn.png,,547,FA,1B,,,,,,,,,,,-2,,"Vaughn,A",vaughan01,1p70,,,,,,,,,,,,,,,,,,,,,,,,
12546,Andruw Monasterio,0.0,https://sba-cards-2024.s3.us-east-1.amazonaws.com/2024-cards/andruw-monasterio.png,,547,FA,3B,2B,1B,LF,,,,,,,,-2,,"Monasterio,A",monasan01,1p30,,,,,,,,,,,,,,,,,,,,,,,,
12547,Andy Ibanez,1.0,https://sba-cards-2024.s3.us-east-1.amazonaws.com/2024-cards/andy-ibanez.png,,547,FA,2B,1B,3B,SS,LF,,,,,,,-2,,"Ibanez,A",ibanean01,2p50,,,,,,,,,,,,,,,,,,,,,,,,
12548,Andy Pages,0.85,https://sba-cards-2024.s3.us-east-1.amazonaws.com/2024-cards/andy-pages.png,,548,WV,CF,RF,LF,,,,,,,,,-2,,"Pages,A",pagesan01,1p60,,,,,,,,,,,,,,,,,,,,,,,,
12549,Angel Chivilli,0.18,https://sba-cards-2024.s3.us-east-1.amazonaws.com/2024-cards/angel-chivilli.png,,547,FA,RP,CP,,,,,,,,,,-2,,"Chivilli,A",chivian01,1p30,,,,,,,,,,,,,,,,,,,,,,,,
12550,Angel Martinez,0.1,https://sba-cards-2024.s3.us-east-1.amazonaws.com/2024-cards/angel-martinez.png,,547,FA,CF,LF,3B,RF,2B,,,,,,,-2,,"Martinez,A",martian02,5p20,,,,,,,,,,,,,,,,,,,,,,,,
12551,Angel Zerpa,0.32,https://sba-cards-2024.s3.us-east-1.amazonaws.com/2024-cards/angel-zerpa.png,,547,FA,RP,,,,,,,,,,,-2,,"Zerpa,A",zerpaan01,1p50,,,,,,,,,,,,,,,,,,,,,,,,
12552,Anthony Banda,0.48,https://sba-cards-2024.s3.us-east-1.amazonaws.com/2024-cards/anthony-banda.png,,554,THE,SP,RP,CP,,,,,,,,,-2,,"Banda,A",bandaan01,2p40,,,,,,,,,,,,,,,,,,,,,,,,
12553,Anthony Bender,0.49,https://sba-cards-2024.s3.us-east-1.amazonaws.com/2024-cards/anthony-bender.png,,548,WV,RP,CP,,,,,,,,,,-2,,"Bender,A",bendean01,2p50,,,,,,,,,,,,,,,,,,,,,,,,
12554,Anthony Molina,0.0,https://sba-cards-2024.s3.us-east-1.amazonaws.com/2024-cards/anthony-molina.png,,547,FA,RP,,,,,,,,,,,-2,,"Molina,A",molinan01,1p40,,,,,,,,,,,,,,,,,,,,,,,,
12555,Anthony Rendon,0.44,https://sba-cards-2024.s3.us-east-1.amazonaws.com/2024-cards/anthony-rendon.png,,547,FA,3B,,,,,,,,,,,-2,,"Rendon,A",rendoan01,5p30,,,,,,,,,,,,,,,,,,,,,,,,
12556,Anthony Rizzo,0.15,https://sba-cards-2024.s3.us-east-1.amazonaws.com/2024-cards/anthony-rizzo.png,,547,FA,1B,,,,,,,,,,,-2,,"Rizzo,A",rizzoan01,4p50,,,,,,,,,,,,,,,,,,,,,,,,
12557,Anthony Santander,1.26,https://sba-cards-2024.s3.us-east-1.amazonaws.com/2024-cards/anthony-santander.png,,587,CHC,RF,1B,,,,,,,,,,-2,,"Santander,A",santaan02,1p70,,,,,,,,,,,,,,,,,,,,,,,,
12558,Anthony Volpe,1.43,https://sba-cards-2024.s3.us-east-1.amazonaws.com/2024-cards/anthony-volpe.png,,586,NSHMiL,SS,,,,,,,,,,,-2,,"Volpe,A",volpean01,1p70,,,,,,,,,,,,,,,,,,,,,,,,
12559,Aroldis Chapman,0.31,https://sba-cards-2024.s3.us-east-1.amazonaws.com/2024-cards/aroldis-chapman.png,,563,GME,RP,CP,,,,,,,,,,-2,,"Chapman,A",chapmar01,1p50,,,,,,,,,,,,,,,,,,,,,,,,
12560,Austin Adams,0.35,https://sba-cards-2024.s3.us-east-1.amazonaws.com/2024-cards/austin-adams.png,,547,FA,RP,,,,,,,,,,,-2,,"Adams,A",adamsau02,4p40,,,,,,,,,,,,,,,,,,,,,,,,
12561,Austin Barnes,0.78,https://sba-cards-2024.s3.us-east-1.amazonaws.com/2024-cards/austin-barnes.png,,595,CLSMiL,C,2B,,,,,,,,,,-2,https://i.postimg.cc/JhhQngyh/Barnes-FC.png,"Barnes,A",barneau01,3p30,,,,,,,,,,,,,,,,,,,,,,,,
12562,Austin Gomber,0.69,https://sba-cards-2024.s3.us-east-1.amazonaws.com/2024-cards/austin-gomber.png,,547,FA,SP,,,,,,,,,,,-2,,"Gomber,A",gombeau01,1p70,,,,,,,,,,,,,,,,,,,,,,,,
12563,Austin Hays,0.0,https://sba-cards-2024.s3.us-east-1.amazonaws.com/2024-cards/austin-hays.png,,581,MDW,LF,RF,,,,,,,,,w07g2,-2,,"Hays,A",haysau01,4p40,,,,,,,,,,,,,,,,,,,,,,,,
12564,Austin Hedges,0.0,https://sba-cards-2024.s3.us-east-1.amazonaws.com/2024-cards/austin-hedges.png,,547,FA,C,,,,,,,,,,,-2,,"Hedges,A",hedgeau01,2p30,,,,,,,,,,,,,,,,,,,,,,,,
12565,Austin Martin,0.0,https://sba-cards-2024.s3.us-east-1.amazonaws.com/2024-cards/austin-martin.png,,578,CAN,CF,LF,2B,,,,,,,,,-2,,"Martin,A",martiau01,1p50,,,,,,,,,,,,,,,,,,,,,,,,
12566,Austin Riley,1.79,https://sba-cards-2024.s3.us-east-1.amazonaws.com/2024-cards/austin-riley.png,,575,WAI,3B,,,,,,,,,,,-2,,"Riley,A",rileyau01,3p50,,,,,,,,,,,,,,,,,,,,,,,,
12567,Austin Slater,0.0,https://sba-cards-2024.s3.us-east-1.amazonaws.com/2024-cards/austin-slater.png,,578,CAN,RF,LF,CF,,,,,,,,,-2,,"Slater,A",slateau01,2p40,,,,,,,,,,,,,,,,,,,,,,,,
12568,Austin Voth,0.0,https://sba-cards-2024.s3.us-east-1.amazonaws.com/2024-cards/austin-voth.png,,569,POR,RP,,,,,,,,,,,-2,,"Voth,A",vothau01,1p50,,,,,,,,,,,,,,,,,,,,,,,,
12569,Austin Wells,1.05,https://sba-cards-2024.s3.us-east-1.amazonaws.com/2024-cards/austin-wells.png,,574,BSGMiL,C,,,,,,,,,,,-2,,"Wells,A",wellsau01,2p60,,,,,,,,,,,,,,,,,,,,,,,,
12570,Bailey Falter,0.54,https://sba-cards-2024.s3.us-east-1.amazonaws.com/2024-cards/bailey-falter.png,,547,FA,SP,,,,,,,,,,,-2,,"Falter,B",falteba01,1p70,,,,,,,,,,,,,,,,,,,,,,,,
12571,Bailey Ober,1.46,https://sba-cards-2024.s3.us-east-1.amazonaws.com/2024-cards/bailey-ober.png,,554,THE,SP,,,,,,,,,,,-2,,"Ober,B",oberba01,1p70,,,,,,,,,,,,,,,,,,,,,,,,
12572,Beau Brieske,0.5,https://sba-cards-2024.s3.us-east-1.amazonaws.com/2024-cards/beau-brieske.png,,571,PORMiL,SP,RP,CP,,,,,,,,,-2,,"Brieske,B",briesbe01,1p60,,,,,,,,,,,,,,,,,,,,,,,,
12573,Ben Brown,1.22,https://sba-cards-2024.s3.us-east-1.amazonaws.com/2024-cards/ben-brown.png,,548,WV,SP,RP,,,,,,,,,w07g2,-2,,"Brown,B",brownbe02,5p30,,,,,,,,,,,,,,,,,,,,,,,,
12574,Ben Gamel,0.59,https://sba-cards-2024.s3.us-east-1.amazonaws.com/2024-cards/ben-gamel.png,,579,CANIL,RF,LF,,,,,,,,,w09g3,-2,,"Gamel,B",HALP,2p20,,,,,,,,,,,,,,,,,,,,,,,,
12575,Ben Joyce,2.35,https://sba-cards-2024.s3.us-east-1.amazonaws.com/2024-cards/ben-joyce.png,,593,CLS,RP,CP,,,,,,,,,,-2,https://i.postimg.cc/RF6Q1HLW/Joyce-FC.png,"Joyce,B",joycebe01,2p30,,,,,,,,,,,,,,,,,,,,,,,,
12576,Ben Lively,0.75,https://sba-cards-2024.s3.us-east-1.amazonaws.com/2024-cards/ben-lively.png,,547,FA,SP,,,,,,,,,,,-2,,"Lively,B",livelbe01,1p70,,,,,,,,,,,,,,,,,,,,,,,,
12577,Ben Rice,0.0,https://sba-cards-2024.s3.us-east-1.amazonaws.com/2024-cards/ben-rice.png,,548,WV,1B,C,,,,,,,,,,-2,,"Rice,B",ricebe01,1p30,,,,,,,,,,,,,,,,,,,,,,,,
12578,Ben Rortvedt,0.8,https://sba-cards-2024.s3.us-east-1.amazonaws.com/2024-cards/ben-rortvedt.png,,547,FA,C,,,,,,,,,,,-2,,"Rortvedt,B",rortvbe01,2p50,,,,,,,,,,,,,,,,,,,,,,,,
12579,Blake Perkins,1.2,https://sba-cards-2024.s3.us-east-1.amazonaws.com/2024-cards/blake-perkins.png,,584,NSH,CF,,,,,,,,,,,-2,,"Perkins,B",perkibl01,1p60,,,,,,,,,,,,,,,,,,,,,,,,
12580,Blake Snell,1.51,https://sba-cards-2024.s3.us-east-1.amazonaws.com/2024-cards/blake-snell.png,,584,NSH,SP,,,,,,,,,,,-2,,"Snell,B",snellbl01,3p60,,,,,,,,,,,,,,,,,,,,,,,,
12581,Blake Treinen,1.44,https://sba-cards-2024.s3.us-east-1.amazonaws.com/2024-cards/blake-treinen.png,,560,DAL,RP,CP,,,,,,,,,,-2,,"Treinen,B",treinbl01,4p40,,,,,,,,,,,,,,,,,,,,,,,,
12582,Blaze Alexander,0.0,https://sba-cards-2024.s3.us-east-1.amazonaws.com/2024-cards/blaze-alexander.png,,575,WAI,SS,2B,3B,,,,,,,,,-2,,"Alexander,B",alexabl01,1p30,,,,,,,,,,,,,,,,,,,,,,,,
12583,Bligh Madris,0.46,https://sba-cards-2024.s3.us-east-1.amazonaws.com/2024-cards/bligh-madris.png,,547,FA,1B,RF,,,,,,,,,,-2,,"Madris,B",madribl01,1p20,,,,,,,,,,,,,,,,,,,,,,,,
12584,Bo Bichette,0.0,https://sba-cards-2024.s3.us-east-1.amazonaws.com/2024-cards/bo-bichette.png,,565,GMEMiL,SS,,,,,,,,,,,-2,,"Bichette,B",bichebo01,4p40,,,,,,,,,,,,,,,,,,,,,,,,
12585,Bo Naylor,0.31,https://sba-cards-2024.s3.us-east-1.amazonaws.com/2024-cards/bo-naylor.png,,547,FA,C,,,,,,,,,,,-2,,"Naylor,B",naylobo01,2p60,,,,,,,,,,,,,,,,,,,,,,,,
12586,Bobby Dalbec,0.0,https://sba-cards-2024.s3.us-east-1.amazonaws.com/2024-cards/bobby-dalbec.png,,547,FA,1B,3B,RF,,,,,,,,,-2,,"Dalbec,B",dalbebo01,1p20,,,,,,,,,,,,,,,,,,,,,,,,
12587,Bobby Miller,0.0,https://sba-cards-2024.s3.us-east-1.amazonaws.com/2024-cards/bobby-miller.png,,547,FA,SP,,,,,,,,,,,-2,,"Miller,Bobby",millebo06,4p30,,,,,,,,,,,,,,,,,,,,,,,,
12588,Bobby Witt Jr,3.84,https://sba-cards-2024.s3.us-east-1.amazonaws.com/2024-cards/bobby-witt-jr.png,,572,BSG,SS,,,,,,,,,,,-2,,"Witt Jr,B",wittbo02,1p70,,,,,,,,,,,,,,,,,,,,,,,,
12589,Bowden Francis,1.39,https://sba-cards-2024.s3.us-east-1.amazonaws.com/2024-cards/bowden-francis.png,,557,MYT,SP,RP,,,,,,,,,,-2,,"Francis,B",francbo01,2p50,,,,,,,,,,,,,,,,,,,,,,,,
12590,Brad Keller,0.0,https://sba-cards-2024.s3.us-east-1.amazonaws.com/2024-cards/brad-keller.png,,547,FA,SP,RP,CP,,,,,,,,,-2,,"Keller,B",kellebr01,1p30,,,,,,,,,,,,,,,,,,,,,,,,
12591,Braden Shewmake,0.0,https://sba-cards-2024.s3.us-east-1.amazonaws.com/2024-cards/braden-shewmake.png,,587,CHC,SS,3B,2B,,,,,,,,,-2,,"Shewmake,B",shewmbr01,1p20,,,,,,,,,,,,,,,,,,,,,,,,
12592,Bradley Blalock,0.0,https://sba-cards-2024.s3.us-east-1.amazonaws.com/2024-cards/bradley-blalock.png,,547,FA,SP,RP,,,,,,,,,,-2,,"Blalock,B",blalobr01,1p20,,,,,,,,,,,,,,,,,,,,,,,,
12593,Brady Singer,1.29,https://sba-cards-2024.s3.us-east-1.amazonaws.com/2024-cards/brady-singer.png,,547,FA,SP,,,,,,,,,,,-2,,"Singer,B",singebr01,0p72,,,,,,,,,,,,,,,,,,,,,,,,
12594,Brandon Bielak,0.14,https://sba-cards-2024.s3.us-east-1.amazonaws.com/2024-cards/brandon-bielak.png,,547,FA,RP,,,,,,,,,,,-2,,"Bielak,B",bielabr01,1p20,,,,,,,,,,,,,,,,,,,,,,,,
12595,Brandon Crawford,0.0,https://sba-cards-2024.s3.us-east-1.amazonaws.com/2024-cards/brandon-crawford.png,,547,FA,SS,3B,,,,,,,,,,-2,,"Crawford,B",crawfbr01,1p20,,,,,,,,,,,,,,,,,,,,,,,,
12596,Brandon Drury,0.0,https://sba-cards-2024.s3.us-east-1.amazonaws.com/2024-cards/brandon-drury.png,,547,FA,2B,3B,1B,,,,,,,,,-2,,"Drury,B",drurybr01,3p50,,,,,,,,,,,,,,,,,,,,,,,,
12597,Brandon Lowe,1.64,https://sba-cards-2024.s3.us-east-1.amazonaws.com/2024-cards/brandon-lowe.png,,554,THE,2B,1B,,,,,,,,,,-2,,"Lowe,B",lowebr01,3p50,,,,,,,,,,,,,,,,,,,,,,,,
12598,Brandon Marsh,1.89,https://sba-cards-2024.s3.us-east-1.amazonaws.com/2024-cards/brandon-marsh.png,,565,GMEMiL,LF,CF,RF,,,,,,,,,-2,,"Marsh,B",marshbr02,1p60,,,,,,,,,,,,,,,,,,,,,,,,
12599,Brandon Nimmo,0.96,https://sba-cards-2024.s3.us-east-1.amazonaws.com/2024-cards/brandon-nimmo.png,,551,DEN,LF,CF,,,,,,,,,,-2,,"Nimmo,B",nimmobr01,1p70,,,,,,,,,,,,,,,,,,,,,,,,
12600,Brandon Pfaadt,0.25,https://sba-cards-2024.s3.us-east-1.amazonaws.com/2024-cards/brandon-pfaadt.png,,551,DEN,SP,,,,,,,,,,,-2,,"Pfaadt,B",pfaadbr01,0p72,,,,,,,,,,,,,,,,,,,,,,,,
12601,Brant Hurter,2.06,https://sba-cards-2024.s3.us-east-1.amazonaws.com/2024-cards/brant-hurter.png,,581,MDW,SP,RP,,,,,,,,,,-2,,"Hurter,B",hurtebr01,1p30,,,,,,,,,,,,,,,,,,,,,,,,
12602,Braxton Garrett,0.61,https://sba-cards-2024.s3.us-east-1.amazonaws.com/2024-cards/braxton-garrett.png,,590,CYP,SP,,,,,,,,,,,-2,,"Garrett,B",garrebr01,6p20,,,,,,,,,,,,,,,,,,,,,,,,
12603,Brayan Bello,0.69,https://sba-cards-2024.s3.us-east-1.amazonaws.com/2024-cards/brayan-bello.png,,560,DAL,SP,,,,,,,,,,,-2,,"Bello,B",bellobr01,1p70,,,,,,,,,,,,,,,,,,,,,,,,
12604,Brayan Rocchio,0.75,https://sba-cards-2024.s3.us-east-1.amazonaws.com/2024-cards/brayan-rocchio.png,,557,MYT,SS,,,,,,,,,,,-2,,"Rocchio,B",rocchbr01,1p65,,,,,,,,,,,,,,,,,,,,,,,,
12605,Brenan Hanifee,1.47,https://sba-cards-2024.s3.us-east-1.amazonaws.com/2024-cards/brenan-hanifee.png,,547,FA,SP,RP,,,,,,,,,,-2,,"Hanifee,B",hanifbr01,1p30,,,,,,,,,,,,,,,,,,,,,,,,
12606,Brendan Donovan,1.16,https://sba-cards-2024.s3.us-east-1.amazonaws.com/2024-cards/brendan-donovan.png,,593,CLS,LF,2B,3B,,,,,,,,,-2,https://i.postimg.cc/g0BH6DRT/Donovan-FC.png,"Donovan,B",donovbr01,1p70,,,,,,,,,,,,,,,,,,,,,,,,
12607,Brendan Rodgers,0.59,https://sba-cards-2024.s3.us-east-1.amazonaws.com/2024-cards/brendan-rodgers.png,,547,FA,2B,,,,,,,,,,,-2,,"Rodgers,B",rodgebr02,1p60,,,,,,,,,,,,,,,,,,,,,,,,
12608,Brendon Little,0.11,https://sba-cards-2024.s3.us-east-1.amazonaws.com/2024-cards/brendon-little.png,,563,GME,RP,CP,,,,,,,,,,-2,,"Little,B",littlbr02,1p40,,,,,,,,,,,,,,,,,,,,,,,,
12609,Brennan Bernardino,0.28,https://sba-cards-2024.s3.us-east-1.amazonaws.com/2024-cards/brennan-bernardino.png,,547,FA,SP,RP,,,,,,,,,,-2,,"Bernardino,B",bernabr01,2p40,,,,,,,,,,,,,,,,,,,,,,,,
12610,Brent Honeywell,1.15,https://sba-cards-2024.s3.us-east-1.amazonaws.com/2024-cards/brent-honeywell.png,,547,FA,RP,CP,,,,,,,,,,-2,,"Honeywell,B",honeybr01,1p20,,,,,,,,,,,,,,,,,,,,,,,,
12611,Brent Rooker,2.64,https://sba-cards-2024.s3.us-east-1.amazonaws.com/2024-cards/brent-rooker.png,,560,DAL,LF,RF,,,,,,,,,,-2,,"Rooker,B",rookebr01,1p65,,,,,,,,,,,,,,,,,,,,,,,,
12612,Brent Suter,0.61,https://sba-cards-2024.s3.us-east-1.amazonaws.com/2024-cards/brent-suter.png,,547,FA,SP,RP,CP,,,,,,,,,-2,,"Suter,B",suterbr01,3p60,,,,,,,,,,,,,,,,,,,,,,,,
12613,Brenton Doyle,1.92,https://sba-cards-2024.s3.us-east-1.amazonaws.com/2024-cards/brenton-doyle.png,,566,MKE,CF,,,,,,,,,,,-2,,"Doyle,B",doylebr02,1p70,,,,,,,,,,,,,,,,,,,,,,,,
12614,Brett Baty,0.31,https://sba-cards-2024.s3.us-east-1.amazonaws.com/2024-cards/brett-baty.png,,547,FA,3B,,,,,,,,,,,-2,,"Baty,B",batybr01,1p30,,,,,,,,,,,,,,,,,,,,,,,,
12615,Brett Harris,0.0,https://sba-cards-2024.s3.us-east-1.amazonaws.com/2024-cards/brett-harris.png,,547,FA,3B,,,,,,,,,,,-2,,"Harris,B",harribr02,1p20,,,,,,,,,,,,,,,,,,,,,,,,
12616,Brett Wisely,0.53,https://sba-cards-2024.s3.us-east-1.amazonaws.com/2024-cards/brett-wisely.png,,587,CHC,SS,2B,3B,1B,CF,,,,,,,-2,,"Wisely,B",wiselbr01,1p40,,,,,,,,,,,,,,,,,,,,,,,,
12617,Brian Serven,0.49,https://sba-cards-2024.s3.us-east-1.amazonaws.com/2024-cards/brian-serven.png,,547,FA,C,,,,,,,,,,,-2,,"Serven,B",servebr01,2p20,,,,,,,,,,,,,,,,,,,,,,,,
12618,Brice Turang,2.2,https://sba-cards-2024.s3.us-east-1.amazonaws.com/2024-cards/brice-turang.png,,557,MYT,2B,,,,,,,,,,,-2,,"Turang,B",turanbr02,1p70,,,,,,,,,,,,,,,,,,,,,,,,
12619,Brock Burke,0.0,https://sba-cards-2024.s3.us-east-1.amazonaws.com/2024-cards/brock-burke.png,,547,FA,RP,,,,,,,,,,,-2,,"Burke,B",burkebr01,5p30,,,,,,,,,,,,,,,,,,,,,,,,
12620,Brooks Baldwin,0.0,https://sba-cards-2024.s3.us-east-1.amazonaws.com/2024-cards/brooks-baldwin.png,,547,FA,2B,SS,,,,,,,,,,-2,,"Baldwin,B",baldwbr01,2p20,,,,,,,,,,,,,,,,,,,,,,,,
12621,Brooks Lee,0.0,https://sba-cards-2024.s3.us-east-1.amazonaws.com/2024-cards/brooks-lee.png,,547,FA,SS,3B,2B,,,,,,,,,-2,,"Lee,B",leebr02,2p30,,,,,,,,,,,,,,,,,,,,,,,,
12622,Bryan Abreu,1.04,https://sba-cards-2024.s3.us-east-1.amazonaws.com/2024-cards/bryan-abreu.png,,569,POR,RP,CP,,,,,,,,,,-2,,"Abreu,B",abreubr01,0p72,,,,,,,,,,,,,,,,,,,,,,,,
12623,Bryan Baker,0.0,https://sba-cards-2024.s3.us-east-1.amazonaws.com/2024-cards/bryan-baker.png,,547,FA,RP,,,,,,,,,,,-2,,"Baker,B",bakerbr01,1p20,,,,,,,,,,,,,,,,,,,,,,,,
12624,Bryan De La Cruz,0.0,https://sba-cards-2024.s3.us-east-1.amazonaws.com/2024-cards/bryan-de-la-cruz.png,,547,FA,RF,LF,,,,,,,,,,-2,,"De La Cruz,B",delacbr01,1p70,,,,,,,,,,,,,,,,,,,,,,,,
12625,Bryan Hoeing,2.28,https://sba-cards-2024.s3.us-east-1.amazonaws.com/2024-cards/bryan-hoeing.png,,584,NSH,SP,RP,,,,,,,,,,-2,,"Hoeing,B",hoeinbr01,5p30,,,,,,,,,,,,,,,,,,,,,,,,
12626,Bryan Hudson,2.89,https://sba-cards-2024.s3.us-east-1.amazonaws.com/2024-cards/bryan-hudson.png,,578,CAN,RP,,,,,,,,,,,-2,,"Hudson,B",hudsobr01,2p40,,,,,,,,,,,,,,,,,,,,,,,,
12627,Bryan King,1.09,https://sba-cards-2024.s3.us-east-1.amazonaws.com/2024-cards/bryan-king.png,,547,FA,RP,,,,,,,,,,,-2,,"King,B",kingbr02,1p30,,,,,,,,,,,,,,,,,,,,,,,,
12628,Bryan Ramos,0.0,https://sba-cards-2024.s3.us-east-1.amazonaws.com/2024-cards/bryan-ramos.png,,547,FA,3B,,,,,,,,,,,-2,,"Ramos,B",ramosbr01,1p20,,,,,,,,,,,,,,,,,,,,,,,,
12629,Bryan Reynolds,1.51,https://sba-cards-2024.s3.us-east-1.amazonaws.com/2024-cards/bryan-reynolds.png,,574,BSGMiL,LF,RF,,,,,,,,,,-2,,"Reynolds,B",reynobr01,1p70,,,,,,,,,,,,,,,,,,,,,,,,
12630,Bryan Sammons,0.79,https://sba-cards-2024.s3.us-east-1.amazonaws.com/2024-cards/bryan-sammons.png,,572,BSG,RP,,,,,,,,,,,-2,,"Sammons,B",sammobr01,1p20,,,,,,,,,,,,,,,,,,,,,,,,
12631,Bryan Woo,1.78,https://sba-cards-2024.s3.us-east-1.amazonaws.com/2024-cards/bryan-woo.png,,579,CANIL,SP,,,,,,,,,,w06g2,-2,,"Woo,B",woobr01,3p50,,,,,,,,,,,,,,,,,,,,,,,,
12632,Bryce Elder,0.0,https://sba-cards-2024.s3.us-east-1.amazonaws.com/2024-cards/bryce-elder.png,,547,FA,SP,,,,,,,,,,,-2,,"Elder,B",elderbr01,1p30,,,,,,,,,,,,,,,,,,,,,,,,
12633,Bryce Harper,2.21,https://sba-cards-2024.s3.us-east-1.amazonaws.com/2024-cards/bryce-harper.png,,587,CHC,1B,,,,,,,,,,,-2,,"Harper,B",harpebr03,1p65,,,,,,,,,,,,,,,,,,,,,,,,
12634,Bryce Jarvis,0.58,https://sba-cards-2024.s3.us-east-1.amazonaws.com/2024-cards/bryce-jarvis.png,,547,FA,RP,,,,,,,,,,,-2,,"Jarvis,B",jarvibr01,5p40,,,,,,,,,,,,,,,,,,,,,,,,
12635,Bryce Johnson,0.0,https://sba-cards-2024.s3.us-east-1.amazonaws.com/2024-cards/bryce-johnson.png,,584,NSH,RF,LF,CF,,,,,,,,,-2,,"Johnson,B",johnsbr03,1p30,,,,,,,,,,,,,,,,,,,,,,,,
12636,Bryce Miller,1.7,https://sba-cards-2024.s3.us-east-1.amazonaws.com/2024-cards/bryce-miller.png,,587,CHC,SP,,,,,,,,,,,-2,,"Miller,Bryce",millebr04,1p70,,,,,,,,,,,,,,,,,,,,,,,,
12637,Bryse Wilson,0.37,https://sba-cards-2024.s3.us-east-1.amazonaws.com/2024-cards/bryse-wilson.png,,547,FA,SP,RP,,,,,,,,,,-2,,"Wilson,B",wilsobr02,2p60,,,,,,,,,,,,,,,,,,,,,,,,
12638,Bryson Stott,1.27,https://sba-cards-2024.s3.us-east-1.amazonaws.com/2024-cards/bryson-stott.png,,595,CLSMiL,2B,SS,,,,,,,,,,-2,,"Stott,B",stottbr01,1p70,,,,,,,,,,,,,,,,,,,,,,,,
12639,Buck Farmer,1.72,https://sba-cards-2024.s3.us-east-1.amazonaws.com/2024-cards/buck-farmer.png,,587,CHC,RP,CP,,,,,,,,,,-2,,"Farmer,B",farmebu01,1p40,,,,,,,,,,,,,,,,,,,,,,,,
12640,Burch Smith,0.0,https://sba-cards-2024.s3.us-east-1.amazonaws.com/2024-cards/burch-smith.png,,547,FA,RP,,,,,,,,,,,-2,,"Smith,B",smithbu03,1p50,,,,,,,,,,,,,,,,,,,,,,,,
12641,Byron Buxton,2.69,https://sba-cards-2024.s3.us-east-1.amazonaws.com/2024-cards/byron-buxton.png,,585,NSHIL,CF,,,,,,,,,,w06g4,-2,https://i.postimg.cc/5tpVj9Pf/buxton-card.gif,"Buxton,B",buxtoby01,3p50,,,,,,,,,,,,,,,,,,,,,,,,
12642,Cade Povich,0.0,https://sba-cards-2024.s3.us-east-1.amazonaws.com/2024-cards/cade-povich.png,,547,FA,SP,,,,,,,,,,,-2,,"Povich,C",povicca01,1p40,,,,,,,,,,,,,,,,,,,,,,,,
12643,Cade Smith,1.53,https://sba-cards-2024.s3.us-east-1.amazonaws.com/2024-cards/cade-smith.png,,575,WAI,RP,CP,,,,,,,,,,-2,,"Smith,C",smithca06,0p72,,,,,,,,,,,,,,,,,,,,,,,,
12644,Cal Quantrill,0.49,https://sba-cards-2024.s3.us-east-1.amazonaws.com/2024-cards/cal-quantrill.png,,547,FA,SP,,,,,,,,,,,-2,,"Quantrill,C",quantca01,1p70,,,,,,,,,,,,,,,,,,,,,,,,
12645,Cal Raleigh,2.17,https://sba-cards-2024.s3.us-east-1.amazonaws.com/2024-cards/cal-raleigh.png,,593,CLS,C,,,,,,,,,,,-2,https://i.postimg.cc/xjPqxdxF/Raleigh-FC.png,"Raleigh,C",raleica01,1p70,,,,,,,,,,,,,,,,,,,,,,,,
12646,Caleb Ferguson,0.0,https://sba-cards-2024.s3.us-east-1.amazonaws.com/2024-cards/caleb-ferguson.png,,547,FA,RP,CP,,,,,,,,,,-2,,"Ferguson,C",ferguca01,1p50,,,,,,,,,,,,,,,,,,,,,,,,
12647,Caleb Thielbar,0.0,https://sba-cards-2024.s3.us-east-1.amazonaws.com/2024-cards/caleb-thielbar.png,,547,FA,RP,CP,,,,,,,,,,-2,,"Thielbar,C",thielca01,2p40,,,,,,,,,,,,,,,,,,,,,,,,
12648,Calvin Faucher,0.64,https://sba-cards-2024.s3.us-east-1.amazonaws.com/2024-cards/calvin-faucher.png,,547,FA,RP,CP,,,,,,,,,,-2,,"Faucher,C",fauchca01,2p50,,,,,,,,,,,,,,,,,,,,,,,,
12649,Cam Booser,0.54,https://sba-cards-2024.s3.us-east-1.amazonaws.com/2024-cards/cam-booser.png,,547,FA,RP,CP,,,,,,,,,,-2,,"Booser,C",booseca01,2p40,,,,,,,,,,,,,,,,,,,,,,,,
12650,Camilo Doval,0.0,https://sba-cards-2024.s3.us-east-1.amazonaws.com/2024-cards/camilo-doval.png,,547,FA,RP,CP,,,,,,,,,,-2,,"Doval,C",dovalca01,1p50,,,,,,,,,,,,,,,,,,,,,,,,
12651,Carlos Carrasco,0.0,https://sba-cards-2024.s3.us-east-1.amazonaws.com/2024-cards/carlos-carrasco.png,,547,FA,SP,,,,,,,,,,,-2,,"Carrasco,C",carraca01,2p60,,,,,,,,,,,,,,,,,,,,,,,,
12652,Carlos Correa,2.92,https://sba-cards-2024.s3.us-east-1.amazonaws.com/2024-cards/carlos-correa.png,,584,NSH,SS,,,,,,,,,,,-2,,"Correa,C",correca01,4p40,,,,,,,,,,,,,,,,,,,,,,,,
12653,Carlos Estevez,1.83,https://sba-cards-2024.s3.us-east-1.amazonaws.com/2024-cards/carlos-estevez.png,,563,GME,RP,CP,,,,,,,,,,-2,,"Estevez,C",estevca01,1p50,,,,,,,,,,,,,,,,,,,,,,,,
12654,Carlos Hernandez,0.48,https://sba-cards-2024.s3.us-east-1.amazonaws.com/2024-cards/carlos-hernandez.png,,563,GME,RP,,,,,,,,,,,-2,,"Hernandez,C",hernaca04,5p20,,,,,,,,,,,,,,,,,,,,,,,,
12655,Carlos Rodon,0.98,https://sba-cards-2024.s3.us-east-1.amazonaws.com/2024-cards/carlos-rodon.png,,554,THE,SP,,,,,,,,,,,-2,,"Rodon,C",rodonca01,0p72,,,,,,,,,,,,,,,,,,,,,,,,
12656,Carlos Santana,1.22,https://sba-cards-2024.s3.us-east-1.amazonaws.com/2024-cards/carlos-santana.png,,547,FA,1B,,,,,,,,,,,-2,,"Santana,C",santaca01,1p70,,,,,,,,,,,,,,,,,,,,,,,,
12657,Carmen Mlodzinski,0.76,https://sba-cards-2024.s3.us-east-1.amazonaws.com/2024-cards/carmen-mlodzinski.png,,590,CYP,SP,RP,,,,,,,,,,-2,,"Mlodzinski,C",mlodzca01,4p40,,,,,,,,,,,,,,,,,,,,,,,,
12658,Carson Fulmer,0.41,https://sba-cards-2024.s3.us-east-1.amazonaws.com/2024-cards/carson-fulmer.png,,547,FA,SP,RP,,,,,,,,,,-2,,"Fulmer,C",fulmeca01,3p50,,,,,,,,,,,,,,,,,,,,,,,,
12659,Carson Kelly,0.46,https://sba-cards-2024.s3.us-east-1.amazonaws.com/2024-cards/carson-kelly.png,,593,CLS,C,,,,,,,,,,w06g3,-2,https://i.postimg.cc/fLJ5HFDk/Kelly-FC.png,"Kelly,C",kellyca02,2p40,,,,,,,,,,,,,,,,,,,,,,,,
12660,Carson Spiers,0.0,https://sba-cards-2024.s3.us-east-1.amazonaws.com/2024-cards/carson-spiers.png,,547,FA,SP,RP,,,,,,,,,,-2,,"Spiers,C",spierca01,2p50,,,,,,,,,,,,,,,,,,,,,,,,
12661,Casey Mize,0.04,https://sba-cards-2024.s3.us-east-1.amazonaws.com/2024-cards/casey-mize.png,,547,FA,SP,RP,,,,,,,,,,-2,,"Mize,C",mizeca01,3p60,,,,,,,,,,,,,,,,,,,,,,,,
12662,Casey Schmitt,0.51,https://sba-cards-2024.s3.us-east-1.amazonaws.com/2024-cards/casey-schmitt.png,,563,GME,2B,SS,3B,,,,,,,,,-2,,"Schmitt,C",schmica01,1p20,,,,,,,,,,,,,,,,,,,,,,,,
12663,Cavan Biggio,0.08,https://sba-cards-2024.s3.us-east-1.amazonaws.com/2024-cards/cavan-biggio.png,,547,FA,2B,3B,1B,RF,,,,,,,,-2,,"Biggio,C",biggica01,1p40,,,,,,,,,,,,,,,,,,,,,,,,
12664,Ceddanne Rafaela,0.85,https://sba-cards-2024.s3.us-east-1.amazonaws.com/2024-cards/ceddanne-rafaela.png,,554,THE,SS,CF,2B,3B,RF,,,,,,,-2,,"Rafaela,C",rafaece01,1p70,,,,,,,,,,,,,,,,,,,,,,,,
12665,Cedric Mullins,1.51,https://sba-cards-2024.s3.us-east-1.amazonaws.com/2024-cards/cedric-mullins.png,,548,WV,CF,,,,,,,,,,,-2,,"Mullins,C",mullice01,1p65,,,,,,,,,,,,,,,,,,,,,,,,
12666,Chad Green,0.63,https://sba-cards-2024.s3.us-east-1.amazonaws.com/2024-cards/chad-green.png,,581,MDW,RP,CP,,,,,,,,,w06g1,-2,,"Green,C",greench03,3p50,,,,,,,,,,,,,,,,,,,,,,,,
12667,Chad Kuhl,0.16,https://sba-cards-2024.s3.us-east-1.amazonaws.com/2024-cards/chad-kuhl.png,,547,FA,SP,RP,CP,,,,,,,,,-2,,"Kuhl,C",kuhlch01,1p30,,,,,,,,,,,,,,,,,,,,,,,,
12668,Charlie Blackmon,0.35,https://sba-cards-2024.s3.us-east-1.amazonaws.com/2024-cards/charlie-blackmon.png,,547,FA,RF,,,,,,,,,,,-2,,"Blackmon,C",blackch02,1p60,,,,,,,,,,,,,,,,,,,,,,,,
12669,Charlie Morton,0.36,https://sba-cards-2024.s3.us-east-1.amazonaws.com/2024-cards/charlie-morton.png,,547,FA,SP,,,,,,,,,,,-2,,"Morton,C",mortoch02,1p70,,,,,,,,,,,,,,,,,,,,,,,,
12670,Chas McCormick,0.0,https://sba-cards-2024.s3.us-east-1.amazonaws.com/2024-cards/chas-mccormick.png,,590,CYP,LF,RF,CF,,,,,,,,,-2,,"McCormick,C",mccorch01,3p50,,,,,,,,,,,,,,,,,,,,,,,,
12671,Chase Anderson,0.0,https://sba-cards-2024.s3.us-east-1.amazonaws.com/2024-cards/chase-anderson.png,,547,FA,RP,CP,,,,,,,,,,-2,,"Anderson,C",anderch01,1p30,,,,,,,,,,,,,,,,,,,,,,,,
12672,Chris Bassitt,0.0,https://sba-cards-2024.s3.us-east-1.amazonaws.com/2024-cards/chris-bassitt.png,,547,FA,SP,,,,,,,,,,,-2,,"Bassitt,C",bassich01,1p70,,,,,,,,,,,,,,,,,,,,,,,,
12673,Chris Devenski,0.0,https://sba-cards-2024.s3.us-east-1.amazonaws.com/2024-cards/chris-devenski.png,,547,FA,RP,,,,,,,,,,,-2,,"Devenski,C",devench02,3p20,,,,,,,,,,,,,,,,,,,,,,,,
12674,Chris Flexen,0.45,https://sba-cards-2024.s3.us-east-1.amazonaws.com/2024-cards/chris-flexen.png,,547,FA,SP,RP,,,,,,,,,,-2,,"Flexen,C",flexech01,1p70,,,,,,,,,,,,,,,,,,,,,,,,
12675,Chris Martin,0.22,https://sba-cards-2024.s3.us-east-1.amazonaws.com/2024-cards/chris-martin.png,,581,MDW,RP,CP,,,,,,,,,,-2,,"Martin,C",martich02,4p40,,,,,,,,,,,,,,,,,,,,,,,,
12676,Chris Paddack,0.2,https://sba-cards-2024.s3.us-east-1.amazonaws.com/2024-cards/chris-paddack.png,,547,FA,SP,,,,,,,,,,,-2,,"Paddack,C",paddach01,4p50,,,,,,,,,,,,,,,,,,,,,,,,
12677,Chris Roycroft,0.0,https://sba-cards-2024.s3.us-east-1.amazonaws.com/2024-cards/chris-roycroft.png,,572,BSG,RP,,,,,,,,,,,-2,,"Roycroft,C",roycrch01,1p20,,,,,,,,,,,,,,,,,,,,,,,,
12678,Chris Sale,3.14,https://sba-cards-2024.s3.us-east-1.amazonaws.com/2024-cards/chris-sale.png,,551,DEN,SP,,,,,,,,,,,-2,,"Sale,C",salech01,1p70,,,,,,,,,,,,,,,,,,,,,,,,
12679,Chris Stratton,0.0,https://sba-cards-2024.s3.us-east-1.amazonaws.com/2024-cards/chris-stratton.png,,547,FA,RP,CP,,,,,,,,,,-2,,"Stratton,C",stratch01,2p50,,,,,,,,,,,,,,,,,,,,,,,,
12680,Chris Taylor,0.0,https://sba-cards-2024.s3.us-east-1.amazonaws.com/2024-cards/chris-taylor.png,,547,FA,LF,3B,2B,CF,,,,,,,,-2,,"Taylor,C",tayloch03,2p40,,,,,,,,,,,,,,,,,,,,,,,,
12681,Christian Bethancourt,0.59,https://sba-cards-2024.s3.us-east-1.amazonaws.com/2024-cards/christian-bethancourt.png,,547,FA,C,,,,,,,,,,,-2,,"Bethancourt,C",bethach01,2p30,,,,,,,,,,,,,,,,,,,,,,,,
12682,Christian Encarnacion Strand,0.0,https://sba-cards-2024.s3.us-east-1.amazonaws.com/2024-cards/christian-encarnacion-strand.png,,547,FA,1B,,,,,,,,,,,-2,,"Encarnacion,C",encarch01,5p20,,,,,,,,,,,,,,,,,,,,,,,,
12683,Christian Scott,0.29,https://sba-cards-2024.s3.us-east-1.amazonaws.com/2024-cards/christian-scott.png,,547,FA,SP,,,,,,,,,,,-2,,"Scott,C",scottch01,6p30,,,,,,,,,,,,,,,,,,,,,,,,
12684,Christian Vazquez,0.0,https://sba-cards-2024.s3.us-east-1.amazonaws.com/2024-cards/christian-vazquez.png,,557,MYT,C,3B,1B,,,,,,,,,-2,,"Vazquez,C",vazquch01,2p50,,,,,,,,,,,,,,,,,,,,,,,,
12685,Christian Walker,1.37,https://sba-cards-2024.s3.us-east-1.amazonaws.com/2024-cards/christian-walker.png,,554,THE,1B,,,,,,,,,,,-2,,"Walker,C",walkech02,3p60,,,,,,,,,,,,,,,,,,,,,,,,
12686,Christian Yelich,2.03,https://sba-cards-2024.s3.us-east-1.amazonaws.com/2024-cards/christian-yelich.png,,566,MKE,LF,,,,,,,,,,,-2,,"Yelich,C",yelicch01,5p40,,,,,,,,,,,,,,,,,,,,,,,,
12687,Christopher Morel,0.0,https://sba-cards-2024.s3.us-east-1.amazonaws.com/2024-cards/christopher-morel.png,,547,FA,3B,2B,LF,,,,,,,,,-2,,"Morel,C",morelch01,1p70,,,,,,,,,,,,,,,,,,,,,,,,
12688,Chuckie Robinson,0.0,https://sba-cards-2024.s3.us-east-1.amazonaws.com/2024-cards/chuckie-robinson.png,,547,FA,C,,,,,,,,,,,-2,,"Robinson,C",robinch04,2p20,,,,,,,,,,,,,,,,,,,,,,,,
12689,Cionel Perez,0.0,https://sba-cards-2024.s3.us-east-1.amazonaws.com/2024-cards/cionel-perez.png,,547,FA,RP,CP,,,,,,,,,,-2,,"Perez,C",perezci01,2p50,,,,,,,,,,,,,,,,,,,,,,,,
12690,CJ Abrams,1.64,https://sba-cards-2024.s3.us-east-1.amazonaws.com/2024-cards/cj-abrams.png,,583,MDWMiL,SS,,,,,,,,,,,-2,,"Abrams,C",abramcj01,1p65,,,,,,,,,,,,,,,,,,,,,,,,
12691,Clarke Schmidt,1.76,https://sba-cards-2024.s3.us-east-1.amazonaws.com/2024-cards/clarke-schmidt.png,,592,CYPMiL,SP,,,,,,,,,,,-2,,"Schmidt,C",schmicl01,5p50,,,,,,,,,,,,,,,,,,,,,,,,
12692,Clay Holmes,0.53,https://sba-cards-2024.s3.us-east-1.amazonaws.com/2024-cards/clay-holmes.png,,566,MKE,RP,CP,,,,,,,,,,-2,,"Holmes,C",holmecl01,1p50,,,,,,,,,,,,,,,,,,,,,,,,
12693,Clayton Kershaw,0.0,https://sba-cards-2024.s3.us-east-1.amazonaws.com/2024-cards/clayton-kershaw.png,,547,FA,SP,,,,,,,,,,,-2,,"Kershaw,C",kershcl01,6p20,,,,,,,,,,,,,,,,,,,,,,,,
12694,Cody Bellinger,1.12,https://sba-cards-2024.s3.us-east-1.amazonaws.com/2024-cards/cody-bellinger.png,,575,WAI,CF,RF,1B,,,,,,,,,-2,,"Bellinger,C",bellico01,1p60,,,,,,,,,,,,,,,,,,,,,,,,
12695,Cody Bradford,1.3,https://sba-cards-2024.s3.us-east-1.amazonaws.com/2024-cards/cody-bradford.png,,587,CHC,SP,,,,,,,,,,w06g3,-2,,"Bradford,C",bradfco01,5p40,,,,,,,,,,,,,,,,,,,,,,,,
12696,Cole Irvin,0.0,https://sba-cards-2024.s3.us-east-1.amazonaws.com/2024-cards/cole-irvin.png,,547,FA,SP,RP,CP,,,,,,,,,-2,,"Irvin,C",irvinco01,1p60,,,,,,,,,,,,,,,,,,,,,,,,
12697,Cole Ragans,2.37,https://sba-cards-2024.s3.us-east-1.amazonaws.com/2024-cards/cole-ragans.png,,566,MKE,SP,,,,,,,,,,,-2,,"Ragans,C",raganco01,0p72,,,,,,,,,,,,,,,,,,,,,,,,
12698,Cole Sands,1.21,https://sba-cards-2024.s3.us-east-1.amazonaws.com/2024-cards/cole-sands.png,,557,MYT,RP,CP,,,,,,,,,,-2,,"Sands,C",sandsco01,1p40,,,,,,,,,,,,,,,,,,,,,,,,
12699,Colin Holderman,0.65,https://sba-cards-2024.s3.us-east-1.amazonaws.com/2024-cards/colin-holderman.png,,547,FA,RP,,,,,,,,,,,-2,,"Holderman,C",holdeco01,3p40,,,,,,,,,,,,,,,,,,,,,,,,
12700,Colin Poche,0.64,https://sba-cards-2024.s3.us-east-1.amazonaws.com/2024-cards/colin-poche.png,,547,FA,RP,CP,,,,,,,,,,-2,,"Poche,C",pocheco01,5p30,,,,,,,,,,,,,,,,,,,,,,,,
12701,Colin Rea,0.32,https://sba-cards-2024.s3.us-east-1.amazonaws.com/2024-cards/colin-rea.png,,547,FA,SP,RP,CP,,,,,,,,,-2,,"Rea,C",reaco01,1p70,,,,,,,,,,,,,,,,,,,,,,,,
12702,Collin Snider,1.04,https://sba-cards-2024.s3.us-east-1.amazonaws.com/2024-cards/collin-snider.png,,547,FA,RP,,,,,,,,,,,-2,,"Snider,C",snideco01,2p40,,,,,,,,,,,,,,,,,,,,,,,,
12703,Colt Keith,0.34,https://sba-cards-2024.s3.us-east-1.amazonaws.com/2024-cards/colt-keith.png,,547,FA,2B,,,,,,,,,,,-2,,"Keith,C",keithco01,1p70,,,,,,,,,,,,,,,,,,,,,,,,
12704,Colten Brewer,0.0,https://sba-cards-2024.s3.us-east-1.amazonaws.com/2024-cards/colten-brewer.png,,547,FA,RP,CP,,,,,,,,,,-2,,"Brewer,C",breweco01,5p20,,,,,,,,,,,,,,,,,,,,,,,,
12705,Colton Cowser,1.6,https://sba-cards-2024.s3.us-east-1.amazonaws.com/2024-cards/colton-cowser.png,,572,BSG,LF,CF,RF,,,,,,,,,-2,,"Cowser,C",cowseco01,1p70,,,,,,,,,,,,,,,,,,,,,,,,
12706,Connor Joe,0.25,https://sba-cards-2024.s3.us-east-1.amazonaws.com/2024-cards/connor-joe.png,,547,FA,1B,RF,LF,,,,,,,,,-2,,"Joe,C",joeco01,1p60,,,,,,,,,,,,,,,,,,,,,,,,
12707,Connor Norby,0.3,https://sba-cards-2024.s3.us-east-1.amazonaws.com/2024-cards/connor-norby.png,,554,THE,3B,2B,,,,,,,,,,-2,,"Norby,C",norbyco01,1p20,,,,,,,,,,,,,,,,,,,,,,,,
12708,Connor Wong,0.95,https://sba-cards-2024.s3.us-east-1.amazonaws.com/2024-cards/connor-wong.png,,572,BSG,C,1B,2B,LF,,,,,,,,-2,,"Wong,C",wongco01,2p60,,,,,,,,,,,,,,,,,,,,,,,,
12709,Cooper Criswell,0.31,https://sba-cards-2024.s3.us-east-1.amazonaws.com/2024-cards/cooper-criswell.png,,547,FA,SP,RP,,,,,,,,,,-2,,"Criswell,C",criswco01,1p60,,,,,,,,,,,,,,,,,,,,,,,,
12710,Corbin Burnes,1.57,https://sba-cards-2024.s3.us-east-1.amazonaws.com/2024-cards/corbin-burnes.png,,566,MKE,SP,,,,,,,,,,,-2,,"Burnes,C",burneco01,0p72,,,,,,,,,,,,,,,,,,,,,,,,
12711,Corbin Carroll,1.44,https://sba-cards-2024.s3.us-east-1.amazonaws.com/2024-cards/corbin-carroll.png,,584,NSH,CF,RF,,,,,,,,,,-2,https://i.postimg.cc/ydRMNNsq/carroll_card2.gif,"Carroll,C",carroco02,1p70,,,,,,,,,,,,,,,,,,,,,,,,
12712,Corey Julks,0.0,https://sba-cards-2024.s3.us-east-1.amazonaws.com/2024-cards/corey-julks.png,,547,FA,RF,LF,CF,,,,,,,,,-2,,"Julks,C",julksco01,1p30,,,,,,,,,,,,,,,,,,,,,,,,
12713,Corey Seager,2.72,https://sba-cards-2024.s3.us-east-1.amazonaws.com/2024-cards/corey-seager.png,,575,WAI,SS,,,,,,,,,,,-2,,"Seager,C",seageco01,3p60,,,,,,,,,,,,,,,,,,,,,,,,
12714,Craig Kimbrel,0.0,https://sba-cards-2024.s3.us-east-1.amazonaws.com/2024-cards/craig-kimbrel.png,,590,CYP,RP,CP,,,,,,,,,,-2,,"Kimbrel,C",kimbrcr01,1p50,,,,,,,,,,,,,,,,,,,,,,,,
12715,Cristian Javier,0.52,https://sba-cards-2024.s3.us-east-1.amazonaws.com/2024-cards/cristian-javier.png,,547,FA,SP,,,,,,,,,,,-2,,"Javier,C",javiecr01,6p20,,,,,,,,,,,,,,,,,,,,,,,,
12716,Cristian Pache,0.0,https://sba-cards-2024.s3.us-east-1.amazonaws.com/2024-cards/cristian-pache.png,,547,FA,CF,LF,RF,,,,,,,,,-2,,"Pache,C",pachecr01,1p40,,,,,,,,,,,,,,,,,,,,,,,,
12717,Cristopher Sanchez,1.68,https://sba-cards-2024.s3.us-east-1.amazonaws.com/2024-cards/cristopher-sanchez.png,,554,THE,SP,,,,,,,,,,,-2,,"Sanchez,C",sanchcr01,1p70,,,,,,,,,,,,,,,,,,,,,,,,
12718,Curt Casali,0.42,https://sba-cards-2024.s3.us-east-1.amazonaws.com/2024-cards/curt-casali.png,,547,FA,C,,,,,,,,,,,-2,,"Casali,C",casalcu01,2p20,,,,,,,,,,,,,,,,,,,,,,,,
12719,Curtis Mead,0.0,https://sba-cards-2024.s3.us-east-1.amazonaws.com/2024-cards/curtis-mead.png,,547,FA,2B,3B,1B,,,,,,,,,-2,,"Mead,C",meadcu01,1p20,,,,,,,,,,,,,,,,,,,,,,,,
12720,Dairon Blanco,0.22,https://sba-cards-2024.s3.us-east-1.amazonaws.com/2024-cards/dairon-blanco.png,,560,DAL,LF,CF,RF,,,,,,,,,-2,,"Blanco,D",blancda02,1p40,,,,,,,,,,,,,,,,,,,,,,,,
12721,Dakota Hudson,0.0,https://sba-cards-2024.s3.us-east-1.amazonaws.com/2024-cards/dakota-hudson.png,,547,FA,SP,,,,,,,,,,,-2,,"Hudson,Dk",hudsoda02,2p50,,,,,,,,,,,,,,,,,,,,,,,,
12722,Dane Dunning,0.0,https://sba-cards-2024.s3.us-east-1.amazonaws.com/2024-cards/dane-dunning.png,,547,FA,SP,RP,,,,,,,,,,-2,,"Dunning,D",dunnida01,2p50,,,,,,,,,,,,,,,,,,,,,,,,
12723,Dane Myers,0.8,https://sba-cards-2024.s3.us-east-1.amazonaws.com/2024-cards/dane-myers.png,,547,FA,RF,LF,CF,,,,,,,,,-2,,"Myers,D",myersda01,6p20,,,,,,,,,,,,,,,,,,,,,,,,
12724,Daniel Coulombe,1.46,https://sba-cards-2024.s3.us-east-1.amazonaws.com/2024-cards/daniel-coulombe.png,,587,CHC,RP,CP,,,,,,,,,,-2,,"Coulombe,D",couloda01,5p30,,,,,,,,,,,,,,,,,,,,,,,,
12725,Daniel Hudson,0.38,https://sba-cards-2024.s3.us-east-1.amazonaws.com/2024-cards/daniel-hudson.png,,578,CAN,RP,CP,,,,,,,,,,-2,,"Hudson,Dn",hudsoda01,1p50,,,,,,,,,,,,,,,,,,,,,,,,
12726,Daniel Lynch,1.5,https://sba-cards-2024.s3.us-east-1.amazonaws.com/2024-cards/daniel-lynch.png,,556,THEMiL,SP,RP,CP,,,,,,,,,-2,,"Lynch,D",lynchda02,1p30,,,,,,,,,,,,,,,,,,,,,,,,
12727,Daniel Schneemann,0.55,https://sba-cards-2024.s3.us-east-1.amazonaws.com/2024-cards/daniel-schneemann.png,,547,FA,SS,CF,3B,RF,2B,LF,,,,,,-2,,"Schneemann,D",schneda04,1p40,,,,,,,,,,,,,,,,,,,,,,,,
12728,Daniel Vogelbach,0.0,https://sba-cards-2024.s3.us-east-1.amazonaws.com/2024-cards/daniel-vogelbach.png,,547,FA,DH,,,,,,,,,,,-2,,"Vogelbach,D",vogelda01,1p20,,,,,,,,,,,,,,,,,,,,,,,,
12729,Danny Jansen,0.63,https://sba-cards-2024.s3.us-east-1.amazonaws.com/2024-cards/danny-jansen.png,,551,DEN,C,,,,,,,,,,,-2,,"Jansen,D",janseda01,3p50,,,,,,,,,,,,,,,,,,,,,,,,
12730,Danny Mendick,0.0,https://sba-cards-2024.s3.us-east-1.amazonaws.com/2024-cards/danny-mendick.png,,547,FA,3B,2B,,,,,,,,,,-2,,"Mendick,D",mendida01,1p30,,,,,,,,,,,,,,,,,,,,,,,,
12731,Danny Young,0.0,https://sba-cards-2024.s3.us-east-1.amazonaws.com/2024-cards/danny-young.png,,578,CAN,RP,,,,,,,,,,,-2,,"Young,D",youngda02,1p30,,,,,,,,,,,,,,,,,,,,,,,,
12732,Dansby Swanson,1.96,https://sba-cards-2024.s3.us-east-1.amazonaws.com/2024-cards/dansby-swanson.png,,578,CAN,SS,,,,,,,,,,,-2,,"Swanson,D",swansda01,1p70,,,,,,,,,,,,,,,,,,,,,,,,
12733,Dany Jimenez,0.0,https://sba-cards-2024.s3.us-east-1.amazonaws.com/2024-cards/dany-jimenez.png,,547,FA,RP,CP,,,,,,,,,,-2,,"Jimenez,D",jimenda01,5p20,,,,,,,,,,,,,,,,,,,,,,,,
12734,Darell Hernaiz,0.0,https://sba-cards-2024.s3.us-east-1.amazonaws.com/2024-cards/darell-hernaiz.png,,547,FA,3B,SS,2B,,,,,,,,,-2,,"Hernaiz,D",hernada04,5p30,,,,,,,,,,,,,,,,,,,,,,,,
12735,Darren McCaughan,0.0,https://sba-cards-2024.s3.us-east-1.amazonaws.com/2024-cards/darren-mccaughan.png,,547,FA,SP,RP,CP,,,,,,,,,-2,,"McCaughan,D",mccauda01,1p30,,,,,,,,,,,,,,,,,,,,,,,,
12736,Daulton Varsho,2.83,https://sba-cards-2024.s3.us-east-1.amazonaws.com/2024-cards/daulton-varsho.png,,560,DAL,CF,LF,RF,,,,,,,,,-2,,"Varsho,D",varshda01,2p60,,,,,,,,,,,,,,,,,,,,,,,,
12737,David Bednar,0.0,https://sba-cards-2024.s3.us-east-1.amazonaws.com/2024-cards/david-bednar.png,,590,CYP,RP,CP,,,,,,,,,,-2,,"Bednar,D",bednada01,1p50,,,,,,,,,,,,,,,,,,,,,,,,
12738,David Dahl,0.84,https://sba-cards-2024.s3.us-east-1.amazonaws.com/2024-cards/david-dahl.png,,547,FA,LF,RF,,,,,,,,,,-2,,"Dahl,D",dahlda01,1p20,,,,,,,,,,,,,,,,,,,,,,,,
12739,David Festa,0.28,https://sba-cards-2024.s3.us-east-1.amazonaws.com/2024-cards/david-festa.png,,547,FA,SP,RP,,,,,,,,,,-2,,"Festa,D",festada01,1p40,,,,,,,,,,,,,,,,,,,,,,,,
12740,David Fry,1.04,https://sba-cards-2024.s3.us-east-1.amazonaws.com/2024-cards/david-fry.png,,584,NSH,1B,C,LF,RF,3B,,,,,,,-2,,"Fry,D",fryda01,2p60,,,,,,,,,,,,,,,,,,,,,,,,
12741,David Hamilton,1.43,https://sba-cards-2024.s3.us-east-1.amazonaws.com/2024-cards/david-hamilton.png,,547,FA,SS,2B,,,,,,,,,,-2,,"Hamilton,D",hamilda03,3p50,,,,,,,,,,,,,,,,,,,,,,,,
12742,David Peralta,0.89,https://sba-cards-2024.s3.us-east-1.amazonaws.com/2024-cards/david-peralta.png,,562,DALMiL,RF,LF,,,,,,,,,,-2,,"Peralta,D",peralda01,1p40,,,,,,,,,,,,,,,,,,,,,,,,
12743,David Peterson,2.16,https://sba-cards-2024.s3.us-east-1.amazonaws.com/2024-cards/david-peterson.png,,547,FA,SP,,,,,,,,,,,-2,,"Peterson,D",peterda01,3p50,,,,,,,,,,,,,,,,,,,,,,,,
12744,David Robertson,1.13,https://sba-cards-2024.s3.us-east-1.amazonaws.com/2024-cards/david-robertson.png,,560,DAL,RP,CP,,,,,,,,,,-2,,"Robertson,D",roberda08,1p60,,,,,,,,,,,,,,,,,,,,,,,,
12745,Davis Daniel,0.0,https://sba-cards-2024.s3.us-east-1.amazonaws.com/2024-cards/davis-daniel.png,,547,FA,SP,,,,,,,,,,,-2,,"Daniel,D",danieda01,1p20,,,,,,,,,,,,,,,,,,,,,,,,
12746,Davis Martin,0.81,https://sba-cards-2024.s3.us-east-1.amazonaws.com/2024-cards/davis-martin.png,,547,FA,SP,RP,,,,,,,,,,-2,,"Martin,D",martida03,1p30,,,,,,,,,,,,,,,,,,,,,,,,
12747,Davis Schneider,0.0,https://sba-cards-2024.s3.us-east-1.amazonaws.com/2024-cards/davis-schneider.png,,586,NSHMiL,LF,2B,,,,,,,,,,-2,,"Schneider,D",schneda03,1p60,,,,,,,,,,,,,,,,,,,,,,,,
12748,Daz Cameron,0.0,https://sba-cards-2024.s3.us-east-1.amazonaws.com/2024-cards/daz-cameron.png,,581,MDW,LF,RF,CF,,,,,,,,,-2,,"Cameron,D",camerda01,1p30,,,,,,,,,,,,,,,,,,,,,,,,
12749,Dean Kremer,0.29,https://sba-cards-2024.s3.us-east-1.amazonaws.com/2024-cards/dean-kremer.png,,575,WAI,SP,,,,,,,,,,,-2,,"Kremer,D",kremede01,2p65,,,,,,,,,,,,,,,,,,,,,,,,
12750,Declan Cronin,0.31,https://sba-cards-2024.s3.us-east-1.amazonaws.com/2024-cards/declan-cronin.png,,547,FA,RP,,,,,,,,,,,-2,,"Cronin,D",cronide01,1p40,,,,,,,,,,,,,,,,,,,,,,,,
12751,Dedniel Nunez,1.65,https://sba-cards-2024.s3.us-east-1.amazonaws.com/2024-cards/dedniel-nunez.png,,548,WV,RP,CP,,,,,,,,,,-2,,"Nunez,D",nunezde01,5p20,,,,,,,,,,,,,,,,,,,,,,,,
12752,Dennis Santana,0.9,https://sba-cards-2024.s3.us-east-1.amazonaws.com/2024-cards/dennis-santana.png,,548,WV,RP,CP,,,,,,,,,,-2,,"Santana,D",santade01,1p40,,,,,,,,,,,,,,,,,,,,,,,,
12753,Derek Hill,0.0,https://sba-cards-2024.s3.us-east-1.amazonaws.com/2024-cards/derek-hill.png,,575,WAI,CF,LF,RF,,,,,,,,,-2,,"Hill,D",hillde01,1p30,,,,,,,,,,,,,,,,,,,,,,,,
12754,Derek Law,1.52,https://sba-cards-2024.s3.us-east-1.amazonaws.com/2024-cards/derek-law.png,,581,MDW,RP,CP,,,,,,,,,,-2,,"Law,D",lawde01,0p72,,,,,,,,,,,,,,,,,,,,,,,,
12755,Devin Williams,3.1,https://sba-cards-2024.s3.us-east-1.amazonaws.com/2024-cards/devin-williams.png,,562,DALMiL,RP,CP,,,,,,,,,w05g4,-2,,"Williams,D",willide03,5p20,,,,,,,,,,,,,,,,,,,,,,,,
12756,Dillon Dingler,0.0,https://sba-cards-2024.s3.us-east-1.amazonaws.com/2024-cards/dillon-dingler.png,,563,GME,C,,,,,,,,,,,-2,,"Dingler,D",dingldi01,2p20,,,,,,,,,,,,,,,,,,,,,,,,
12757,Dillon Tate,0.0,https://sba-cards-2024.s3.us-east-1.amazonaws.com/2024-cards/dillon-tate.png,,547,FA,RP,CP,,,,,,,,,,-2,,"Tate,D",tatedi01,1p30,,,,,,,,,,,,,,,,,,,,,,,,
12758,DJ Herz,0.59,https://sba-cards-2024.s3.us-east-1.amazonaws.com/2024-cards/dj-herz.png,,566,MKE,SP,,,,,,,,,,,-2,,"Herz,D",herzdj01,1p50,,,,,,,,,,,,,,,,,,,,,,,,
12759,DJ LeMahieu,0.0,https://sba-cards-2024.s3.us-east-1.amazonaws.com/2024-cards/dj-lemahieu.png,,568,MKEMiL,3B,1B,,,,,,,,,,-2,,"Lemahieu,D",lemahdj01,5p30,,,,,,,,,,,,,,,,,,,,,,,,
12760,DJ Stewart,0.0,https://sba-cards-2024.s3.us-east-1.amazonaws.com/2024-cards/dj-stewart.png,,547,FA,RF,LF,1B,,,,,,,,,-2,,"Stewart,D",stewadj01,1p40,,,,,,,,,,,,,,,,,,,,,,,,
12761,DL Hall,0.0,https://sba-cards-2024.s3.us-east-1.amazonaws.com/2024-cards/dl-hall.png,,586,NSHMiL,SP,RP,,,,,,,,,,-2,,"Hall,D",halldl01,6p30,,,,,,,,,,,,,,,,,,,,,,,,
12762,Dominic Canzone,0.19,https://sba-cards-2024.s3.us-east-1.amazonaws.com/2024-cards/dominic-canzone.png,,553,DENMiL,RF,LF,,,,,,,,,,-2,,"Canzone,D",canzodo01,4p30,,,,,,,,,,,,,,,,,,,,,,,,
12763,Dominic Fletcher,0.0,https://sba-cards-2024.s3.us-east-1.amazonaws.com/2024-cards/dominic-fletcher.png,,547,FA,RF,CF,LF,,,,,,,,,-2,,"Fletcher,Dominic",fletcdo01,3p40,,,,,,,,,,,,,,,,,,,,,,,,
12764,Dominic Smith,0.0,https://sba-cards-2024.s3.us-east-1.amazonaws.com/2024-cards/dominic-smith.png,,547,FA,1B,,,,,,,,,,,-2,,"Smith,D",smithdo02,1p50,,,,,,,,,,,,,,,,,,,,,,,,
12765,Donovan Solano,0.94,https://sba-cards-2024.s3.us-east-1.amazonaws.com/2024-cards/donovan-solano.png,,549,WVIL,3B,1B,2B,,,,,,,,w06g4,-2,,"Solano,D",solando01,1p50,,,,,,,,,,,,,,,,,,,,,,,,
12766,Drew Millas,1.12,https://sba-cards-2024.s3.us-east-1.amazonaws.com/2024-cards/drew-millas.png,,557,MYT,C,,,,,,,,,,,-2,,"Millas,D",milladr01,2p20,,,,,,,,,,,,,,,,,,,,,,,,
12767,Drew Rasmussen,1.0,https://sba-cards-2024.s3.us-east-1.amazonaws.com/2024-cards/drew-rasmussen.png,,560,DAL,SP,RP,CP,,,,,,,,,-2,,"Rasmussen,D",rasmudr01,5p30,,,,,,,,,,,,,,,,,,,,,,,,
12768,Drew Smyly,0.0,https://sba-cards-2024.s3.us-east-1.amazonaws.com/2024-cards/drew-smyly.png,,547,FA,RP,,,,,,,,,,,-2,,"Smyly,D",smylydr01,3p40,,,,,,,,,,,,,,,,,,,,,,,,
12769,Drew Thorpe,0.0,https://sba-cards-2024.s3.us-east-1.amazonaws.com/2024-cards/drew-thorpe.png,,572,BSG,SP,,,,,,,,,,,-2,,"Thorpe,D",thorpdr01,6p30,,,,,,,,,,,,,,,,,,,,,,,,
12770,Dylan Carlson,0.0,https://sba-cards-2024.s3.us-east-1.amazonaws.com/2024-cards/dylan-carlson.png,,547,FA,LF,RF,CF,,,,,,,,,-2,,"Carlson,D",carlsdy01,3p50,,,,,,,,,,,,,,,,,,,,,,,,
12771,Dylan Cease,2.0,https://sba-cards-2024.s3.us-east-1.amazonaws.com/2024-cards/dylan-cease.png,,572,BSG,SP,,,,,,,,,,,-2,,"Cease,D",ceasedy01,0p72,,,,,,,,,,,,,,,,,,,,,,,,
12772,Dylan Crews,1.32,https://sba-cards-2024.s3.us-east-1.amazonaws.com/2024-cards/dylan-crews.png,,547,FA,RF,CF,,,,,,,,,,-2,,"Crews,D",crewsdy01,1p20,,,,,,,,,,,,,,,,,,,,,,,,
12773,Dylan Floro,0.56,https://sba-cards-2024.s3.us-east-1.amazonaws.com/2024-cards/dylan-floro.png,,569,POR,RP,,,,,,,,,,,-2,,"Floro,D",florody01,1p60,,,,,,,,,,,,,,,,,,,,,,,,
12774,Dylan Lee,0.94,https://sba-cards-2024.s3.us-east-1.amazonaws.com/2024-cards/dylan-lee.png,,547,FA,RP,,,,,,,,,,,-2,,"Lee,D",leedy01,1p40,,,,,,,,,,,,,,,,,,,,,,,,
12775,Dylan Moore,0.87,https://sba-cards-2024.s3.us-east-1.amazonaws.com/2024-cards/dylan-moore.png,,547,FA,SS,2B,3B,LF,1B,,,,,,,-2,,"Moore,D",mooredy01,1p60,,,,,,,,,,,,,,,,,,,,,,,,
12776,Eddie Rosario,0.0,https://sba-cards-2024.s3.us-east-1.amazonaws.com/2024-cards/eddie-rosario.png,,547,FA,LF,RF,CF,,,,,,,,,-2,,"Rosario,E",rosared01,1p40,,,,,,,,,,,,,,,,,,,,,,,,
12777,Edmundo Sosa,1.46,https://sba-cards-2024.s3.us-east-1.amazonaws.com/2024-cards/edmundo-sosa.png,,593,CLS,SS,2B,3B,,,,,,,,,-2,https://i.postimg.cc/Zq0rZdgP/Sosa-FC.png,"Sosa,E",sosaed01,1p40,,,,,,,,,,,,,,,,,,,,,,,,
12778,Edouard Julien,0.0,https://sba-cards-2024.s3.us-east-1.amazonaws.com/2024-cards/edouard-julien.png,,547,FA,2B,1B,,,,,,,,,,-2,,"Julien,E",julieed01,1p50,,,,,,,,,,,,,,,,,,,,,,,,
12779,Eduard Bazardo,0.0,https://sba-cards-2024.s3.us-east-1.amazonaws.com/2024-cards/eduard-bazardo.png,,581,MDW,RP,,,,,,,,,,,-2,,"Bazardo,E",bazared01,5p20,,,,,,,,,,,,,,,,,,,,,,,,
12780,Eduardo Rodriguez,0.18,https://sba-cards-2024.s3.us-east-1.amazonaws.com/2024-cards/eduardo-rodriguez.png,,547,FA,SP,,,,,,,,,,,-2,,"Rodriguez,E",rodried05,6p30,,,,,,,,,,,,,,,,,,,,,,,,
12781,Eduardo Salazar,0.74,https://sba-cards-2024.s3.us-east-1.amazonaws.com/2024-cards/eduardo-salazar.png,,547,FA,RP,,,,,,,,,,,-2,,"Salazar,E",salazed01,1p20,,,,,,,,,,,,,,,,,,,,,,,,
12782,Edward Cabrera,0.54,https://sba-cards-2024.s3.us-east-1.amazonaws.com/2024-cards/edward-cabrera.png,,571,PORMiL,SP,,,,,,,,,,,-2,,"Cabrera,E",cabreed02,3p50,,,,,,,,,,,,,,,,,,,,,,,,
12783,Edward Olivares,0.0,https://sba-cards-2024.s3.us-east-1.amazonaws.com/2024-cards/edward-olivares.png,,547,FA,RF,LF,,,,,,,,,,-2,,"Olivares,E",olivaed02,1p30,,,,,,,,,,,,,,,,,,,,,,,,
12784,Edwin Diaz,0.45,https://sba-cards-2024.s3.us-east-1.amazonaws.com/2024-cards/edwin-diaz.png,,572,BSG,RP,CP,,,,,,,,,,-2,,"Diaz,E",diazed04,2p50,,,,,,,,,,,,,,,,,,,,,,,,
12785,Edwin Uceta,3.28,https://sba-cards-2024.s3.us-east-1.amazonaws.com/2024-cards/edwin-uceta.png,,563,GME,RP,CP,,,,,,,,,,-2,,"Uceta,E",ucetaed01,1p30,,,,,,,,,,,,,,,,,,,,,,,,
12786,Elehuris Montero,0.0,https://sba-cards-2024.s3.us-east-1.amazonaws.com/2024-cards/elehuris-montero.png,,547,FA,1B,,,,,,,,,,,-2,,"Montero,E",monteel01,1p30,,,,,,,,,,,,,,,,,,,,,,,,
12787,Eli Morgan,1.89,https://sba-cards-2024.s3.us-east-1.amazonaws.com/2024-cards/eli-morgan.png,,590,CYP,RP,,,,,,,,,,,-2,,"Morgan,E",morgael01,5p30,,,,,,,,,,,,,,,,,,,,,,,,
12788,Elias Diaz,1.07,https://sba-cards-2024.s3.us-east-1.amazonaws.com/2024-cards/elias-diaz.png,,581,MDW,C,,,,,,,,,,,-2,,"Diaz,Elias",diazel01,3p50,,,,,,,,,,,,,,,,,,,,,,,,
12789,Elly De La Cruz,2.17,https://sba-cards-2024.s3.us-east-1.amazonaws.com/2024-cards/elly-de-la-cruz.png,,560,DAL,SS,,,,,,,,,,,-2,,"De La Cruz,E",delacel01,1p70,,,,,,,,,,,,,,,,,,,,,,,,
12790,Eloy Jimenez,0.0,https://sba-cards-2024.s3.us-east-1.amazonaws.com/2024-cards/eloy-jimenez.png,,547,FA,RF,,,,,,,,,,,-2,,"Jimenez,E",jimenel02,3p50,,,,,,,,,,,,,,,,,,,,,,,,
12791,Elvis Peguero,0.37,https://sba-cards-2024.s3.us-east-1.amazonaws.com/2024-cards/elvis-peguero.png,,547,FA,RP,CP,,,,,,,,,,-2,,"Peguero,E",pegueel01,1p40,,,,,,,,,,,,,,,,,,,,,,,,
12792,Emerson Hancock,0.0,https://sba-cards-2024.s3.us-east-1.amazonaws.com/2024-cards/emerson-hancock.png,,547,FA,SP,,,,,,,,,,,-2,,"Hancock,E",hancoem01,1p30,,,,,,,,,,,,,,,,,,,,,,,,
12793,Emilio Pagan,0.31,https://sba-cards-2024.s3.us-east-1.amazonaws.com/2024-cards/emilio-pagan.png,,547,FA,RP,CP,,,,,,,,,,-2,,"Pagan,E",paganem01,5p30,,,,,,,,,,,,,,,,,,,,,,,,
12794,Emmanuel Clase,2.84,https://sba-cards-2024.s3.us-east-1.amazonaws.com/2024-cards/emmanuel-clase.png,,581,MDW,RP,CP,,,,,,,,,,-2,,"Clase,E",claseem01,0p72,,,,,,,,,,,,,,,,,,,,,,,,
12795,Emmanuel Ramirez,0.0,https://sba-cards-2024.s3.us-east-1.amazonaws.com/2024-cards/emmanuel-ramirez.png,,547,FA,RP,,,,,,,,,,,-2,,"Ramirez,Em",ramirem01,1p20,,,,,,,,,,,,,,,,,,,,,,,,
12796,Emmanuel Rivera,0.0,https://sba-cards-2024.s3.us-east-1.amazonaws.com/2024-cards/emmanuel-rivera.png,,547,FA,3B,1B,,,,,,,,,,-2,,"Rivera,E",riverem01,1p60,,,,,,,,,,,,,,,,,,,,,,,,
12797,Enmanuel Valdez,0.0,https://sba-cards-2024.s3.us-east-1.amazonaws.com/2024-cards/enmanuel-valdez.png,,547,FA,2B,3B,LF,,,,,,,,,-2,,"Valdez,E",valdeen01,1p40,,,,,,,,,,,,,,,,,,,,,,,,
12798,Enoli Paredes,2.33,https://sba-cards-2024.s3.us-east-1.amazonaws.com/2024-cards/enoli-paredes.png,,557,MYT,RP,CP,,,,,,,,,,-2,,"Paredes,E",pareden01,5p20,,,,,,,,,,,,,,,,,,,,,,,,
12799,Enrique Hernandez,0.96,https://sba-cards-2024.s3.us-east-1.amazonaws.com/2024-cards/enrique-hernandez.png,,547,FA,3B,1B,LF,SS,2B,CF,,,,,,-2,,"Hernandez,E",hernaen02,1p60,,,,,,,,,,,,,,,,,,,,,,,,
12800,Enyel De Los Santos,0.05,https://sba-cards-2024.s3.us-east-1.amazonaws.com/2024-cards/enyel-de-los-santos.png,,547,FA,RP,CP,,,,,,,,,,-2,,"De Los Santos,E",delosen01,1p50,,,,,,,,,,,,,,,,,,,,,,,,
12801,Erasmo Ramirez,0.0,https://sba-cards-2024.s3.us-east-1.amazonaws.com/2024-cards/erasmo-ramirez.png,,587,CHC,RP,CP,,,,,,,,,,-2,,"Ramirez,Er",ramirer02,1p20,,,,,,,,,,,,,,,,,,,,,,,,
12802,Eric Haase,1.68,https://sba-cards-2024.s3.us-east-1.amazonaws.com/2024-cards/eric-haase.png,,547,FA,C,,,,,,,,,,,-2,,"Haase,E",haaseer01,2p20,,,,,,,,,,,,,,,,,,,,,,,,
12803,Eric Wagaman,0.94,https://sba-cards-2024.s3.us-east-1.amazonaws.com/2024-cards/eric-wagaman.png,,547,FA,3B,LF,,,,,,,,,,-2,,"Wagaman,E",wagamer01,1p20,,,,,,,,,,,,,,,,,,,,,,,,
12804,Erick Fedde,2.84,https://sba-cards-2024.s3.us-east-1.amazonaws.com/2024-cards/erick-fedde.png,,593,CLS,SP,,,,,,,,,,,-2,https://i.postimg.cc/HkkM4Mps/Fedde-FC.png,"Fedde,E",feddeer01,1p70,,,,,,,,,,,,,,,,,,,,,,,,
12805,Erik Miller,0.29,https://sba-cards-2024.s3.us-east-1.amazonaws.com/2024-cards/erik-miller.png,,572,BSG,SP,RP,,,,,,,,,,-2,,"Miller,E",milleer01,0p72,,,,,,,,,,,,,,,,,,,,,,,,
12806,Erik Swanson,0.0,https://sba-cards-2024.s3.us-east-1.amazonaws.com/2024-cards/erik-swanson.png,,547,FA,RP,,,,,,,,,,,-2,,"Swanson,E",swanser01,2p40,,,,,,,,,,,,,,,,,,,,,,,,
12807,Ernie Clement,1.31,https://sba-cards-2024.s3.us-east-1.amazonaws.com/2024-cards/ernie-clement.png,,563,GME,3B,SS,2B,LF,,,,,,,,-2,,"Clement,E",clemeer01,1p65,,,,,,,,,,,,,,,,,,,,,,,,
12808,Esteury Ruiz,0.0,https://sba-cards-2024.s3.us-east-1.amazonaws.com/2024-cards/esteury-ruiz.png,,551,DEN,LF,CF,,,,,,,,,,-2,,"Ruiz,E",ruizes01,6p20,,,,,,,,,,,,,,,,,,,,,,,,
12809,Estevan Florial,0.16,https://sba-cards-2024.s3.us-east-1.amazonaws.com/2024-cards/estevan-florial.png,,547,FA,LF,RF,CF,,,,,,,,,-2,,"Florial,E",flories01,1p20,,,,,,,,,,,,,,,,,,,,,,,,
12810,Ethan Roberts,0.32,https://sba-cards-2024.s3.us-east-1.amazonaws.com/2024-cards/ethan-roberts.png,,547,FA,RP,,,,,,,,,,,-2,,"Roberts,E",roberet01,1p20,,,,,,,,,,,,,,,,,,,,,,,,
12811,Eugenio Suarez,1.4,https://sba-cards-2024.s3.us-east-1.amazonaws.com/2024-cards/eugenio-suarez.png,,587,CHC,3B,,,,,,,,,,,-2,,"Suarez,E",suareeu01,1p70,,,,,,,,,,,,,,,,,,,,,,,,
12812,Evan Carter,1.07,https://sba-cards-2024.s3.us-east-1.amazonaws.com/2024-cards/evan-carter.png,,582,MDWIL,LF,RF,CF,,,,,,,,w07g1,-2,,"Carter,E",carteev01,5p20,,,,,,,,,,,,,,,,,,,,,,,,
12813,Evan Phillips,0.0,https://sba-cards-2024.s3.us-east-1.amazonaws.com/2024-cards/evan-phillips.png,,569,POR,RP,CP,,,,,,,,,,-2,,"Phillips,E",phillev01,1p50,,,,,,,,,,,,,,,,,,,,,,,,
12814,Ezequiel Duran,0.0,https://sba-cards-2024.s3.us-east-1.amazonaws.com/2024-cards/ezequiel-duran.png,,578,CAN,3B,LF,1B,SS,2B,RF,,,,,,-2,,"Duran,E",duranez01,1p50,,,,,,,,,,,,,,,,,,,,,,,,
12815,Ezequiel Tovar,1.59,https://sba-cards-2024.s3.us-east-1.amazonaws.com/2024-cards/ezequiel-tovar.png,,551,DEN,SS,,,,,,,,,,,-2,,"Tovar,E",tovarez01,1p70,,,,,,,,,,,,,,,,,,,,,,,,
12816,Fernando Cruz,0.22,https://sba-cards-2024.s3.us-east-1.amazonaws.com/2024-cards/fernando-cruz.png,,560,DAL,SP,RP,,,,,,,,,,-2,,"Cruz,F",cruzfe01,1p60,,,,,,,,,,,,,,,,,,,,,,,,
12817,Fernando Tatis Jr,1.72,https://sba-cards-2024.s3.us-east-1.amazonaws.com/2024-cards/fernando-tatis-jr.png,,578,CAN,RF,,,,,,,,,,,-2,,"Tatis Jr,F",tatisfe02,4p50,,,,,,,,,,,,,,,,,,,,,,,,
12818,Framber Valdez,2.3,https://sba-cards-2024.s3.us-east-1.amazonaws.com/2024-cards/framber-valdez.png,,569,POR,SP,,,,,,,,,,,-2,,"Valdez,F",valdefr01,1p70,,,,,,,,,,,,,,,,,,,,,,,,
12819,Francisco Alvarez,0.68,https://sba-cards-2024.s3.us-east-1.amazonaws.com/2024-cards/francisco-alvarez.png,,590,CYP,C,,,,,,,,,,,-2,,"Alvarez,F",alvarfr01,5p50,,,,,,,,,,,,,,,,,,,,,,,,
12820,Francisco Lindor,2.9,https://sba-cards-2024.s3.us-east-1.amazonaws.com/2024-cards/francisco-lindor.png,,566,MKE,SS,,,,,,,,,,,-2,,"Lindor,F",lindofr01,1p70,,,,,,,,,,,,,,,,,,,,,,,,
12821,Frankie Montas,0.18,https://sba-cards-2024.s3.us-east-1.amazonaws.com/2024-cards/frankie-montas.png,,547,FA,SP,,,,,,,,,,,-2,,"Montas,F",montafr02,1p70,,,,,,,,,,,,,,,,,,,,,,,,
12822,Fraser Ellard,0.4,https://sba-cards-2024.s3.us-east-1.amazonaws.com/2024-cards/fraser-ellard.png,,572,BSG,RP,CP,,,,,,,,,,-2,,"Ellard,F",ellarfr01,1p20,,,,,,,,,,,,,,,,,,,,,,,,
12823,Freddie Freeman,2.14,https://sba-cards-2024.s3.us-east-1.amazonaws.com/2024-cards/freddie-freeman.png,,569,POR,1B,,,,,,,,,,,-2,,"Freeman,F",freemfr01,1p65,,,,,,,,,,,,,,,,,,,,,,,,
12824,Freddy Fermin,2.36,https://sba-cards-2024.s3.us-east-1.amazonaws.com/2024-cards/freddy-fermin.png,,557,MYT,C,,,,,,,,,,,-2,,"Fermin,F",fermifr01,2p50,,,,,,,,,,,,,,,,,,,,,,,,
12825,Freddy Peralta,1.12,https://sba-cards-2024.s3.us-east-1.amazonaws.com/2024-cards/freddy-peralta.png,,578,CAN,SP,,,,,,,,,,,-2,,"Peralta,F",peralfr01,0p72,,,,,,,,,,,,,,,,,,,,,,,,
12826,Gabe Speier,0.0,https://sba-cards-2024.s3.us-east-1.amazonaws.com/2024-cards/gabe-speier.png,,547,FA,RP,,,,,,,,,,,-2,,"Speier,G",speiega01,5p20,,,,,,,,,,,,,,,,,,,,,,,,
12827,Gabriel Arias,0.0,https://sba-cards-2024.s3.us-east-1.amazonaws.com/2024-cards/gabriel-arias.png,,589,CHCMiL,3B,SS,2B,1B,LF,CF,RF,,,,,-2,,"Arias,G",ariasga01,1p30,,,,,,,,,,,,,,,,,,,,,,,,
12828,Gabriel Moreno,2.15,https://sba-cards-2024.s3.us-east-1.amazonaws.com/2024-cards/gabriel-moreno.png,,587,CHC,C,,,,,,,,,,,-2,,"Moreno,G",morenga01,5p50,,,,,,,,,,,,,,,,,,,,,,,,
12829,Garrett Cleavinger,0.64,https://sba-cards-2024.s3.us-east-1.amazonaws.com/2024-cards/garrett-cleavinger.png,,582,MDWIL,RP,CP,,,,,,,,,w08g1,-2,,"Cleavinger,G",cleavga01,1p50,,,,,,,,,,,,,,,,,,,,,,,,
12830,Garrett Cooper,0.0,https://sba-cards-2024.s3.us-east-1.amazonaws.com/2024-cards/garrett-cooper.png,,547,FA,1B,LF,,,,,,,,,,-2,,"Cooper,G",coopega03,1p20,,,,,,,,,,,,,,,,,,,,,,,,
12831,Garrett Crochet,2.02,https://sba-cards-2024.s3.us-east-1.amazonaws.com/2024-cards/garrett-crochet.png,,557,MYT,SP,,,,,,,,,,,-2,,"Crochet,G",crochga01,0p72,,,,,,,,,,,,,,,,,,,,,,,,
12832,Garrett Hampson,0.5,https://sba-cards-2024.s3.us-east-1.amazonaws.com/2024-cards/garrett-hampson.png,,547,FA,CF,2B,LF,RF,1B,3B,SS,,,,,-2,,"Hampson,G",hampsga01,1p50,,,,,,,,,,,,,,,,,,,,,,,,
12833,Garrett Mitchell,2.59,https://sba-cards-2024.s3.us-east-1.amazonaws.com/2024-cards/garrett-mitchell.png,,577,WAIMiL,CF,RF,,,,,,,,,,-2,,"Mitchell,G",mitchga01,5p40,,,,,,,,,,,,,,,,,,,,,,,,
12834,Garrett Stubbs,0.37,https://sba-cards-2024.s3.us-east-1.amazonaws.com/2024-cards/garrett-stubbs.png,,547,FA,C,,,,,,,,,,,-2,,"Stubbs,G",stubbga01,2p30,,,,,,,,,,,,,,,,,,,,,,,,
12835,Gary Sanchez,0.21,https://sba-cards-2024.s3.us-east-1.amazonaws.com/2024-cards/gary-sanchez.png,,560,DAL,C,1B,,,,,,,,,,-2,,"Sanchez,G",sanchga02,3p40,,,,,,,,,,,,,,,,,,,,,,,,
12836,Gavin Lux,0.75,https://sba-cards-2024.s3.us-east-1.amazonaws.com/2024-cards/gavin-lux.png,,592,CYPMiL,2B,SS,,,,,,,,,,-2,,"Lux,G",luxga01,1p65,,,,,,,,,,,,,,,,,,,,,,,,
12837,Gavin Sheets,0.0,https://sba-cards-2024.s3.us-east-1.amazonaws.com/2024-cards/gavin-sheets.png,,547,FA,RF,1B,,,,,,,,,,-2,,"Sheets,G",sheetga01,1p65,,,,,,,,,,,,,,,,,,,,,,,,
12838,Gavin Stone,0.96,https://sba-cards-2024.s3.us-east-1.amazonaws.com/2024-cards/gavin-stone.png,,584,NSH,SP,,,,,,,,,,,-2,,"Stone,G",stonega01,1p70,,,,,,,,,,,,,,,,,,,,,,,,
12839,Gavin Williams,0.0,https://sba-cards-2024.s3.us-east-1.amazonaws.com/2024-cards/gavin-williams.png,,547,FA,SP,,,,,,,,,,,-2,,"Williams,G",williga01,4p40,,,,,,,,,,,,,,,,,,,,,,,,
12840,Genesis Cabrera,0.0,https://sba-cards-2024.s3.us-east-1.amazonaws.com/2024-cards/genesis-cabrera.png,,547,FA,RP,CP,,,,,,,,,,-2,,"Cabrera,G",cabrege01,1p50,,,,,,,,,,,,,,,,,,,,,,,,
12841,George Kirby,0.9,https://sba-cards-2024.s3.us-east-1.amazonaws.com/2024-cards/george-kirby.png,,560,DAL,SP,,,,,,,,,,,-2,,"Kirby,G",kirbyge01,0p72,,,,,,,,,,,,,,,,,,,,,,,,
12842,George Soriano,0.0,https://sba-cards-2024.s3.us-east-1.amazonaws.com/2024-cards/george-soriano.png,,547,FA,RP,CP,,,,,,,,,,-2,,"Soriano,G",soriage01,1p20,,,,,,,,,,,,,,,,,,,,,,,,
12843,George Springer,0.31,https://sba-cards-2024.s3.us-east-1.amazonaws.com/2024-cards/george-springer.png,,560,DAL,RF,CF,,,,,,,,,,-2,,"Springer,G",springe01,1p65,,,,,,,,,,,,,,,,,,,,,,,,
12844,Geraldo Perdomo,2.62,https://sba-cards-2024.s3.us-east-1.amazonaws.com/2024-cards/geraldo-perdomo.png,,569,POR,SS,,,,,,,,,,,-2,,"Perdomo,G",perdoge01,4p50,,,,,,,,,,,,,,,,,,,,,,,,
12845,Gerrit Cole,1.89,https://sba-cards-2024.s3.us-east-1.amazonaws.com/2024-cards/gerrit-cole.png,,578,CAN,SP,,,,,,,,,,,-2,,"Cole,G",colege01,4p40,,,,,,,,,,,,,,,,,,,,,,,,
12846,Giancarlo Stanton,0.44,https://sba-cards-2024.s3.us-east-1.amazonaws.com/2024-cards/giancarlo-stanton.png,,577,WAIMiL,DH,,,,,,,,,,,-2,,"Stanton,G",stantmi03,3p60,,,,,,,,,,,,,,,,,,,,,,,,
12847,Gio Urshela,0.26,https://sba-cards-2024.s3.us-east-1.amazonaws.com/2024-cards/gio-urshela.png,,547,FA,3B,1B,SS,,,,,,,,,-2,,"Urshela,G",urshegi01,2p60,,,,,,,,,,,,,,,,,,,,,,,,
12848,Giovanny Gallegos,0.0,https://sba-cards-2024.s3.us-east-1.amazonaws.com/2024-cards/giovanny-gallegos.png,,547,FA,RP,CP,,,,,,,,,,-2,,"Gallegos,G",gallegi01,5p20,,,,,,,,,,,,,,,,,,,,,,,,
12849,Gleyber Torres,0.47,https://sba-cards-2024.s3.us-east-1.amazonaws.com/2024-cards/gleyber-torres.png,,563,GME,2B,,,,,,,,,,,-2,,"Torres,G",torregl01,1p70,,,,,,,,,,,,,,,,,,,,,,,,
12850,Graham Ashcraft,0.17,https://sba-cards-2024.s3.us-east-1.amazonaws.com/2024-cards/graham-ashcraft.png,,547,FA,SP,,,,,,,,,,,-2,,"Ashcraft,G",ashcrgr01,4p40,,,,,,,,,,,,,,,,,,,,,,,,
12851,Grant Anderson,0.0,https://sba-cards-2024.s3.us-east-1.amazonaws.com/2024-cards/grant-anderson.png,,547,FA,RP,CP,,,,,,,,,,-2,,"Anderson,G",andergr01,2p20,,,,,,,,,,,,,,,,,,,,,,,,
12852,Grant Holmes,1.16,https://sba-cards-2024.s3.us-east-1.amazonaws.com/2024-cards/grant-holmes.png,,583,MDWMiL,SP,RP,,,,,,,,,,-2,,"Holmes,G",holmegr01,1p40,,,,,,,,,,,,,,,,,,,,,,,,
12853,Grant McCray,0.0,https://sba-cards-2024.s3.us-east-1.amazonaws.com/2024-cards/grant-mccray.png,,547,FA,CF,,,,,,,,,,,-2,,"McCray,G",mccragr01,1p20,,,,,,,,,,,,,,,,,,,,,,,,
12854,Grayson Rodriguez,1.08,https://sba-cards-2024.s3.us-east-1.amazonaws.com/2024-cards/grayson-rodriguez.png,,547,FA,SP,,,,,,,,,,,-2,,"Rodriguez,G",rodrigr01,3p50,,,,,,,,,,,,,,,,,,,,,,,,
12855,Greg Weissert,0.27,https://sba-cards-2024.s3.us-east-1.amazonaws.com/2024-cards/greg-weissert.png,,547,FA,RP,CP,,,,,,,,,,-2,,"Weissert,G",weissgr01,1p50,,,,,,,,,,,,,,,,,,,,,,,,
12856,Gregory Soto,0.11,https://sba-cards-2024.s3.us-east-1.amazonaws.com/2024-cards/gregory-soto.png,,547,FA,RP,CP,,,,,,,,,,-2,,"Soto,G",sotogr01,1p50,,,,,,,,,,,,,,,,,,,,,,,,
12857,Griffin Canning,0.08,https://sba-cards-2024.s3.us-east-1.amazonaws.com/2024-cards/griffin-canning.png,,548,WV,SP,,,,,,,,,,,-2,,"Canning,G",cannigr01,1p70,,,,,,,,,,,,,,,,,,,,,,,,
12858,Griffin Conine,1.37,https://sba-cards-2024.s3.us-east-1.amazonaws.com/2024-cards/griffin-conine.png,,547,FA,RF,LF,,,,,,,,,,-2,,"Conine,G",coningr01,1p20,,,,,,,,,,,,,,,,,,,,,,,,
12859,Griffin Jax,1.89,https://sba-cards-2024.s3.us-east-1.amazonaws.com/2024-cards/griffin-jax.png,,572,BSG,RP,CP,,,,,,,,,,-2,,"Jax,G",jaxgr01,0p72,,,,,,,,,,,,,,,,,,,,,,,,
12860,Gunnar Henderson,3.67,https://sba-cards-2024.s3.us-east-1.amazonaws.com/2024-cards/gunnar-henderson.png,,554,THE,SS,,,,,,,,,,,-2,,"Henderson,G",hendegu01,1p70,,,,,,,,,,,,,,,,,,,,,,,,
12861,Gus Varland,0.44,https://sba-cards-2024.s3.us-east-1.amazonaws.com/2024-cards/gus-varland.png,,547,FA,RP,,,,,,,,,,,-2,,"Varland,G",varlagu01,1p30,,,,,,,,,,,,,,,,,,,,,,,,
12862,Ha Seong Kim,1.6,https://sba-cards-2024.s3.us-east-1.amazonaws.com/2024-cards/ha-seong-kim.png,,592,CYPMiL,SS,,,,,,,,,,,-2,,"Kim,H",kimha01,3p60,,,,,,,,,,,,,,,,,,,,,,,,
12863,Hans Crouse,0.95,https://sba-cards-2024.s3.us-east-1.amazonaws.com/2024-cards/hans-crouse.png,,570,PORIL,RP,,,,,,,,,,w07g2,-2,,"Crouse,H",crousha01,1p20,,,,,,,,,,,,,,,,,,,,,,,,
12864,Harold Ramirez,0.0,https://sba-cards-2024.s3.us-east-1.amazonaws.com/2024-cards/harold-ramirez.png,,547,FA,LF,RF,,,,,,,,,,-2,,"Ramirez,H",ramirha02,1p40,,,,,,,,,,,,,,,,,,,,,,,,
12865,Harrison Bader,0.6,https://sba-cards-2024.s3.us-east-1.amazonaws.com/2024-cards/harrison-bader.png,,563,GME,CF,,,,,,,,,,,-2,,"Bader,H",baderha01,1p65,,,,,,,,,,,,,,,,,,,,,,,,
12866,Hayden Birdsong,0.21,https://sba-cards-2024.s3.us-east-1.amazonaws.com/2024-cards/hayden-birdsong.png,,547,FA,SP,,,,,,,,,,,-2,,"Birdsong,H",birdsha01,1p40,,,,,,,,,,,,,,,,,,,,,,,,
12867,Hayden Wesneski,0.0,https://sba-cards-2024.s3.us-east-1.amazonaws.com/2024-cards/hayden-wesneski.png,,554,THE,SP,RP,,,,,,,,,,-2,,"Wesneski,H",wesneha01,5p40,,,,,,,,,,,,,,,,,,,,,,,,
12868,Hector Neris,0.0,https://sba-cards-2024.s3.us-east-1.amazonaws.com/2024-cards/hector-neris.png,,547,FA,RP,CP,,,,,,,,,,-2,,"Neris,H",nerishe01,1p50,,,,,,,,,,,,,,,,,,,,,,,,
12869,Heliot Ramos,1.29,https://sba-cards-2024.s3.us-east-1.amazonaws.com/2024-cards/heliot-ramos.png,,584,NSH,CF,LF,RF,,,,,,,,,-2,,"Ramos,H",ramoshe02,1p60,,,,,,,,,,,,,,,,,,,,,,,,
12870,Henry Davis,0.0,https://sba-cards-2024.s3.us-east-1.amazonaws.com/2024-cards/henry-davis.png,,547,FA,C,,,,,,,,,,,-2,,"Davis,H",davishe01,4p20,,,,,,,,,,,,,,,,,,,,,,,,
12871,Heston Kjerstad,1.02,https://sba-cards-2024.s3.us-east-1.amazonaws.com/2024-cards/heston-kjerstad.png,,547,FA,LF,RF,,,,,,,,,,-2,,"Kjerstad,H",kjershe01,1p20,,,,,,,,,,,,,,,,,,,,,,,,
12872,Hoby Milner,0.0,https://sba-cards-2024.s3.us-east-1.amazonaws.com/2024-cards/hoby-milner.png,,547,FA,RP,CP,,,,,,,,,,-2,,"Milner,H",milneho01,1p50,,,,,,,,,,,,,,,,,,,,,,,,
12873,Hogan Harris,1.97,https://sba-cards-2024.s3.us-east-1.amazonaws.com/2024-cards/hogan-harris.png,,547,FA,SP,RP,,,,,,,,,,-2,,"Harris,H",harriho03,1p40,,,,,,,,,,,,,,,,,,,,,,,,
12874,Huascar Brazoban,0.42,https://sba-cards-2024.s3.us-east-1.amazonaws.com/2024-cards/huascar-brazoban.png,,555,THEIL,RP,,,,,,,,,,w08g3,-2,,"Brazoban,H",brazohu01,1p30,,,,,,,,,,,,,,,,,,,,,,,,
12875,Hunter Brown,1.38,https://sba-cards-2024.s3.us-east-1.amazonaws.com/2024-cards/hunter-brown.png,,563,GME,SP,,,,,,,,,,,-2,,"Brown,H",brownhu01,1p70,,,,,,,,,,,,,,,,,,,,,,,,
12876,Hunter Gaddis,1.67,https://sba-cards-2024.s3.us-east-1.amazonaws.com/2024-cards/hunter-gaddis.png,,554,THE,RP,,,,,,,,,,,-2,,"Gaddis,H",gaddihu01,0p72,,,,,,,,,,,,,,,,,,,,,,,,
12877,Hunter Goodman,0.0,https://sba-cards-2024.s3.us-east-1.amazonaws.com/2024-cards/hunter-goodman.png,,572,BSG,C,RF,LF,1B,,,,,,,,-2,,"Goodman,H",goodmhu01,2p40,,,,,,,,,,,,,,,,,,,,,,,,
12878,Hunter Greene,3.77,https://sba-cards-2024.s3.us-east-1.amazonaws.com/2024-cards/hunter-greene.png,,551,DEN,SP,,,,,,,,,,,-2,https://i.postimg.cc/68CyR1tj/gg-p.png,"Greene,H",greenhu01,1p65,,,,,,,,,,,,,,,,,,,,,,,,
12879,Hunter Harvey,0.0,https://sba-cards-2024.s3.us-east-1.amazonaws.com/2024-cards/hunter-harvey.png,,547,FA,RP,CP,,,,,,,,,,-2,,"Harvey,H",harvehu01,4p40,,,,,,,,,,,,,,,,,,,,,,,,
12880,Hunter Renfroe,0.0,https://sba-cards-2024.s3.us-east-1.amazonaws.com/2024-cards/hunter-renfroe.png,,547,FA,RF,1B,,,,,,,,,,-2,,"Renfroe,H",renfrhu01,2p60,,,,,,,,,,,,,,,,,,,,,,,,
12881,Hunter Stratton,0.76,https://sba-cards-2024.s3.us-east-1.amazonaws.com/2024-cards/hunter-stratton.png,,547,FA,RP,CP,,,,,,,,,,-2,,"Stratton,H",strathu01,5p30,,,,,,,,,,,,,,,,,,,,,,,,
12882,Hunter Strickland,0.65,https://sba-cards-2024.s3.us-east-1.amazonaws.com/2024-cards/hunter-strickland.png,,575,WAI,RP,CP,,,,,,,,,,-2,,"Strickland,H",strichu01,0p72,,,,,,,,,,,,,,,,,,,,,,,,
12883,Ian Hamilton,0.38,https://sba-cards-2024.s3.us-east-1.amazonaws.com/2024-cards/ian-hamilton.png,,547,FA,RP,CP,,,,,,,,,,-2,,"Hamilton,I",hamilia01,5p30,,,,,,,,,,,,,,,,,,,,,,,,
12884,Ian Happ,1.72,https://sba-cards-2024.s3.us-east-1.amazonaws.com/2024-cards/ian-happ.png,,590,CYP,LF,,,,,,,,,,,-2,,"Happ,I",happia01,1p70,,,,,,,,,,,,,,,,,,,,,,,,
12885,Ildemaro Vargas,0.0,https://sba-cards-2024.s3.us-east-1.amazonaws.com/2024-cards/ildemaro-vargas.png,,548,WV,3B,2B,LF,SS,1B,,,,,,,-2,,"Vargas,I",vargail01,1p50,,,,,,,,,,,,,,,,,,,,,,,,
12886,Isaac Paredes,1.22,https://sba-cards-2024.s3.us-east-1.amazonaws.com/2024-cards/isaac-paredes.png,,593,CLS,3B,1B,,,,,,,,,,-2,https://i.postimg.cc/fR8x6K8G/Paredes-FC.png,"Paredes,I",paredis01,1p70,,,,,,,,,,,,,,,,,,,,,,,,
12887,Isiah Kiner Falefa,1.26,https://sba-cards-2024.s3.us-east-1.amazonaws.com/2024-cards/isiah-kiner-falefa.png,,571,PORMiL,2B,3B,SS,CF,,,,,,,,-2,,"Kiner-Falefa,I",kineris01,3p60,,,,,,,,,,,,,,,,,,,,,,,,
12888,Ivan Herrera,1.9,https://sba-cards-2024.s3.us-east-1.amazonaws.com/2024-cards/ivan-herrera.png,,569,POR,C,,,,,,,,,,,-2,,"Herrera,I",herreiv01,3p40,,,,,,,,,,,,,,,,,,,,,,,,
12889,Jace Jung,0.0,https://sba-cards-2024.s3.us-east-1.amazonaws.com/2024-cards/jace-jung.png,,551,DEN,3B,2B,,,,,,,,,,-2,,"Jung,Ja",jungja01,1p20,,,,,,,,,,,,,,,,,,,,,,,,
12890,Jack Flaherty,1.72,https://sba-cards-2024.s3.us-east-1.amazonaws.com/2024-cards/jack-flaherty.png,,569,POR,SP,,,,,,,,,,,-2,,"Flaherty,J",flaheja01,1p70,,,,,,,,,,,,,,,,,,,,,,,,
12891,Jack Kochanowicz,0.96,https://sba-cards-2024.s3.us-east-1.amazonaws.com/2024-cards/jack-kochanowicz.png,,547,FA,SP,,,,,,,,,,,-2,,"Kochanowicz,J",kochaja01,1p30,,,,,,,,,,,,,,,,,,,,,,,,
12892,Jack Leiter,0.0,https://sba-cards-2024.s3.us-east-1.amazonaws.com/2024-cards/jack-leiter.png,,547,FA,SP,RP,,,,,,,,,,-2,,"Leiter,J",leiteja01,1p20,,,,,,,,,,,,,,,,,,,,,,,,
12893,Jack Lopez,0.0,https://sba-cards-2024.s3.us-east-1.amazonaws.com/2024-cards/jack-lopez.png,,575,WAI,2B,SS,RF,,,,,,,,,-2,,"Lopez,Ja",lopezja03,1p20,,,,,,,,,,,,,,,,,,,,,,,,
12894,Jack Suwinski,0.0,https://sba-cards-2024.s3.us-east-1.amazonaws.com/2024-cards/jack-suwinski.png,,547,FA,CF,LF,RF,,,,,,,,,-2,,"Suwinski,J",suwinja01,1p40,,,,,,,,,,,,,,,,,,,,,,,,
12895,Jackson Chourio,1.92,https://sba-cards-2024.s3.us-east-1.amazonaws.com/2024-cards/jackson-chourio.png,,566,MKE,LF,RF,,,,,,,,,,-2,https://media.discordapp.net/attachments/687509947575304309/1451361560139403375/gg-rf.png?ex=6945e548,"Chourio,J",chourja01,1p70,,,,,,,,,,,,,,,,,,,,,,,,
12896,Jackson Holliday,0.14,https://sba-cards-2024.s3.us-east-1.amazonaws.com/2024-cards/jackson-holliday.png,,547,FA,2B,SS,,,,,,,,,,-2,,"Holliday,J",hollija01,1p30,,,,,,,,,,,,,,,,,,,,,,,,
12897,Jackson Merrill,2.15,https://sba-cards-2024.s3.us-east-1.amazonaws.com/2024-cards/jackson-merrill.png,,593,CLS,CF,,,,,,,,,,w06g1,-2,https://i.postimg.cc/0jvM6Mtc/Merrill-FC.png,"Merrill,J",merrija01,1p70,,,,,,,,,,,,,,,,,,,,,,,,
12898,Jacob Amaya,0.0,https://sba-cards-2024.s3.us-east-1.amazonaws.com/2024-cards/jacob-amaya.png,,547,FA,SS,2B,,,,,,,,,,-2,,"Amaya,J",amayaja01,1p20,,,,,,,,,,,,,,,,,,,,,,,,
12899,Jacob Barnes,0.04,https://sba-cards-2024.s3.us-east-1.amazonaws.com/2024-cards/jacob-barnes.png,,547,FA,RP,,,,,,,,,,,-2,,"Barnes,J",barneja01,1p60,,,,,,,,,,,,,,,,,,,,,,,,
12900,Jacob Hurtubise,0.0,https://sba-cards-2024.s3.us-east-1.amazonaws.com/2024-cards/jacob-hurtubise.png,,547,FA,LF,RF,,,,,,,,,,-2,,"Hurtubise,J",hurtuja01,1p20,,,,,,,,,,,,,,,,,,,,,,,,
12901,Jacob Latz,0.2,https://sba-cards-2024.s3.us-east-1.amazonaws.com/2024-cards/jacob-latz.png,,547,FA,RP,,,,,,,,,,,-2,,"Latz,J",latzja01,4p40,,,,,,,,,,,,,,,,,,,,,,,,
12902,Jacob Stallings,1.12,https://sba-cards-2024.s3.us-east-1.amazonaws.com/2024-cards/jacob-stallings.png,,566,MKE,C,,,,,,,,,,,-2,,"Stallings,J",stallja01,2p40,,,,,,,,,,,,,,,,,,,,,,,,
12903,Jacob Webb,0.76,https://sba-cards-2024.s3.us-east-1.amazonaws.com/2024-cards/jacob-webb.png,,577,WAIMiL,RP,CP,,,,,,,,,,-2,,"Webb,J",webbja01,2p50,,,,,,,,,,,,,,,,,,,,,,,,
12904,Jacob Wilson,0.0,https://sba-cards-2024.s3.us-east-1.amazonaws.com/2024-cards/jacob-wilson.png,,582,MDWIL,SS,,,,,,,,,,w06g4,-2,,"Wilson,Ja",wilsoja05,3p20,,,,,,,,,,,,,,,,,,,,,,,,
12905,Jacob Young,1.56,https://sba-cards-2024.s3.us-east-1.amazonaws.com/2024-cards/jacob-young.png,,547,FA,CF,,,,,,,,,,,-2,,"Young,J",youngja03,1p70,,,,,,,,,,,,,,,,,,,,,,,,
12906,Jake Bauers,0.0,https://sba-cards-2024.s3.us-east-1.amazonaws.com/2024-cards/jake-bauers.png,,569,POR,1B,LF,RF,,,,,,,,,-2,,"Bauers,J",bauerja01,1p60,,,,,,,,,,,,,,,,,,,,,,,,
12907,Jake Bird,0.32,https://sba-cards-2024.s3.us-east-1.amazonaws.com/2024-cards/jake-bird.png,,547,FA,RP,CP,,,,,,,,,,-2,,"Bird,J",birdja01,5p30,,,,,,,,,,,,,,,,,,,,,,,,
12908,Jake Burger,0.25,https://sba-cards-2024.s3.us-east-1.amazonaws.com/2024-cards/jake-burger.png,,566,MKE,1B,3B,,,,,,,,,,-2,,"Burger,J",burgeja01,1p65,,,,,,,,,,,,,,,,,,,,,,,,
12909,Jake Cave,0.0,https://sba-cards-2024.s3.us-east-1.amazonaws.com/2024-cards/jake-cave.png,,560,DAL,RF,LF,CF,,,,,,,,,-2,,"Cave,J",caveja01,1p60,,,,,,,,,,,,,,,,,,,,,,,,
12910,Jake Cousins,0.88,https://sba-cards-2024.s3.us-east-1.amazonaws.com/2024-cards/jake-cousins.png,,554,THE,RP,CP,,,,,,,,,,-2,,"Cousins,J",cousija01,1p30,,,,,,,,,,,,,,,,,,,,,,,,
12911,Jake Cronenworth,0.84,https://sba-cards-2024.s3.us-east-1.amazonaws.com/2024-cards/jake-cronenworth.png,,584,NSH,1B,2B,,,,,,,,,,-2,,"Cronenworth,J",croneja01,1p70,,,,,,,,,,,,,,,,,,,,,,,,
12912,Jake Diekman,0.0,https://sba-cards-2024.s3.us-east-1.amazonaws.com/2024-cards/jake-diekman.png,,547,FA,RP,CP,,,,,,,,,,-2,,"Diekman,J",diekmja01,1p30,,,,,,,,,,,,,,,,,,,,,,,,
12913,Jake Fraley,0.23,https://sba-cards-2024.s3.us-east-1.amazonaws.com/2024-cards/jake-fraley.png,,569,POR,RF,LF,CF,,,,,,,,,-2,,"Fraley,J",fraleja01,1p60,,,,,,,,,,,,,,,,,,,,,,,,
12914,Jake Irvin,0.91,https://sba-cards-2024.s3.us-east-1.amazonaws.com/2024-cards/jake-irvin.png,,559,MYTMiL,SP,,,,,,,,,,,-2,,"Irvin,J",irvinja01,0p72,,,,,,,,,,,,,,,,,,,,,,,,
12915,Jake Junis,2.01,https://sba-cards-2024.s3.us-east-1.amazonaws.com/2024-cards/jake-junis.png,,593,CLS,SP,RP,CP,,,,,,,,w05g2,-2,https://i.postimg.cc/MKPHwF83/Junis-FC-S12.png,"Junis,J",junisja01,5p40,,,,,,,,,,,,,,,,,,,,,,,,
12916,Jake McCarthy,1.0,https://sba-cards-2024.s3.us-east-1.amazonaws.com/2024-cards/jake-mccarthy.png,,557,MYT,CF,RF,LF,,,,,,,,,-2,,"McCarthy,J",mccarja02,1p65,,,,,,,,,,,,,,,,,,,,,,,,
12917,Jake Meyers,0.96,https://sba-cards-2024.s3.us-east-1.amazonaws.com/2024-cards/jake-meyers.png,,589,CHCMiL,CF,,,,,,,,,,,-2,,"Meyers,J",meyerja02,1p70,,,,,,,,,,,,,,,,,,,,,,,,
12918,Jake Rogers,0.52,https://sba-cards-2024.s3.us-east-1.amazonaws.com/2024-cards/jake-rogers.png,,547,FA,C,,,,,,,,,,,-2,,"Rogers,J",rogerja03,2p50,,,,,,,,,,,,,,,,,,,,,,,,
12919,Jake Woodford,0.0,https://sba-cards-2024.s3.us-east-1.amazonaws.com/2024-cards/jake-woodford.png,,547,FA,SP,RP,,,,,,,,,,-2,,"Woodford,J",woodfja01,1p20,,,,,,,,,,,,,,,,,,,,,,,,
12920,Jalen Beeks,0.0,https://sba-cards-2024.s3.us-east-1.amazonaws.com/2024-cards/jalen-beeks.png,,547,FA,RP,CP,,,,,,,,,,-2,,"Beeks,J",beeksja02,0p72,,,,,,,,,,,,,,,,,,,,,,,,
12921,James McArthur,0.0,https://sba-cards-2024.s3.us-east-1.amazonaws.com/2024-cards/james-mcarthur.png,,547,FA,RP,CP,,,,,,,,,,-2,,"McArthur,J",mcartja01,1p50,,,,,,,,,,,,,,,,,,,,,,,,
12922,James McCann,1.0,https://sba-cards-2024.s3.us-east-1.amazonaws.com/2024-cards/james-mccann.png,,568,MKEMiL,C,,,,,,,,,,,-2,,"McCann,J",mccanja02,2p30,,,,,,,,,,,,,,,,,,,,,,,,
12923,James Outman,0.0,https://sba-cards-2024.s3.us-east-1.amazonaws.com/2024-cards/james-outman.png,,547,FA,CF,,,,,,,,,,,-2,,"Outman,J",outmaja01,1p30,,,,,,,,,,,,,,,,,,,,,,,,
12924,James Paxton,0.07,https://sba-cards-2024.s3.us-east-1.amazonaws.com/2024-cards/james-paxton.png,,547,FA,SP,,,,,,,,,,,-2,,"Paxton,J",paxtoja01,2p50,,,,,,,,,,,,,,,,,,,,,,,,
12925,James Wood,0.95,https://sba-cards-2024.s3.us-east-1.amazonaws.com/2024-cards/james-wood.png,,587,CHC,LF,,,,,,,,,,w07g3,-2,,"Wood,J",woodja03,1p40,,,,,,,,,,,,,,,,,,,,,,,,
12926,Jameson Taillon,1.2,https://sba-cards-2024.s3.us-east-1.amazonaws.com/2024-cards/jameson-taillon.png,,547,FA,SP,,,,,,,,,,,-2,,"Taillon,J",taillja01,1p70,,,,,,,,,,,,,,,,,,,,,,,,
12927,Jared Jones,1.11,https://sba-cards-2024.s3.us-east-1.amazonaws.com/2024-cards/jared-jones.png,,548,WV,SP,,,,,,,,,,,-2,,"Jones,J",jonesja09,2p65,,,,,,,,,,,,,,,,,,,,,,,,
12928,Jared Koenig,1.16,https://sba-cards-2024.s3.us-east-1.amazonaws.com/2024-cards/jared-koenig.png,,559,MYTMiL,SP,RP,CP,,,,,,,,,-2,,"Koenig,J",koenija01,2p50,,,,,,,,,,,,,,,,,,,,,,,,
12929,Jared Shuster,0.59,https://sba-cards-2024.s3.us-east-1.amazonaws.com/2024-cards/jared-shuster.png,,547,FA,SP,RP,,,,,,,,,,-2,,"Shuster,J",shustja01,1p40,,,,,,,,,,,,,,,,,,,,,,,,
12930,Jared Triolo,0.51,https://sba-cards-2024.s3.us-east-1.amazonaws.com/2024-cards/jared-triolo.png,,547,FA,3B,2B,SS,1B,RF,,,,,,,-2,,"Triolo,J",triolja01,1p60,,,,,,,,,,,,,,,,,,,,,,,,
12931,Jared Walsh,0.0,https://sba-cards-2024.s3.us-east-1.amazonaws.com/2024-cards/jared-walsh.png,,547,FA,1B,,,,,,,,,,,-2,,"Walsh,J",walshja01,1p20,,,,,,,,,,,,,,,,,,,,,,,,
12932,Jarred Kelenic,0.16,https://sba-cards-2024.s3.us-east-1.amazonaws.com/2024-cards/jarred-kelenic.png,,547,FA,LF,CF,,,,,,,,,,-2,,"Kelenic,J",kelenja01,1p60,,,,,,,,,,,,,,,,,,,,,,,,
12933,Jarren Duran,3.43,https://sba-cards-2024.s3.us-east-1.amazonaws.com/2024-cards/jarren-duran.png,,569,POR,CF,LF,,,,,,,,,,-2,,"Duran,Jarren",duranja01,1p70,,,,,,,,,,,,,,,,,,,,,,,,
12934,Jason Adam,1.69,https://sba-cards-2024.s3.us-east-1.amazonaws.com/2024-cards/jason-adam.png,,578,CAN,RP,CP,,,,,,,,,,-2,,"Adam,J",adamja01,0p72,,,,,,,,,,,,,,,,,,,,,,,,
12935,Jason Foley,0.64,https://sba-cards-2024.s3.us-east-1.amazonaws.com/2024-cards/jason-foley.png,,566,MKE,RP,CP,,,,,,,,,,-2,,"Foley,J",foleyja01,1p50,,,,,,,,,,,,,,,,,,,,,,,,
12936,Jason Heyward,0.81,https://sba-cards-2024.s3.us-east-1.amazonaws.com/2024-cards/jason-heyward.png,,547,FA,RF,LF,CF,,,,,,,,,-2,,"Heyward,J",heywaja01,4p40,,,,,,,,,,,,,,,,,,,,,,,,
12937,Jasson Dominguez,0.0,https://sba-cards-2024.s3.us-east-1.amazonaws.com/2024-cards/jasson-dominguez.png,,547,FA,LF,CF,,,,,,,,,,-2,,"Dominguez,J",dominja01,6p20,,,,,,,,,,,,,,,,,,,,,,,,
12938,Javier Assad,0.49,https://sba-cards-2024.s3.us-east-1.amazonaws.com/2024-cards/javier-assad.png,,547,FA,SP,,,,,,,,,,,-2,,"Assad,J",assadja01,1p70,,,,,,,,,,,,,,,,,,,,,,,,
12939,Javier Baez,0.0,https://sba-cards-2024.s3.us-east-1.amazonaws.com/2024-cards/javier-baez.png,,547,FA,SS,,,,,,,,,,,-2,,"Baez,J",baezja01,5p40,,,,,,,,,,,,,,,,,,,,,,,,
12940,Jay Jackson,0.0,https://sba-cards-2024.s3.us-east-1.amazonaws.com/2024-cards/jay-jackson.png,,547,FA,RP,,,,,,,,,,,-2,,"Jackson,J",jacksja01,1p20,,,,,,,,,,,,,,,,,,,,,,,,
12941,Jazz Chisholm,1.26,https://sba-cards-2024.s3.us-east-1.amazonaws.com/2024-cards/jazz-chisholm.png,,560,DAL,CF,3B,2B,,,,,,,,,-2,,"Chisholm,J",chishja01,1p65,,,,,,,,,,,,,,,,,,,,,,,,
12942,JD Davis,0.0,https://sba-cards-2024.s3.us-east-1.amazonaws.com/2024-cards/jd-davis.png,,547,FA,1B,3B,,,,,,,,,,-2,,"Davis,JD",davisjd01,2p20,,,,,,,,,,,,,,,,,,,,,,,,
12943,JD Martinez,0.29,https://sba-cards-2024.s3.us-east-1.amazonaws.com/2024-cards/jd-martinez.png,,547,FA,DH,,,,,,,,,,,-2,,"Martinez,JD",martijd02,1p60,,,,,,,,,,,,,,,,,,,,,,,,
12944,Jeff Criswell,2.25,https://sba-cards-2024.s3.us-east-1.amazonaws.com/2024-cards/jeff-criswell.png,,547,FA,RP,,,,,,,,,,,-2,,"Criswell,J",criswje01,1p20,,,,,,,,,,,,,,,,,,,,,,,,
12945,Jeff Hoffman,1.45,https://sba-cards-2024.s3.us-east-1.amazonaws.com/2024-cards/jeff-hoffman.png,,560,DAL,RP,CP,,,,,,,,,,-2,,"Hoffman,J",hoffmje02,1p60,,,,,,,,,,,,,,,,,,,,,,,,
12946,Jeff McNeil,0.98,https://sba-cards-2024.s3.us-east-1.amazonaws.com/2024-cards/jeff-mcneil.png,,547,FA,2B,RF,LF,,,,,,,,,-2,,"McNeil,J",mcneije01,3p60,,,,,,,,,,,,,,,,,,,,,,,,
12947,Jeffrey Springs,2.05,https://sba-cards-2024.s3.us-east-1.amazonaws.com/2024-cards/jeffrey-springs.png,,547,FA,SP,,,,,,,,,,,-2,,"Springs,J",sprinje01,6p20,,,,,,,,,,,,,,,,,,,,,,,,
12948,Jeimer Candelario,0.0,https://sba-cards-2024.s3.us-east-1.amazonaws.com/2024-cards/jeimer-candelario.png,,547,FA,3B,1B,,,,,,,,,,-2,,"Candelario,J",candeje01,3p50,,,,,,,,,,,,,,,,,,,,,,,,
12949,Jerar Encarnacion,0.14,https://sba-cards-2024.s3.us-east-1.amazonaws.com/2024-cards/jerar-encarnacion.png,,547,FA,RF,LF,1B,,,,,,,,,-2,,"Encarnacion,J",encarje01,1p20,,,,,,,,,,,,,,,,,,,,,,,,
12950,Jeremiah Estrada,0.94,https://sba-cards-2024.s3.us-east-1.amazonaws.com/2024-cards/jeremiah-estrada.png,,557,MYT,RP,CP,,,,,,,,,,-2,,"Estrada,J",estraje01,1p50,,,,,,,,,,,,,,,,,,,,,,,,
12951,Jeremy Pena,1.83,https://sba-cards-2024.s3.us-east-1.amazonaws.com/2024-cards/jeremy-pena.png,,563,GME,SS,,,,,,,,,,,-2,,"Pena,J",penaje02,1p70,,,,,,,,,,,,,,,,,,,,,,,,
12952,Jesse Chavez,0.48,https://sba-cards-2024.s3.us-east-1.amazonaws.com/2024-cards/jesse-chavez.png,,547,FA,RP,,,,,,,,,,,-2,,"Chavez,J",chaveje01,1p40,,,,,,,,,,,,,,,,,,,,,,,,
12953,Jesse Winker,1.14,https://sba-cards-2024.s3.us-east-1.amazonaws.com/2024-cards/jesse-winker.png,,593,CLS,LF,RF,,,,,,,,,,-2,https://i.postimg.cc/9XyyWVxk/Winker-FC.png,"Winker,J",winkeje01,1p65,,,,,,,,,,,,,,,,,,,,,,,,
12954,Jesus Luzardo,1.01,https://sba-cards-2024.s3.us-east-1.amazonaws.com/2024-cards/jesus-luzardo.png,,547,FA,SP,,,,,,,,,,,-2,,"Luzardo,J",luzarje01,5p40,,,,,,,,,,,,,,,,,,,,,,,,
12955,Jesus Sanchez,0.38,https://sba-cards-2024.s3.us-east-1.amazonaws.com/2024-cards/jesus-sanchez.png,,575,WAI,RF,LF,,,,,,,,,,-2,,"Sanchez,J",sanchje02,1p70,,,,,,,,,,,,,,,,,,,,,,,,
12956,Jesus Tinoco,1.95,https://sba-cards-2024.s3.us-east-1.amazonaws.com/2024-cards/jesus-tinoco.png,,566,MKE,RP,CP,,,,,,,,,,-2,https://i.postimg.cc/jjnNtMVB/rpoty.png,"Tinoco,J",tinocje01,1p30,,,,,,,,,,,,,,,,,,,,,,,,
12957,Jhoan Duran,0.18,https://sba-cards-2024.s3.us-east-1.amazonaws.com/2024-cards/jhoan-duran.png,,584,NSH,RP,CP,,,,,,,,,,-2,,"Duran,Jhoan",duranjh01,3p50,,,,,,,,,,,,,,,,,,,,,,,,
12958,Jhonkensy Noel,1.46,https://sba-cards-2024.s3.us-east-1.amazonaws.com/2024-cards/jhonkensy-noel.png,,554,THE,RF,1B,,,,,,,,,,-2,,"Noel,J",noeljh01,1p30,,,,,,,,,,,,,,,,,,,,,,,,
12959,Jhony Brito,0.2,https://sba-cards-2024.s3.us-east-1.amazonaws.com/2024-cards/jhony-brito.png,,547,FA,RP,,,,,,,,,,,-2,,"Brito,J",britojh01,1p30,,,,,,,,,,,,,,,,,,,,,,,,
12960,Ji Hwan Bae,0.0,https://sba-cards-2024.s3.us-east-1.amazonaws.com/2024-cards/ji-hwan-bae.png,,547,FA,CF,RF,2B,,,,,,,,,-2,,"Bae,J",baeji01,3p20,,,,,,,,,,,,,,,,,,,,,,,,
12961,JJ Bleday,0.95,https://sba-cards-2024.s3.us-east-1.amazonaws.com/2024-cards/jj-bleday.png,,548,WV,CF,,,,,,,,,,,-2,,"Bleday,J",bledajj01,1p70,,,,,,,,,,,,,,,,,,,,,,,,
12962,Jo Adell,0.58,https://sba-cards-2024.s3.us-east-1.amazonaws.com/2024-cards/jo-adell.png,,547,FA,RF,CF,,,,,,,,,,-2,,"Adell,J",adelljo01,3p60,,,,,,,,,,,,,,,,,,,,,,,,
12963,Joc Pederson,1.87,https://sba-cards-2024.s3.us-east-1.amazonaws.com/2024-cards/joc-pederson.png,,581,MDW,DH,,,,,,,,,,,-2,,"Pederson,J",pederjo01,1p60,,,,,,,,,,,,,,,,,,,,,,,,
12964,Joe Boyle,0.0,https://sba-cards-2024.s3.us-east-1.amazonaws.com/2024-cards/joe-boyle.png,,572,BSG,SP,RP,,,,,,,,,,-2,,"Boyle,J",boylejo01,2p30,,,,,,,,,,,,,,,,,,,,,,,,
12965,Joe Jimenez,1.26,https://sba-cards-2024.s3.us-east-1.amazonaws.com/2024-cards/joe-jimenez.png,,564,GMEIL,RP,CP,,,,,,,,,w06g3,-2,,"Jimenez,J",jimenjo02,1p60,,,,,,,,,,,,,,,,,,,,,,,,
12966,Joe Kelly,0.0,https://sba-cards-2024.s3.us-east-1.amazonaws.com/2024-cards/joe-kelly.png,,547,FA,RP,,,,,,,,,,,-2,,"Kelly,J",kellyjo05,5p30,,,,,,,,,,,,,,,,,,,,,,,,
12967,Joe Mantiply,0.48,https://sba-cards-2024.s3.us-east-1.amazonaws.com/2024-cards/joe-mantiply.png,,548,WV,SP,RP,CP,,,,,,,,,-2,,"Mantiply,J",mantijo01,0p72,,,,,,,,,,,,,,,,,,,,,,,,
12968,Joe Musgrove,0.92,https://sba-cards-2024.s3.us-east-1.amazonaws.com/2024-cards/joe-musgrove.png,,547,FA,SP,,,,,,,,,,,-2,,"Musgrove,J",musgrjo01,3p50,,,,,,,,,,,,,,,,,,,,,,,,
12969,Joe Ross,0.51,https://sba-cards-2024.s3.us-east-1.amazonaws.com/2024-cards/joe-ross.png,,547,FA,SP,RP,,,,,,,,,,-2,,"Ross,J",rossjo01,4p40,,,,,,,,,,,,,,,,,,,,,,,,
12970,Joe Ryan,1.53,https://sba-cards-2024.s3.us-east-1.amazonaws.com/2024-cards/joe-ryan.png,,557,MYT,SP,,,,,,,,,,,-2,,"Ryan,J",ryanjo04,2p60,,,,,,,,,,,,,,,,,,,,,,,,
12971,Joel Payamps,0.89,https://sba-cards-2024.s3.us-east-1.amazonaws.com/2024-cards/joel-payamps.png,,590,CYP,RP,CP,,,,,,,,,,-2,,"Payamps,J",payamjo01,1p50,,,,,,,,,,,,,,,,,,,,,,,,
12972,Joey Bart,2.26,https://sba-cards-2024.s3.us-east-1.amazonaws.com/2024-cards/joey-bart.png,,587,CHC,C,,,,,,,,,,,-2,,"Bart,J",bartjo01,4p40,,,,,,,,,,,,,,,,,,,,,,,,
12973,Joey Cantillo,0.0,https://sba-cards-2024.s3.us-east-1.amazonaws.com/2024-cards/joey-cantillo.png,,547,FA,SP,RP,,,,,,,,,,-2,,"Cantillo,J",cantijo01,1p20,,,,,,,,,,,,,,,,,,,,,,,,
12974,Joey Estes,0.25,https://sba-cards-2024.s3.us-east-1.amazonaws.com/2024-cards/joey-estes.png,,547,FA,SP,,,,,,,,,,,-2,,"Estes,J",estesjo01,1p65,,,,,,,,,,,,,,,,,,,,,,,,
12975,Joey Gallo,0.33,https://sba-cards-2024.s3.us-east-1.amazonaws.com/2024-cards/joey-gallo.png,,566,MKE,1B,RF,LF,,,,,,,,,-2,,"Gallo,J",gallojo01,5p40,,,,,,,,,,,,,,,,,,,,,,,,
12976,Joey Loperfido,0.33,https://sba-cards-2024.s3.us-east-1.amazonaws.com/2024-cards/joey-loperfido.png,,551,DEN,LF,CF,RF,1B,,,,,,,,-2,,"Loperfido,J",loperjo01,1p40,,,,,,,,,,,,,,,,,,,,,,,,
12977,Joey Meneses,0.0,https://sba-cards-2024.s3.us-east-1.amazonaws.com/2024-cards/joey-meneses.png,,547,FA,1B,,,,,,,,,,,-2,,"Meneses,J",menesjo01,1p40,,,,,,,,,,,,,,,,,,,,,,,,
12978,Joey Ortiz,1.53,https://sba-cards-2024.s3.us-east-1.amazonaws.com/2024-cards/joey-ortiz.png,,581,MDW,3B,2B,SS,,,,,,,,,-2,,"Ortiz,J",ortizjo06,1p65,,,,,,,,,,,,,,,,,,,,,,,,
12979,Joey Wentz,0.11,https://sba-cards-2024.s3.us-east-1.amazonaws.com/2024-cards/joey-wentz.png,,593,CLS,RP,CP,,,,,,,,,,-2,https://i.postimg.cc/Sxkd0jmb/Wentz-FC.png,"Wentz,J",wentzjo01,1p40,,,,,,,,,,,,,,,,,,,,,,,,
12980,Johan Rojas,0.34,https://sba-cards-2024.s3.us-east-1.amazonaws.com/2024-cards/johan-rojas.png,,547,FA,CF,,,,,,,,,,,-2,,"Rojas,Johan",rojasjo03,1p60,,,,,,,,,,,,,,,,,,,,,,,,
12981,John Brebbia,0.0,https://sba-cards-2024.s3.us-east-1.amazonaws.com/2024-cards/john-brebbia.png,,547,FA,RP,CP,,,,,,,,,,-2,,"Brebbia,J",brebbjo01,2p50,,,,,,,,,,,,,,,,,,,,,,,,
12982,John King,0.96,https://sba-cards-2024.s3.us-east-1.amazonaws.com/2024-cards/john-king.png,,547,FA,RP,,,,,,,,,,,-2,,"King,J",kingjo01,1p40,,,,,,,,,,,,,,,,,,,,,,,,
12983,John Schreiber,0.46,https://sba-cards-2024.s3.us-east-1.amazonaws.com/2024-cards/john-schreiber.png,,548,WV,RP,CP,,,,,,,,,,-2,,"Schreiber,J",schrejo01,2p40,,,,,,,,,,,,,,,,,,,,,,,,
12984,JoJo Romero,0.73,https://sba-cards-2024.s3.us-east-1.amazonaws.com/2024-cards/jojo-romero.png,,547,FA,RP,CP,,,,,,,,,,-2,,"Romero,J",romerjo01,1p50,,,,,,,,,,,,,,,,,,,,,,,,
12985,Jon Berti,1.41,https://sba-cards-2024.s3.us-east-1.amazonaws.com/2024-cards/jon-berti.png,,547,FA,3B,2B,LF,,,,,,,,,-2,,"Berti,J",bertijo01,6p20,,,,,,,,,,,,,,,,,,,,,,,,
12986,Jon Gray,0.22,https://sba-cards-2024.s3.us-east-1.amazonaws.com/2024-cards/jon-gray.png,,547,FA,SP,RP,,,,,,,,,,-2,,"Gray,J",grayjo02,3p60,,,,,,,,,,,,,,,,,,,,,,,,
12987,Jon Singleton,0.21,https://sba-cards-2024.s3.us-east-1.amazonaws.com/2024-cards/jon-singleton.png,,575,WAI,1B,,,,,,,,,,,-2,,"Singleton,J",singljo02,1p60,,,,,,,,,,,,,,,,,,,,,,,,
12988,Jonah Bride,0.85,https://sba-cards-2024.s3.us-east-1.amazonaws.com/2024-cards/jonah-bride.png,,584,NSH,1B,3B,2B,,,,,,,,,-2,https://i.postimg.cc/CZh1yFTh/bride.png,"Bride,J",bridejo01,1p40,,,,,,,,,,,,,,,,,,,,,,,,
12989,Jonah Heim,0.39,https://sba-cards-2024.s3.us-east-1.amazonaws.com/2024-cards/jonah-heim.png,,547,FA,C,,,,,,,,,,,-2,,"Heim,J",heimjo01,2p60,,,,,,,,,,,,,,,,,,,,,,,,
12990,Jonatan Clase,0.0,https://sba-cards-2024.s3.us-east-1.amazonaws.com/2024-cards/jonatan-clase.png,,547,FA,LF,CF,,,,,,,,,,-2,,"Clase,J",clasejo01,1p20,,,,,,,,,,,,,,,,,,,,,,,,
12991,Jonathan Aranda,1.42,https://sba-cards-2024.s3.us-east-1.amazonaws.com/2024-cards/jonathan-aranda.png,,578,CAN,1B,2B,3B,,,,,,,,,-2,,"Aranda,J",arandjo01,4p20,,,,,,,,,,,,,,,,,,,,,,,,
12992,Jonathan Cannon,0.83,https://sba-cards-2024.s3.us-east-1.amazonaws.com/2024-cards/jonathan-cannon.png,,547,FA,SP,RP,CP,,,,,,,,,-2,,"Cannon,J",cannojo02,1p60,,,,,,,,,,,,,,,,,,,,,,,,
12993,Jonathan Hernandez,0.0,https://sba-cards-2024.s3.us-east-1.amazonaws.com/2024-cards/jonathan-hernandez.png,,547,FA,RP,,,,,,,,,,,-2,,"Hernandez,Jonath",hernajo02,2p30,,,,,,,,,,,,,,,,,,,,,,,,
12994,Jonathan India,0.77,https://sba-cards-2024.s3.us-east-1.amazonaws.com/2024-cards/jonathan-india.png,,547,FA,2B,,,,,,,,,,,-2,,"India,J",indiajo01,1p70,,,,,,,,,,,,,,,,,,,,,,,,
12995,Jonny DeLuca,0.29,https://sba-cards-2024.s3.us-east-1.amazonaws.com/2024-cards/jonny-deluca.png,,562,DALMiL,RF,CF,LF,,,,,,,,,-2,,"DeLuca,J",delucjo01,3p50,,,,,,,,,,,,,,,,,,,,,,,,
12996,Jordan Beck,0.0,https://sba-cards-2024.s3.us-east-1.amazonaws.com/2024-cards/jordan-beck.png,,547,FA,LF,RF,CF,,,,,,,,,-2,,"Beck,J",beckjo01,5p30,,,,,,,,,,,,,,,,,,,,,,,,
12997,Jordan Hicks,0.62,https://sba-cards-2024.s3.us-east-1.amazonaws.com/2024-cards/jordan-hicks.png,,547,FA,SP,RP,CP,,,,,,,,,-2,,"Hicks,J",hicksjo03,2p60,,,,,,,,,,,,,,,,,,,,,,,,
12998,Jordan Leasure,0.0,https://sba-cards-2024.s3.us-east-1.amazonaws.com/2024-cards/jordan-leasure.png,,547,FA,RP,CP,,,,,,,,,,-2,,"Leasure,J",leasujo01,5p30,,,,,,,,,,,,,,,,,,,,,,,,
12999,Jordan Montgomery,0.0,https://sba-cards-2024.s3.us-east-1.amazonaws.com/2024-cards/jordan-montgomery.png,,547,FA,SP,RP,CP,,,,,,,,,-2,,"Montgomery,J",montgjo01,2p60,,,,,,,,,,,,,,,,,,,,,,,,
13000,Jordan Walker,0.0,https://sba-cards-2024.s3.us-east-1.amazonaws.com/2024-cards/jordan-walker.png,,547,FA,RF,,,,,,,,,,,-2,,"Walker,J",walkejo02,1p30,,,,,,,,,,,,,,,,,,,,,,,,
13001,Jordan Weems,0.0,https://sba-cards-2024.s3.us-east-1.amazonaws.com/2024-cards/jordan-weems.png,,547,FA,RP,,,,,,,,,,,-2,,"Weems,J",weemsjo01,5p40,,,,,,,,,,,,,,,,,,,,,,,,
13002,Jordan Westburg,1.56,https://sba-cards-2024.s3.us-east-1.amazonaws.com/2024-cards/jordan-westburg.png,,572,BSG,3B,2B,SS,,,,,,,,,-2,,"Westburg,J",westbjo01,3p50,,,,,,,,,,,,,,,,,,,,,,,,
13003,Jordan Wicks,0.0,https://sba-cards-2024.s3.us-east-1.amazonaws.com/2024-cards/jordan-wicks.png,,547,FA,SP,,,,,,,,,,,-2,,"Wicks,J",wicksjo01,6p30,,,,,,,,,,,,,,,,,,,,,,,,
13004,Jorge Alcala,1.15,https://sba-cards-2024.s3.us-east-1.amazonaws.com/2024-cards/jorge-alcala.png,,587,CHC,RP,,,,,,,,,,,-2,,"Alcala,J",alcaljo01,1p50,,,,,,,,,,,,,,,,,,,,,,,,
13005,Jorge Lopez,0.49,https://sba-cards-2024.s3.us-east-1.amazonaws.com/2024-cards/jorge-lopez.png,,547,FA,RP,CP,,,,,,,,,,-2,,"Lopez,Jo",lopezjo02,2p50,,,,,,,,,,,,,,,,,,,,,,,,
13006,Jorge Mateo,1.25,https://sba-cards-2024.s3.us-east-1.amazonaws.com/2024-cards/jorge-mateo.png,,547,FA,2B,SS,CF,,,,,,,,,-2,,"Mateo,J",mateojo01,5p30,,,,,,,,,,,,,,,,,,,,,,,,
13007,Jorge Polanco,0.48,https://sba-cards-2024.s3.us-east-1.amazonaws.com/2024-cards/jorge-polanco.png,,548,WV,2B,,,,,,,,,,,-2,,"Polanco,J",polanjo01,2p60,,,,,,,,,,,,,,,,,,,,,,,,
13008,Jorge Soler,0.56,https://sba-cards-2024.s3.us-east-1.amazonaws.com/2024-cards/jorge-soler.png,,569,POR,RF,LF,,,,,,,,,,-2,,"Soler,J",solerjo01,1p65,,,,,,,,,,,,,,,,,,,,,,,,
13009,Jose Ferrer,0.75,https://sba-cards-2024.s3.us-east-1.amazonaws.com/2024-cards/jose-ferrer.png,,590,CYP,RP,CP,,,,,,,,,,-2,,"Ferrer,J",ferrejo01,5p30,,,,,,,,,,,,,,,,,,,,,,,,
13010,Jose Abreu,0.0,https://sba-cards-2024.s3.us-east-1.amazonaws.com/2024-cards/jose-abreu.png,,547,FA,1B,,,,,,,,,,,-2,,"Abreu,J",abreujo02,1p20,,,,,,,,,,,,,,,,,,,,,,,,
13011,Jose Altuve,1.45,https://sba-cards-2024.s3.us-east-1.amazonaws.com/2024-cards/jose-altuve.png,,590,CYP,2B,,,,,,,,,,,-2,,"Altuve,J",altuvjo01,1p70,,,,,,,,,,,,,,,,,,,,,,,,
13012,Jose Alvarado,0.23,https://sba-cards-2024.s3.us-east-1.amazonaws.com/2024-cards/jose-alvarado.png,,557,MYT,RP,CP,,,,,,,,,,-2,,"Alvarado,J",alvarjo03,1p50,,,,,,,,,,,,,,,,,,,,,,,,
13013,Jose Azocar,0.0,https://sba-cards-2024.s3.us-east-1.amazonaws.com/2024-cards/jose-azocar.png,,566,MKE,LF,CF,RF,,,,,,,,,-2,,"Azocar,J",azocajo01,1p30,,,,,,,,,,,,,,,,,,,,,,,,
13014,Jose Berrios,1.03,https://sba-cards-2024.s3.us-east-1.amazonaws.com/2024-cards/jose-berrios.png,,581,MDW,SP,,,,,,,,,,,-2,,"Berrios,J",berrijo01,0p72,,,,,,,,,,,,,,,,,,,,,,,,
13015,Jose Butto,2.23,https://sba-cards-2024.s3.us-east-1.amazonaws.com/2024-cards/jose-butto.png,,569,POR,SP,RP,CP,,,,,,,,,-2,,"Butto,J",buttojo01,1p40,,,,,,,,,,,,,,,,,,,,,,,,
13016,Jose Caballero,0.96,https://sba-cards-2024.s3.us-east-1.amazonaws.com/2024-cards/jose-caballero.png,,562,DALMiL,SS,3B,2B,,,,,,,,,-2,,"Caballero,J",cabaljo01,1p65,,,,,,,,,,,,,,,,,,,,,,,,
13017,Jose Fermin,0.0,https://sba-cards-2024.s3.us-east-1.amazonaws.com/2024-cards/jose-fermin.png,,569,POR,2B,3B,LF,,,,,,,,,-2,,"Fermin,J",fermijo01,1p20,,,,,,,,,,,,,,,,,,,,,,,,
13018,Jose Herrera,0.0,https://sba-cards-2024.s3.us-east-1.amazonaws.com/2024-cards/jose-herrera.png,,578,CAN,C,3B,,,,,,,,,,-2,,"Herrera,J",herrejo04,2p20,,,,,,,,,,,,,,,,,,,,,,,,
13019,Jose Iglesias,3.09,https://sba-cards-2024.s3.us-east-1.amazonaws.com/2024-cards/jose-iglesias.png,,569,POR,2B,3B,SS,,,,,,,,,-2,,"Iglesias,J",iglesjo01,1p40,,,,,,,,,,,,,,,,,,,,,,,,
13020,Jose Leclerc,0.0,https://sba-cards-2024.s3.us-east-1.amazonaws.com/2024-cards/jose-leclerc.png,,547,FA,RP,CP,,,,,,,,,,-2,,"Leclerc,J",leclejo01,1p60,,,,,,,,,,,,,,,,,,,,,,,,
13021,Jose Miranda,1.15,https://sba-cards-2024.s3.us-east-1.amazonaws.com/2024-cards/jose-miranda.png,,581,MDW,3B,1B,SS,,,,,,,,,-2,,"Miranda,J",miranjo01,2p60,,,,,,,,,,,,,,,,,,,,,,,,
13022,Jose Quintana,0.66,https://sba-cards-2024.s3.us-east-1.amazonaws.com/2024-cards/jose-quintana.png,,547,FA,SP,,,,,,,,,,,-2,,"Quintana,J",quintjo01,1p70,,,,,,,,,,,,,,,,,,,,,,,,
13023,Jose Ramirez,2.89,https://sba-cards-2024.s3.us-east-1.amazonaws.com/2024-cards/jose-ramirez.png,,566,MKE,3B,,,,,,,,,,,-2,,"Ramirez,J",ramirjo01,1p70,,,,,,,,,,,,,,,,,,,,,,,,
13024,Jose Ruiz,0.28,https://sba-cards-2024.s3.us-east-1.amazonaws.com/2024-cards/jose-ruiz.png,,547,FA,RP,CP,,,,,,,,,,-2,,"Ruiz,J",ruizjo01,1p40,,,,,,,,,,,,,,,,,,,,,,,,
13025,Jose Siri,0.7,https://sba-cards-2024.s3.us-east-1.amazonaws.com/2024-cards/jose-siri.png,,547,FA,CF,1B,,,,,,,,,,-2,,"Siri,J",sirijo01,1p60,,,,,,,,,,,,,,,,,,,,,,,,
13026,Jose Soriano,1.39,https://sba-cards-2024.s3.us-east-1.amazonaws.com/2024-cards/jose-soriano.png,,550,WVMiL,SP,RP,,,,,,,,,,-2,,"Soriano,J",soriajo02,3p60,,,,,,,,,,,,,,,,,,,,,,,,
13027,Jose Suarez,0.0,https://sba-cards-2024.s3.us-east-1.amazonaws.com/2024-cards/jose-suarez.png,,547,FA,SP,RP,CP,,,,,,,,,-2,,"Suarez,J",suarejo01,1p30,,,,,,,,,,,,,,,,,,,,,,,,
13028,Jose Tena,0.21,https://sba-cards-2024.s3.us-east-1.amazonaws.com/2024-cards/jose-tena.png,,547,FA,3B,2B,,,,,,,,,,-2,,"Tena,J",tenajo01,1p20,,,,,,,,,,,,,,,,,,,,,,,,
13029,Jose Trevino,0.44,https://sba-cards-2024.s3.us-east-1.amazonaws.com/2024-cards/jose-trevino.png,,547,FA,C,,,,,,,,,,,-2,,"Trevino,J",trevijo01,4p40,,,,,,,,,,,,,,,,,,,,,,,,
13030,Jose Urena,0.41,https://sba-cards-2024.s3.us-east-1.amazonaws.com/2024-cards/jose-urena.png,,547,FA,SP,RP,CP,,,,,,,,,-2,,"Urena,J",urenajo01,2p60,,,,,,,,,,,,,,,,,,,,,,,,
13031,Josh Bell,0.0,https://sba-cards-2024.s3.us-east-1.amazonaws.com/2024-cards/josh-bell.png,,547,FA,1B,,,,,,,,,,,-2,,"Bell,J",belljo02,1p65,,,,,,,,,,,,,,,,,,,,,,,,
13032,Josh Fleming,0.0,https://sba-cards-2024.s3.us-east-1.amazonaws.com/2024-cards/josh-fleming.png,,547,FA,SP,RP,CP,,,,,,,,,-2,,"Fleming,J",flemijo01,1p20,,,,,,,,,,,,,,,,,,,,,,,,
13033,Josh Hader,0.41,https://sba-cards-2024.s3.us-east-1.amazonaws.com/2024-cards/josh-hader.png,,554,THE,RP,CP,,,,,,,,,,-2,,"Hader,J",haderjo01,0p72,,,,,,,,,,,,,,,,,,,,,,,,
13034,Josh Jung,0.56,https://sba-cards-2024.s3.us-east-1.amazonaws.com/2024-cards/josh-jung.png,,547,FA,3B,,,,,,,,,,,-2,,"Jung,Jo",jungjo01,5p20,,,,,,,,,,,,,,,,,,,,,,,,
13035,Josh Lowe,0.31,https://sba-cards-2024.s3.us-east-1.amazonaws.com/2024-cards/josh-lowe.png,,547,FA,RF,LF,CF,,,,,,,,,-2,,"Lowe,J",lowejo01,4p50,,,,,,,,,,,,,,,,,,,,,,,,
13036,Josh Naylor,0.69,https://sba-cards-2024.s3.us-east-1.amazonaws.com/2024-cards/josh-naylor.png,,548,WV,1B,,,,,,,,,,,-2,,"Naylor,J",naylojo01,1p70,,,,,,,,,,,,,,,,,,,,,,,,
13037,Josh Palacios,0.0,https://sba-cards-2024.s3.us-east-1.amazonaws.com/2024-cards/josh-palacios.png,,584,NSH,RF,LF,CF,,,,,,,,,-2,,"Palacios,J",palacjo01,2p20,,,,,,,,,,,,,,,,,,,,,,,,
13038,Josh Rojas,0.8,https://sba-cards-2024.s3.us-east-1.amazonaws.com/2024-cards/josh-rojas.png,,547,FA,3B,2B,LF,1B,,,,,,,,-2,,"Rojas,J",rojasjo01,1p65,,,,,,,,,,,,,,,,,,,,,,,,
13039,Josh Smith,1.57,https://sba-cards-2024.s3.us-east-1.amazonaws.com/2024-cards/josh-smith.png,,590,CYP,3B,SS,LF,RF,2B,,,,,,,-2,,"Smith,J",smithjo11,1p70,,,,,,,,,,,,,,,,,,,,,,,,
13040,Josh Staumont,0.39,https://sba-cards-2024.s3.us-east-1.amazonaws.com/2024-cards/josh-staumont.png,,563,GME,RP,,,,,,,,,,w08g2,-2,,"Staumont,J",staumjo01,2p20,,,,,,,,,,,,,,,,,,,,,,,,
13041,Josh Winckowski,0.23,https://sba-cards-2024.s3.us-east-1.amazonaws.com/2024-cards/josh-winckowski.png,,547,FA,SP,RP,CP,,,,,,,,,-2,,"Winckowski,J",winckjo01,1p40,,,,,,,,,,,,,,,,,,,,,,,,
13042,JP Crawford,1.74,https://sba-cards-2024.s3.us-east-1.amazonaws.com/2024-cards/jp-crawford.png,,547,FA,SS,,,,,,,,,,,-2,,"Crawford,J",crawfjp01,4p50,,,,,,,,,,,,,,,,,,,,,,,,
13043,JP Sears,0.69,https://sba-cards-2024.s3.us-east-1.amazonaws.com/2024-cards/jp-sears.png,,547,FA,SP,,,,,,,,,,,-2,,"Sears,J",searsjp01,0p72,,,,,,,,,,,,,,,,,,,,,,,,
13044,JT Chargois,1.19,https://sba-cards-2024.s3.us-east-1.amazonaws.com/2024-cards/jt-chargois.png,,559,MYTMiL,RP,,,,,,,,,,,-2,,"Chargois,J",chargjt01,5p30,,,,,,,,,,,,,,,,,,,,,,,,
13045,JT Ginn,0.66,https://sba-cards-2024.s3.us-east-1.amazonaws.com/2024-cards/jt-ginn.png,,581,MDW,SP,RP,,,,,,,,,,-2,,"Ginn,J",ginnjt01,1p20,,,,,,,,,,,,,,,,,,,,,,,,
13046,JT Realmuto,2.11,https://sba-cards-2024.s3.us-east-1.amazonaws.com/2024-cards/jt-realmuto.png,,548,WV,C,,,,,,,,,,,-2,,"Realmuto,J",realmjt01,4p50,,,,,,,,,,,,,,,,,,,,,,,,
13047,Juan Soto,3.21,https://sba-cards-2024.s3.us-east-1.amazonaws.com/2024-cards/juan-soto.png,,554,THE,RF,LF,,,,,,,,,,-2,,"Soto,J",sotoju01,1p70,,,,,,,,,,,,,,,,,,,,,,,,
13048,Juan Yepez,0.7,https://sba-cards-2024.s3.us-east-1.amazonaws.com/2024-cards/juan-yepez.png,,565,GMEMiL,1B,,,,,,,,,,,-2,,"Yepez,J",yepezju01,1p30,,,,,,,,,,,,,,,,,,,,,,,,
13049,Julian Aguiar,0.0,https://sba-cards-2024.s3.us-east-1.amazonaws.com/2024-cards/julian-aguiar.png,,547,FA,SP,,,,,,,,,,,-2,,"Aguiar,J",aguiaju01,1p20,,,,,,,,,,,,,,,,,,,,,,,,
13050,Julio Rodriguez,2.03,https://sba-cards-2024.s3.us-east-1.amazonaws.com/2024-cards/julio-rodriguez.png,,590,CYP,CF,,,,,,,,,,,-2,,"Rodriguez,Julio",rodriju01,1p65,,,,,,,,,,,,,,,,,,,,,,,,
13051,Jung Hoo Lee,0.18,https://sba-cards-2024.s3.us-east-1.amazonaws.com/2024-cards/jung-hoo-lee.png,,557,MYT,CF,,,,,,,,,,,-2,,"Hoo Lee,J",leeju01,5p20,,,,,,,,,,,,,,,,,,,,,,,,
13052,Junior Caminero,0.69,https://sba-cards-2024.s3.us-east-1.amazonaws.com/2024-cards/junior-caminero.png,,572,BSG,3B,1B,,,,,,,,,,-2,,"Caminero,J",caminju01,1p20,,,,,,,,,,,,,,,,,,,,,,,,
13053,Jurickson Profar,1.56,https://sba-cards-2024.s3.us-east-1.amazonaws.com/2024-cards/jurickson-profar.png,,581,MDW,LF,1B,,,,,,,,,,-2,,"Profar,J",profaju01,1p70,,,,,,,,,,,,,,,,,,,,,,,,
13054,Justin Anderson,0.27,https://sba-cards-2024.s3.us-east-1.amazonaws.com/2024-cards/justin-anderson.png,,547,FA,RP,CP,,,,,,,,,,-2,,"Anderson,J",anderju01,1p50,,,,,,,,,,,,,,,,,,,,,,,,
13055,Justin Lawrence,0.0,https://sba-cards-2024.s3.us-east-1.amazonaws.com/2024-cards/justin-lawrence.png,,547,FA,RP,CP,,,,,,,,,,-2,,"Lawrence,J",lawreju01,2p50,,,,,,,,,,,,,,,,,,,,,,,,
13056,Justin Martinez,1.32,https://sba-cards-2024.s3.us-east-1.amazonaws.com/2024-cards/justin-martinez.png,,595,CLSMiL,RP,CP,,,,,,,,,,-2,https://i.postimg.cc/sx5YqCL8/Martinez-FC.png,"Martinez,Ju",martiju01,1p60,,,,,,,,,,,,,,,,,,,,,,,,
13057,Justin Slaten,1.17,https://sba-cards-2024.s3.us-east-1.amazonaws.com/2024-cards/justin-slaten.png,,575,WAI,RP,CP,,,,,,,,,,-2,,"Slaten,J",slateju01,4p30,,,,,,,,,,,,,,,,,,,,,,,,
13058,Justin Steele,1.06,https://sba-cards-2024.s3.us-east-1.amazonaws.com/2024-cards/justin-steele.png,,563,GME,SP,,,,,,,,,,,-2,,"Steele,J",steelju01,2p70,,,,,,,,,,,,,,,,,,,,,,,,
13059,Justin Turner,0.81,https://sba-cards-2024.s3.us-east-1.amazonaws.com/2024-cards/justin-turner.png,,547,FA,1B,3B,,,,,,,,,,-2,,"Turner,J",turneju01,1p65,,,,,,,,,,,,,,,,,,,,,,,,
13060,Justin Verlander,0.0,https://sba-cards-2024.s3.us-east-1.amazonaws.com/2024-cards/justin-verlander.png,,547,FA,SP,,,,,,,,,,,-2,,"Verlander,J",verlaju01,4p50,,,,,,,,,,,,,,,,,,,,,,,,
13061,Justin Wilson,0.0,https://sba-cards-2024.s3.us-east-1.amazonaws.com/2024-cards/justin-wilson.png,,547,FA,RP,CP,,,,,,,,,,-2,,"Wilson,Ju",wilsoju10,1p40,,,,,,,,,,,,,,,,,,,,,,,,
13062,Justin Wrobleski,0.0,https://sba-cards-2024.s3.us-east-1.amazonaws.com/2024-cards/justin-wrobleski.png,,584,NSH,SP,RP,CP,,,,,,,,,-2,,"Wrobleski,J",wroblju01,1p20,,,,,,,,,,,,,,,,,,,,,,,,
13063,Justyn Henry Malloy,0.0,https://sba-cards-2024.s3.us-east-1.amazonaws.com/2024-cards/justyn-henry-malloy.png,,575,WAI,DH,,,,,,,,,,,-2,,"Henry Malloy,J",malloju02,1p40,,,,,,,,,,,,,,,,,,,,,,,,
13064,Kaleb Ort,0.88,https://sba-cards-2024.s3.us-east-1.amazonaws.com/2024-cards/kaleb-ort.png,,547,FA,RP,,,,,,,,,,,-2,,"Ort,K",ortka01,1p20,,,,,,,,,,,,,,,,,,,,,,,,
13065,Keaton Winn,0.0,https://sba-cards-2024.s3.us-east-1.amazonaws.com/2024-cards/keaton-winn.png,,547,FA,SP,,,,,,,,,,,-2,,"Winn,K",winnke01,5p30,,,,,,,,,,,,,,,,,,,,,,,,
13066,KeBryan Hayes,0.59,https://sba-cards-2024.s3.us-east-1.amazonaws.com/2024-cards/kebryan-hayes.png,,551,DEN,3B,,,,,,,,,,,-2,,"Hayes,K",hayeske01,4p50,,,,,,,,,,,,,,,,,,,,,,,,
13067,Keegan Akin,1.01,https://sba-cards-2024.s3.us-east-1.amazonaws.com/2024-cards/keegan-akin.png,,583,MDWMiL,RP,CP,,,,,,,,,,-2,,"Akin,K",akinke01,1p50,,,,,,,,,,,,,,,,,,,,,,,,
13068,Keegan Thompson,1.42,https://sba-cards-2024.s3.us-east-1.amazonaws.com/2024-cards/keegan-thompson.png,,558,MYTIL,RP,CP,,,,,,,,,w07g1,-2,,"Thompson,K",thompke02,5p20,,,,,,,,,,,,,,,,,,,,,,,,
13069,Keibert Ruiz,0.22,https://sba-cards-2024.s3.us-east-1.amazonaws.com/2024-cards/keibert-ruiz.png,,547,FA,C,,,,,,,,,,,-2,,"Ruiz,K",ruizke01,2p60,,,,,,,,,,,,,,,,,,,,,,,,
13070,Keider Montero,0.05,https://sba-cards-2024.s3.us-east-1.amazonaws.com/2024-cards/keider-montero.png,,547,FA,SP,RP,,,,,,,,,,-2,,"Montero,K",monteke01,1p50,,,,,,,,,,,,,,,,,,,,,,,,
13071,Kenley Jansen,1.14,https://sba-cards-2024.s3.us-east-1.amazonaws.com/2024-cards/kenley-jansen.png,,551,DEN,RP,CP,,,,,,,,,,-2,,"Jansen,K",janseke01,1p50,,,,,,,,,,,,,,,,,,,,,,,,
13072,Kenta Maeda,0.0,https://sba-cards-2024.s3.us-east-1.amazonaws.com/2024-cards/kenta-maeda.png,,547,FA,SP,RP,,,,,,,,,,-2,,"Maeda,K",maedake01,2p60,,,,,,,,,,,,,,,,,,,,,,,,
13073,Kerry Carpenter,2.16,https://sba-cards-2024.s3.us-east-1.amazonaws.com/2024-cards/kerry-carpenter.png,,569,POR,RF,LF,,,,,,,,,,-2,,"Carpenter,K",carpeke01,5p40,,,,,,,,,,,,,,,,,,,,,,,,
13074,Ketel Marte,3.38,https://sba-cards-2024.s3.us-east-1.amazonaws.com/2024-cards/ketel-marte.png,,551,DEN,2B,SS,,,,,,,,,,-2,https://i.postimg.cc/3y7WZCxn/ss-2b.png,"Marte,K",marteke01,1p60,,,,,,,,,,,,,,,,,,,,,,,,
13075,Kevin Gausman,0.45,https://sba-cards-2024.s3.us-east-1.amazonaws.com/2024-cards/kevin-gausman.png,,563,GME,SP,,,,,,,,,,,-2,,"Gausman,K",gausmke01,1p70,,,,,,,,,,,,,,,,,,,,,,,,
13076,Kevin Ginkel,0.55,https://sba-cards-2024.s3.us-east-1.amazonaws.com/2024-cards/kevin-ginkel.png,,547,FA,RP,CP,,,,,,,,,,-2,,"Ginkel,K",ginkeke01,1p60,,,,,,,,,,,,,,,,,,,,,,,,
13077,Kevin Kelly,1.15,https://sba-cards-2024.s3.us-east-1.amazonaws.com/2024-cards/kevin-kelly.png,,551,DEN,RP,CP,,,,,,,,,,-2,,"Kelly,K",kellyke02,1p60,,,,,,,,,,,,,,,,,,,,,,,,
13078,Kevin Kiermaier,1.03,https://sba-cards-2024.s3.us-east-1.amazonaws.com/2024-cards/kevin-kiermaier.png,,547,FA,CF,,,,,,,,,,,-2,,"Kiermaier,K",kiermke01,1p60,,,,,,,,,,,,,,,,,,,,,,,,
13079,Kevin Newman,2.05,https://sba-cards-2024.s3.us-east-1.amazonaws.com/2024-cards/kevin-newman.png,,557,MYT,SS,2B,1B,3B,LF,,,,,,,-2,,"Newman,K",newmake01,1p50,,,,,,,,,,,,,,,,,,,,,,,,
13080,Kevin Pillar,0.37,https://sba-cards-2024.s3.us-east-1.amazonaws.com/2024-cards/kevin-pillar.png,,593,CLS,CF,LF,RF,,,,,,,,,-2,https://i.postimg.cc/0QFnhfyD/Pillar-FC.png,"Pillar,K",pillake01,1p50,,,,,,,,,,,,,,,,,,,,,,,,
13081,Kirby Yates,2.57,https://sba-cards-2024.s3.us-east-1.amazonaws.com/2024-cards/kirby-yates.png,,557,MYT,RP,CP,,,,,,,,,,-2,,"Yates,K",yateski01,1p50,,,,,,,,,,,,,,,,,,,,,,,,
13082,Kody Clemens,0.44,https://sba-cards-2024.s3.us-east-1.amazonaws.com/2024-cards/kody-clemens.png,,547,FA,1B,3B,2B,LF,,,,,,,,-2,,"Clemens,K",clemeko01,2p20,,,,,,,,,,,,,,,,,,,,,,,,
13083,Kody Funderburk,0.0,https://sba-cards-2024.s3.us-east-1.amazonaws.com/2024-cards/kody-funderburk.png,,547,FA,RP,CP,,,,,,,,,,-2,,"Funderburk,K",fundeko01,5p20,,,,,,,,,,,,,,,,,,,,,,,,
13084,Korey Lee,0.07,https://sba-cards-2024.s3.us-east-1.amazonaws.com/2024-cards/korey-lee.png,,569,POR,C,,,,,,,,,,,-2,,"Lee,K",leeko01,2p60,,,,,,,,,,,,,,,,,,,,,,,,
13085,Kris Bryant,0.0,https://sba-cards-2024.s3.us-east-1.amazonaws.com/2024-cards/kris-bryant.png,,547,FA,1B,RF,,,,,,,,,,-2,,"Bryant,K",bryankr01,5p20,,,,,,,,,,,,,,,,,,,,,,,,
13086,Kris Bubic,1.27,https://sba-cards-2024.s3.us-east-1.amazonaws.com/2024-cards/kris-bubic.png,,551,DEN,RP,CP,,,,,,,,,,-2,,"Bubic,K",bubickr01,5p30,,,,,,,,,,,,,,,,,,,,,,,,
13087,Kutter Crawford,0.98,https://sba-cards-2024.s3.us-east-1.amazonaws.com/2024-cards/kutter-crawford.png,,577,WAIMiL,SP,,,,,,,,,,,-2,,"Crawford,K",crawfku01,0p72,,,,,,,,,,,,,,,,,,,,,,,,
13088,Kyle Bradish,1.91,https://sba-cards-2024.s3.us-east-1.amazonaws.com/2024-cards/kyle-bradish.png,,569,POR,SP,,,,,,,,,,,-2,,"Bradish,K",bradiky01,6p20,,,,,,,,,,,,,,,,,,,,,,,,
13089,Kyle Farmer,0.0,https://sba-cards-2024.s3.us-east-1.amazonaws.com/2024-cards/kyle-farmer.png,,584,NSH,2B,3B,SS,1B,,,,,,,,-2,,"Farmer,K",farmeky01,2p50,,,,,,,,,,,,,,,,,,,,,,,,
13090,Kyle Finnegan,0.68,https://sba-cards-2024.s3.us-east-1.amazonaws.com/2024-cards/kyle-finnegan.png,,547,FA,RP,CP,,,,,,,,,,-2,,"Finnegan,K",finneky01,1p50,,,,,,,,,,,,,,,,,,,,,,,,
13091,Kyle Freeland,0.0,https://sba-cards-2024.s3.us-east-1.amazonaws.com/2024-cards/kyle-freeland.png,,547,FA,SP,,,,,,,,,,,-2,,"Freeland,K",freelky01,3p60,,,,,,,,,,,,,,,,,,,,,,,,
13092,Kyle Gibson,0.29,https://sba-cards-2024.s3.us-east-1.amazonaws.com/2024-cards/kyle-gibson.png,,547,FA,SP,,,,,,,,,,,-2,,"Gibson,K",gibsoky01,1p70,,,,,,,,,,,,,,,,,,,,,,,,
13093,Kyle Harrison,0.22,https://sba-cards-2024.s3.us-east-1.amazonaws.com/2024-cards/kyle-harrison.png,,547,FA,SP,,,,,,,,,,,-2,,"Harrison,K",harriky01,2p65,,,,,,,,,,,,,,,,,,,,,,,,
13094,Kyle Hendricks,0.0,https://sba-cards-2024.s3.us-east-1.amazonaws.com/2024-cards/kyle-hendricks.png,,547,FA,SP,RP,,,,,,,,,,-2,,"Hendricks,K",hendrky01,1p65,,,,,,,,,,,,,,,,,,,,,,,,
13095,Kyle Higashioka,1.54,https://sba-cards-2024.s3.us-east-1.amazonaws.com/2024-cards/kyle-higashioka.png,,547,FA,C,,,,,,,,,,,-2,,"Higashioka,K",higasky01,2p40,,,,,,,,,,,,,,,,,,,,,,,,
13096,Kyle Isbel,1.23,https://sba-cards-2024.s3.us-east-1.amazonaws.com/2024-cards/kyle-isbel.png,,547,FA,CF,,,,,,,,,,,-2,,"Isbel,K",isbelky01,1p60,,,,,,,,,,,,,,,,,,,,,,,,
13097,Kyle Leahy,0.3,https://sba-cards-2024.s3.us-east-1.amazonaws.com/2024-cards/kyle-leahy.png,,590,CYP,RP,CP,,,,,,,,,,-2,,"Leahy,K",leahyky01,1p30,,,,,,,,,,,,,,,,,,,,,,,,
13098,Kyle Manzardo,0.0,https://sba-cards-2024.s3.us-east-1.amazonaws.com/2024-cards/kyle-manzardo.png,,547,FA,1B,,,,,,,,,,,-2,,"Manzardo,K",manzaky01,1p30,,,,,,,,,,,,,,,,,,,,,,,,
13099,Kyle McCann,0.37,https://sba-cards-2024.s3.us-east-1.amazonaws.com/2024-cards/kyle-mccann.png,,554,THE,C,,,,,,,,,,,-2,,"McCann,K",mccanky01,2p30,,,,,,,,,,,,,,,,,,,,,,,,
13100,Kyle Muller,0.58,https://sba-cards-2024.s3.us-east-1.amazonaws.com/2024-cards/kyle-muller.png,,563,GME,RP,,,,,,,,,,,-2,,"Muller,K",mulleky01,3p30,,,,,,,,,,,,,,,,,,,,,,,,
13101,Kyle Nicolas,0.18,https://sba-cards-2024.s3.us-east-1.amazonaws.com/2024-cards/kyle-nicolas.png,,547,FA,RP,,,,,,,,,,,-2,,"Nicolas,K",nicolky01,1p50,,,,,,,,,,,,,,,,,,,,,,,,
13102,Kyle Schwarber,1.47,https://sba-cards-2024.s3.us-east-1.amazonaws.com/2024-cards/kyle-schwarber.png,,566,MKE,LF,,,,,,,,,,,-2,,"Schwarber,K",schwaky01,1p70,,,,,,,,,,,,,,,,,,,,,,,,
13103,Kyle Stowers,0.0,https://sba-cards-2024.s3.us-east-1.amazonaws.com/2024-cards/kyle-stowers.png,,578,CAN,LF,CF,RF,,,,,,,,,-2,,"Stowers,K",stoweky01,1p40,,,,,,,,,,,,,,,,,,,,,,,,
13104,Kyle Tucker,4.02,https://sba-cards-2024.s3.us-east-1.amazonaws.com/2024-cards/kyle-tucker.png,,552,DENIL,RF,,,,,,,,,,w06g4,-2,https://i.postimg.cc/p9xyBYLg/ss-of3.png,"Tucker,K",tuckeky01,5p40,,,,,,,,,,,,,,,,,,,,,,,,
13105,Kyle Tyler,0.41,https://sba-cards-2024.s3.us-east-1.amazonaws.com/2024-cards/kyle-tyler.png,,547,FA,SP,RP,,,,,,,,,,-2,,"Tyler,K",tylerky01,1p20,,,,,,,,,,,,,,,,,,,,,,,,
13106,LaMonte Wade Jr,1.52,https://sba-cards-2024.s3.us-east-1.amazonaws.com/2024-cards/lamonte-wade-jr.png,,578,CAN,1B,RF,LF,,,,,,,,,-2,,"Wade Jr,L",wadela01,3p60,,,,,,,,,,,,,,,,,,,,,,,,
13107,Lance Lynn,0.11,https://sba-cards-2024.s3.us-east-1.amazonaws.com/2024-cards/lance-lynn.png,,547,FA,SP,,,,,,,,,,,-2,,"Lynn,L",lynnla01,2p60,,,,,,,,,,,,,,,,,,,,,,,,
13108,Landen Roupp,0.89,https://sba-cards-2024.s3.us-east-1.amazonaws.com/2024-cards/landen-roupp.png,,566,MKE,SP,RP,,,,,,,,,,-2,,"Roupp,L",rouppla01,1p30,,,,,,,,,,,,,,,,,,,,,,,,
13109,Landon Knack,0.98,https://sba-cards-2024.s3.us-east-1.amazonaws.com/2024-cards/landon-knack.png,,584,NSH,SP,RP,CP,,,,,,,,,-2,,"Knack,L",knackla01,1p40,,,,,,,,,,,,,,,,,,,,,,,,
13110,Lane Thomas,0.16,https://sba-cards-2024.s3.us-east-1.amazonaws.com/2024-cards/lane-thomas.png,,557,MYT,RF,CF,,,,,,,,,,-2,,"Thomas,L",thomala02,3p60,,,,,,,,,,,,,,,,,,,,,,,,
13111,Lars Nootbaar,1.07,https://sba-cards-2024.s3.us-east-1.amazonaws.com/2024-cards/lars-nootbaar.png,,568,MKEMiL,RF,LF,CF,,,,,,,,,-2,,"Nootbaar,L",nootbla01,4p50,,,,,,,,,,,,,,,,,,,,,,,,
13112,Lawrence Butler,1.93,https://sba-cards-2024.s3.us-east-1.amazonaws.com/2024-cards/lawrence-butler.png,,563,GME,RF,CF,,,,,,,,,,-2,,"Butler,L",butlela01,1p60,,,,,,,,,,,,,,,,,,,,,,,,
13113,Lenyn Sosa,0.0,https://sba-cards-2024.s3.us-east-1.amazonaws.com/2024-cards/lenyn-sosa.png,,547,FA,3B,2B,1B,,,,,,,,,-2,,"Sosa,L",sosale01,1p50,,,,,,,,,,,,,,,,,,,,,,,,
13114,Leo Jimenez,0.74,https://sba-cards-2024.s3.us-east-1.amazonaws.com/2024-cards/leo-jimenez.png,,578,CAN,SS,2B,,,,,,,,,,-2,,"Jimenez,L",jimenle01,1p30,,,,,,,,,,,,,,,,,,,,,,,,
13115,Leo Rivas,0.61,https://sba-cards-2024.s3.us-east-1.amazonaws.com/2024-cards/leo-rivas.png,,572,BSG,SS,2B,3B,,,,,,,,,-2,,"Rivas,L",rivasle01,1p20,,,,,,,,,,,,,,,,,,,,,,,,
13116,Leody Taveras,0.27,https://sba-cards-2024.s3.us-east-1.amazonaws.com/2024-cards/leody-taveras.png,,553,DENMiL,CF,,,,,,,,,,,-2,,"Taveras,L",taverle01,1p70,,,,,,,,,,,,,,,,,,,,,,,,
13117,Logan Allen,0.0,https://sba-cards-2024.s3.us-east-1.amazonaws.com/2024-cards/logan-allen.png,,547,FA,RP,CP,,,,,,,,,,-2,,"Allen,L",allenlo01,1p20,,,,,,,,,,,,,,,,,,,,,,,,
13118,Logan Gilbert,1.21,https://sba-cards-2024.s3.us-east-1.amazonaws.com/2024-cards/logan-gilbert.png,,563,GME,SP,,,,,,,,,,,-2,,"Gilbert,L",gilbelo01,0p72,,,,,,,,,,,,,,,,,,,,,,,,
13119,Logan OHoppe,0.9,https://sba-cards-2024.s3.us-east-1.amazonaws.com/2024-cards/logan-ohoppe.png,,554,THE,C,,,,,,,,,,,-2,,"OHoppe,L",ohopplo01,1p60,,,,,,,,,,,,,,,,,,,,,,,,
13120,Logan T Allen,0.0,https://sba-cards-2024.s3.us-east-1.amazonaws.com/2024-cards/logan-t-allen.png,,547,FA,SP,,,,,,,,,,,-2,,"T Allen,L",allenlo02,1p50,,,,,,,,,,,,,,,,,,,,,,,,
13121,Logan Webb,1.63,https://sba-cards-2024.s3.us-east-1.amazonaws.com/2024-cards/logan-webb.png,,590,CYP,SP,,,,,,,,,,,-2,,"Webb,L",webblo01,0p72,,,,,,,,,,,,,,,,,,,,,,,,
13122,Louie Varland,0.0,https://sba-cards-2024.s3.us-east-1.amazonaws.com/2024-cards/louie-varland.png,,547,FA,SP,RP,,,,,,,,,,-2,,"Varland,L",varlalo01,1p30,,,,,,,,,,,,,,,,,,,,,,,,
13123,Lourdes Gurriel Jr,1.05,https://sba-cards-2024.s3.us-east-1.amazonaws.com/2024-cards/lourdes-gurriel-jr.png,,547,FA,LF,1B,,,,,,,,,,-2,,"Gurriel,L",gurrilo01,1p60,,,,,,,,,,,,,,,,,,,,,,,,
13124,Lucas Erceg,0.93,https://sba-cards-2024.s3.us-east-1.amazonaws.com/2024-cards/lucas-erceg.png,,587,CHC,RP,CP,,,,,,,,,,-2,,"Erceg,L",erceglu01,1p50,,,,,,,,,,,,,,,,,,,,,,,,
13125,Lucas Sims,0.29,https://sba-cards-2024.s3.us-east-1.amazonaws.com/2024-cards/lucas-sims.png,,547,FA,RP,CP,,,,,,,,,,-2,,"Sims,L",simslu01,2p40,,,,,,,,,,,,,,,,,,,,,,,,
13126,Luis Arraez,0.43,https://sba-cards-2024.s3.us-east-1.amazonaws.com/2024-cards/luis-arraez.png,,557,MYT,1B,2B,,,,,,,,,,-2,,"Arraez,L",arraelu01,1p70,,,,,,,,,,,,,,,,,,,,,,,,
13127,Luis Campusano,0.0,https://sba-cards-2024.s3.us-east-1.amazonaws.com/2024-cards/luis-campusano.png,,547,FA,C,1B,,,,,,,,,,-2,,"Campusano,L",campulu01,2p40,,,,,,,,,,,,,,,,,,,,,,,,
13128,Luis Castillo,0.92,https://sba-cards-2024.s3.us-east-1.amazonaws.com/2024-cards/luis-castillo.png,,557,MYT,SP,,,,,,,,,,,-2,,"Castillo,L",castilu02,1p70,,,,,,,,,,,,,,,,,,,,,,,,
13129,Luis Garcia,0.0,https://sba-cards-2024.s3.us-east-1.amazonaws.com/2024-cards/luis-v-garcia.png,,547,FA,RP,CP,,,,,,,,,,-2,,"Garcia,L",garcilu03,2p50,,,,,,,,,,,,,,,,,,,,,,,,
13130,Luis Gil,1.53,https://sba-cards-2024.s3.us-east-1.amazonaws.com/2024-cards/luis-gil.png,,590,CYP,SP,,,,,,,,,,,-2,,"Gil,L",gillu01,1p70,,,,,,,,,,,,,,,,,,,,,,,,
13131,Luis Guillorme,0.47,https://sba-cards-2024.s3.us-east-1.amazonaws.com/2024-cards/luis-guillorme.png,,566,MKE,2B,3B,SS,,,,,,,,,-2,,"Guillorme,L",guilllu01,1p40,,,,,,,,,,,,,,,,,,,,,,,,
13132,Luis Matos,0.0,https://sba-cards-2024.s3.us-east-1.amazonaws.com/2024-cards/luis-matos.png,,547,FA,CF,RF,LF,,,,,,,,,-2,,"Matos,L",matoslu02,1p20,,,,,,,,,,,,,,,,,,,,,,,,
13133,Luis Medina,0.34,https://sba-cards-2024.s3.us-east-1.amazonaws.com/2024-cards/luis-medina.png,,547,FA,SP,,,,,,,,,,,-2,,"Medina,L",medinlu02,6p20,,,,,,,,,,,,,,,,,,,,,,,,
13134,Luis Ortiz,1.99,https://sba-cards-2024.s3.us-east-1.amazonaws.com/2024-cards/luis-ortiz.png,,587,CHC,SP,RP,CP,,,,,,,,,-2,,"Ortiz,L",ortizlu02,1p60,,,,,,,,,,,,,,,,,,,,,,,,
13135,Luis Rengifo,1.81,https://sba-cards-2024.s3.us-east-1.amazonaws.com/2024-cards/luis-rengifo.png,,557,MYT,3B,2B,SS,RF,,,,,,,,-2,,"Rengifo,L",rengilu01,1p40,,,,,,,,,,,,,,,,,,,,,,,,
13136,Luis Robert,0.96,https://sba-cards-2024.s3.us-east-1.amazonaws.com/2024-cards/luis-robert.png,,547,FA,CF,,,,,,,,,,,-2,,"Robert,L",roberlu01,4p50,,,,,,,,,,,,,,,,,,,,,,,,
13137,Luis Severino,0.79,https://sba-cards-2024.s3.us-east-1.amazonaws.com/2024-cards/luis-severino.png,,581,MDW,SP,,,,,,,,,,,-2,,"Severino,L",severlu01,1p70,,,,,,,,,,,,,,,,,,,,,,,,
13138,Luis Torrens,1.56,https://sba-cards-2024.s3.us-east-1.amazonaws.com/2024-cards/luis-torrens.png,,581,MDW,C,,,,,,,,,,,-2,,"Torrens,L",torrelu01,2p30,,,,,,,,,,,,,,,,,,,,,,,,
13139,Luis Urias,0.64,https://sba-cards-2024.s3.us-east-1.amazonaws.com/2024-cards/luis-urias.png,,547,FA,3B,,,,,,,,,,,-2,,"Urias,L",uriaslu01,1p20,,,,,,,,,,,,,,,,,,,,,,,,
13140,Luis V Garcia,1.21,https://sba-cards-2024.s3.us-east-1.amazonaws.com/2024-cards/luis-garcia.png,,581,MDW,2B,,,,,,,,,,,-2,,"Garcia,LV",garcilu04,1p65,,,,,,,,,,,,,,,,,,,,,,,,
13141,Luke Jackson,0.0,https://sba-cards-2024.s3.us-east-1.amazonaws.com/2024-cards/luke-jackson.png,,547,FA,RP,,,,,,,,,,,-2,,"Jackson,L",jackslu01,2p50,,,,,,,,,,,,,,,,,,,,,,,,
13142,Luke Little,0.55,https://sba-cards-2024.s3.us-east-1.amazonaws.com/2024-cards/luke-little.png,,590,CYP,RP,,,,,,,,,,,-2,,"Little,L",littllu01,5p30,,,,,,,,,,,,,,,,,,,,,,,,
13143,Luke Maile,0.0,https://sba-cards-2024.s3.us-east-1.amazonaws.com/2024-cards/luke-maile.png,,575,WAI,C,,,,,,,,,,,-2,,"Maile,L",mailelu01,3p30,,,,,,,,,,,,,,,,,,,,,,,,
13144,Luke Raley,2.04,https://sba-cards-2024.s3.us-east-1.amazonaws.com/2024-cards/luke-raley.png,,551,DEN,LF,1B,RF,CF,,,,,,,,-2,,"Raley,L",raleylu01,1p65,,,,,,,,,,,,,,,,,,,,,,,,
13145,Luke Weaver,1.63,https://sba-cards-2024.s3.us-east-1.amazonaws.com/2024-cards/luke-weaver.png,,593,CLS,RP,CP,,,,,,,,,,-2,https://i.postimg.cc/gjbRvB0y/Weaver.png,"Weaver,L",weavelu01,1p50,,,,,,,,,,,,,,,,,,,,,,,,
13146,MacKenzie Gore,0.22,https://sba-cards-2024.s3.us-east-1.amazonaws.com/2024-cards/mackenzie-gore.png,,547,FA,SP,,,,,,,,,,,-2,,"Gore,M",gorema01,0p72,,,,,,,,,,,,,,,,,,,,,,,,
13147,Maikel Garcia,0.56,https://sba-cards-2024.s3.us-east-1.amazonaws.com/2024-cards/maikel-garcia.png,,569,POR,3B,2B,SS,RF,,,,,,,,-2,,"Garcia,M",garcima01,1p70,,,,,,,,,,,,,,,,,,,,,,,,
13148,Manny Machado,1.4,https://sba-cards-2024.s3.us-east-1.amazonaws.com/2024-cards/manny-machado.png,,560,DAL,3B,,,,,,,,,,,-2,,"Machado,M",machama01,1p70,,,,,,,,,,,,,,,,,,,,,,,,
13149,Manuel Margot,0.0,https://sba-cards-2024.s3.us-east-1.amazonaws.com/2024-cards/manuel-margot.png,,547,FA,LF,RF,CF,,,,,,,,,-2,,"Margot,M",margoma01,1p60,,,,,,,,,,,,,,,,,,,,,,,,
13150,Manuel Rodriguez,1.4,https://sba-cards-2024.s3.us-east-1.amazonaws.com/2024-cards/manuel-rodriguez.png,,557,MYT,RP,CP,,,,,,,,,,-2,,"Rodriguez,M",rodrima01,1p30,,,,,,,,,,,,,,,,,,,,,,,,
13151,Marcell Ozuna,1.81,https://sba-cards-2024.s3.us-east-1.amazonaws.com/2024-cards/marcell-ozuna.png,,551,DEN,DH,,,,,,,,,,,-2,,"Ozuna,M",ozunama01,0p72,,,,,,,,,,,,,,,,,,,,,,,,
13152,Marco Gonzales,0.67,https://sba-cards-2024.s3.us-east-1.amazonaws.com/2024-cards/marco-gonzales.png,,547,FA,SP,,,,,,,,,,,-2,,"Gonzales,M",gonzama02,6p20,,,,,,,,,,,,,,,,,,,,,,,,
13153,Marco Luciano,0.0,https://sba-cards-2024.s3.us-east-1.amazonaws.com/2024-cards/marco-luciano.png,,547,FA,SS,2B,,,,,,,,,,-2,,"Luciano,M",luciama01,1p20,,,,,,,,,,,,,,,,,,,,,,,,
13154,Marcus Semien,1.66,https://sba-cards-2024.s3.us-east-1.amazonaws.com/2024-cards/marcus-semien.png,,566,MKE,2B,,,,,,,,,,,-2,,"Semien,M",semiema01,1p70,,,,,,,,,,,,,,,,,,,,,,,,
13155,Marcus Stroman,0.2,https://sba-cards-2024.s3.us-east-1.amazonaws.com/2024-cards/marcus-stroman.png,,547,FA,SP,RP,CP,,,,,,,,,-2,,"Stroman,M",stromma01,1p70,,,,,,,,,,,,,,,,,,,,,,,,
13156,Mark Canha,0.38,https://sba-cards-2024.s3.us-east-1.amazonaws.com/2024-cards/mark-canha.png,,547,FA,1B,LF,RF,3B,,,,,,,,-2,,"Canha,M",canhama01,1p60,,,,,,,,,,,,,,,,,,,,,,,,
13157,Mark Leiter,0.0,https://sba-cards-2024.s3.us-east-1.amazonaws.com/2024-cards/mark-leiter.png,,547,FA,RP,,,,,,,,,,,-2,,"Leiter,M",leitema02,1p50,,,,,,,,,,,,,,,,,,,,,,,,
13158,Mark Vientos,1.98,https://sba-cards-2024.s3.us-east-1.amazonaws.com/2024-cards/mark-vientos.png,,548,WV,3B,1B,,,,,,,,,,-2,,"Vientos,M",vientma01,1p50,,,,,,,,,,,,,,,,,,,,,,,,
13159,Martin Maldonado,0.0,https://sba-cards-2024.s3.us-east-1.amazonaws.com/2024-cards/martin-maldonado.png,,547,FA,C,,,,,,,,,,,-2,,"Maldonado,M",maldoma01,2p30,,,,,,,,,,,,,,,,,,,,,,,,
13160,Martin Perez,0.3,https://sba-cards-2024.s3.us-east-1.amazonaws.com/2024-cards/martin-perez.png,,547,FA,SP,,,,,,,,,,,-2,,"Perez,Martin",perezma02,1p70,,,,,,,,,,,,,,,,,,,,,,,,
13161,Masataka Yoshida,0.96,https://sba-cards-2024.s3.us-east-1.amazonaws.com/2024-cards/masataka-yoshida.png,,547,FA,LF,,,,,,,,,,,-2,,"Yoshida,M",yoshima02,3p50,,,,,,,,,,,,,,,,,,,,,,,,
13162,Mason Black,0.0,https://sba-cards-2024.s3.us-east-1.amazonaws.com/2024-cards/mason-black.png,,547,FA,SP,RP,,,,,,,,,,-2,,"Black,M",blackma01,1p20,,,,,,,,,,,,,,,,,,,,,,,,
13163,Mason Englert,0.0,https://sba-cards-2024.s3.us-east-1.amazonaws.com/2024-cards/mason-englert.png,,547,FA,RP,,,,,,,,,,,-2,,"Englert,M",englema01,1p20,,,,,,,,,,,,,,,,,,,,,,,,
13164,Mason Miller,1.77,https://sba-cards-2024.s3.us-east-1.amazonaws.com/2024-cards/mason-miller.png,,578,CAN,RP,CP,,,,,,,,,,-2,,"Miller,M",millema03,2p60,,,,,,,,,,,,,,,,,,,,,,,,
13165,Masyn Winn,2.23,https://sba-cards-2024.s3.us-east-1.amazonaws.com/2024-cards/masyn-winn.png,,587,CHC,SS,,,,,,,,,,,-2,,"Winn,M",winnma01,1p70,,,,,,,,,,,,,,,,,,,,,,,,
13166,Matt Bowman,0.7,https://sba-cards-2024.s3.us-east-1.amazonaws.com/2024-cards/matt-bowman.png,,589,CHCMiL,RP,,,,,,,,,,,-2,,"Bowman,M",bowmama01,1p20,,,,,,,,,,,,,,,,,,,,,,,,
13167,Matt Boyd,1.32,https://sba-cards-2024.s3.us-east-1.amazonaws.com/2024-cards/matt-boyd.png,,588,CHCIL,SP,,,,,,,,,,w07g2,-2,,"Boyd,M",boydma01,4p20,,,,,,,,,,,,,,,,,,,,,,,,
13168,Matt Carpenter,0.0,https://sba-cards-2024.s3.us-east-1.amazonaws.com/2024-cards/matt-carpenter.png,,547,FA,1B,2B,3B,,,,,,,,,-2,,"Carpenter,M",carpema01,4p30,,,,,,,,,,,,,,,,,,,,,,,,
13169,Matt Chapman,3.18,https://sba-cards-2024.s3.us-east-1.amazonaws.com/2024-cards/matt-chapman.png,,554,THE,3B,,,,,,,,,,,-2,,"Chapman,M",chapmma01,1p70,,,,,,,,,,,,,,,,,,,,,,,,
13170,Matt Festa,0.0,https://sba-cards-2024.s3.us-east-1.amazonaws.com/2024-cards/matt-festa.png,,547,FA,RP,,,,,,,,,,,-2,,"Festa,M",festama01,1p20,,,,,,,,,,,,,,,,,,,,,,,,
13171,Matt Moore,0.0,https://sba-cards-2024.s3.us-east-1.amazonaws.com/2024-cards/matt-moore.png,,547,FA,RP,CP,,,,,,,,,,-2,,"Moore,M",moorema02,3p40,,,,,,,,,,,,,,,,,,,,,,,,
13172,Matt Olson,1.61,https://sba-cards-2024.s3.us-east-1.amazonaws.com/2024-cards/matt-olson.png,,560,DAL,1B,,,,,,,,,,,-2,,"Olson,M",olsonma02,0p72,,,,,,,,,,,,,,,,,,,,,,,,
13173,Matt Strahm,1.91,https://sba-cards-2024.s3.us-east-1.amazonaws.com/2024-cards/matt-strahm.png,,584,NSH,RP,CP,,,,,,,,,,-2,,"Strahm,M",strahma01,1p50,,,,,,,,,,,,,,,,,,,,,,,,
13174,Matt Thaiss,0.56,https://sba-cards-2024.s3.us-east-1.amazonaws.com/2024-cards/matt-thaiss.png,,551,DEN,C,,,,,,,,,,,-2,,"Thaiss,M",thaisma01,2p30,,,,,,,,,,,,,,,,,,,,,,,,
13175,Matt Vierling,1.53,https://sba-cards-2024.s3.us-east-1.amazonaws.com/2024-cards/matt-vierling.png,,583,MDWMiL,CF,3B,RF,LF,1B,,,,,,,-2,,"Vierling,M",vierlma01,1p65,,,,,,,,,,,,,,,,,,,,,,,,
13176,Matt Waldron,0.29,https://sba-cards-2024.s3.us-east-1.amazonaws.com/2024-cards/matt-waldron.png,,590,CYP,SP,,,,,,,,,,,-2,,"Waldron,M",waldrma01,1p65,,,,,,,,,,,,,,,,,,,,,,,,
13177,Matt Wallner,2.44,https://sba-cards-2024.s3.us-east-1.amazonaws.com/2024-cards/matt-wallner.png,,572,BSG,RF,LF,,,,,,,,,,-2,,"Wallner,M",wallnma01,1p40,,,,,,,,,,,,,,,,,,,,,,,,
13178,Matthew Liberatore,0.25,https://sba-cards-2024.s3.us-east-1.amazonaws.com/2024-cards/matthew-liberatore.png,,547,FA,SP,RP,,,,,,,,,,-2,,"Liberatore,M",liberma01,1p50,,,,,,,,,,,,,,,,,,,,,,,,
13179,Mauricio Dubon,0.75,https://sba-cards-2024.s3.us-east-1.amazonaws.com/2024-cards/mauricio-dubon.png,,563,GME,LF,CF,2B,1B,RF,3B,SS,,,,,-2,,"Dubon,M",dubonma01,1p65,,,,,,,,,,,,,,,,,,,,,,,,
13180,Max Fried,1.81,https://sba-cards-2024.s3.us-east-1.amazonaws.com/2024-cards/max-fried.png,,560,DAL,SP,,,,,,,,,,,-2,,"Fried,M",friedma01,1p70,,,,,,,,,,,,,,,,,,,,,,,,
13181,Max Kepler,0.73,https://sba-cards-2024.s3.us-east-1.amazonaws.com/2024-cards/max-kepler.png,,547,FA,RF,,,,,,,,,,,-2,,"Kepler,M",keplema01,4p50,,,,,,,,,,,,,,,,,,,,,,,,
13182,Max Meyer,0.0,https://sba-cards-2024.s3.us-east-1.amazonaws.com/2024-cards/max-meyer.png,,547,FA,SP,,,,,,,,,,,-2,,"Meyer,M",meyerma01,2p30,,,,,,,,,,,,,,,,,,,,,,,,
13183,Max Muncy,2.97,https://sba-cards-2024.s3.us-east-1.amazonaws.com/2024-cards/max-muncy.png,,556,THEMiL,3B,,,,,,,,,,,-2,,"Muncy,M",muncyma01,5p40,,,,,,,,,,,,,,,,,,,,,,,,
13184,Max Scherzer,0.4,https://sba-cards-2024.s3.us-east-1.amazonaws.com/2024-cards/max-scherzer.png,,547,FA,SP,,,,,,,,,,,-2,,"Scherzer,M",scherma01,6p30,,,,,,,,,,,,,,,,,,,,,,,,
13185,Max Schuemann,0.31,https://sba-cards-2024.s3.us-east-1.amazonaws.com/2024-cards/max-schuemann.png,,547,FA,SS,3B,2B,LF,CF,,,,,,,-2,,"Schuemann,M",schuema01,1p60,,,,,,,,,,,,,,,,,,,,,,,,
13186,Merrill Kelly,0.61,https://sba-cards-2024.s3.us-east-1.amazonaws.com/2024-cards/merrill-kelly.png,,547,FA,SP,,,,,,,,,,,-2,,"Kelly,Me",kellyme01,5p40,,,,,,,,,,,,,,,,,,,,,,,,
13187,Michael A Taylor,0.52,https://sba-cards-2024.s3.us-east-1.amazonaws.com/2024-cards/michael-a-taylor.png,,547,FA,CF,LF,,,,,,,,,,-2,,"Taylor,M",taylomi02,1p50,,,,,,,,,,,,,,,,,,,,,,,,
13188,Michael Busch,1.43,https://sba-cards-2024.s3.us-east-1.amazonaws.com/2024-cards/michael-busch.png,,572,BSG,1B,2B,3B,,,,,,,,,-2,,"Busch,M",buschmi02,1p70,,,,,,,,,,,,,,,,,,,,,,,,
13189,Michael Conforto,0.77,https://sba-cards-2024.s3.us-east-1.amazonaws.com/2024-cards/michael-conforto.png,,547,FA,LF,,,,,,,,,,,-2,,"Conforto,M",confomi01,2p60,,,,,,,,,,,,,,,,,,,,,,,,
13190,Michael Grove,0.0,https://sba-cards-2024.s3.us-east-1.amazonaws.com/2024-cards/michael-grove.png,,551,DEN,SP,RP,,,,,,,,,w06g3,-2,,"Grove,M",grovemi01,4p40,,,,,,,,,,,,,,,,,,,,,,,,
13191,Michael Harris,1.97,https://sba-cards-2024.s3.us-east-1.amazonaws.com/2024-cards/michael-harris.png,,579,CANIL,CF,,,,,,,,,,w06g2,-2,,"Harris,M",harrimi04,3p50,,,,,,,,,,,,,,,,,,,,,,,,
13192,Michael Kelly,1.1,https://sba-cards-2024.s3.us-east-1.amazonaws.com/2024-cards/michael-kelly.png,,547,FA,RP,,,,,,,,,,,-2,,"Kelly,Mi",kellymi03,1p20,,,,,,,,,,,,,,,,,,,,,,,,
13193,Michael King,1.81,https://sba-cards-2024.s3.us-east-1.amazonaws.com/2024-cards/michael-king.png,,575,WAI,SP,,,,,,,,,,,-2,,"King,M",kingmi01,1p70,,,,,,,,,,,,,,,,,,,,,,,,
13194,Michael Kopech,0.92,https://sba-cards-2024.s3.us-east-1.amazonaws.com/2024-cards/michael-kopech.png,,587,CHC,RP,CP,,,,,,,,,,-2,,"Kopech,M",kopecmi01,1p60,,,,,,,,,,,,,,,,,,,,,,,,
13195,Michael Lorenzen,1.5,https://sba-cards-2024.s3.us-east-1.amazonaws.com/2024-cards/michael-lorenzen.png,,566,MKE,SP,RP,,,,,,,,,,-2,,"Lorenzen,M",lorenmi01,2p65,,,,,,,,,,,,,,,,,,,,,,,,
13196,Michael Massey,1.3,https://sba-cards-2024.s3.us-east-1.amazonaws.com/2024-cards/michael-massey.png,,580,CANMiL,2B,,,,,,,,,,,-2,,"Massey,M",massemi02,4p50,,,,,,,,,,,,,,,,,,,,,,,,
13197,Michael Petersen,0.0,https://sba-cards-2024.s3.us-east-1.amazonaws.com/2024-cards/michael-petersen.png,,547,FA,RP,,,,,,,,,,,-2,,"Petersen,M",petermi01,1p20,,,,,,,,,,,,,,,,,,,,,,,,
13198,Michael Siani,0.61,https://sba-cards-2024.s3.us-east-1.amazonaws.com/2024-cards/michael-siani.png,,560,DAL,CF,LF,RF,,,,,,,,,-2,,"Siani,M",sianimi01,2p60,,,,,,,,,,,,,,,,,,,,,,,,
13199,Michael Soroka,0.34,https://sba-cards-2024.s3.us-east-1.amazonaws.com/2024-cards/michael-soroka.png,,547,FA,SP,RP,,,,,,,,,,-2,,"Soroka,M",sorokmi01,4p40,,,,,,,,,,,,,,,,,,,,,,,,
13200,Michael Stefanic,0.0,https://sba-cards-2024.s3.us-east-1.amazonaws.com/2024-cards/michael-stefanic.png,,547,FA,2B,3B,,,,,,,,,,-2,,"Stefanic,M",stefami01,5p20,,,,,,,,,,,,,,,,,,,,,,,,
13201,Michael Toglia,0.83,https://sba-cards-2024.s3.us-east-1.amazonaws.com/2024-cards/michael-toglia.png,,547,FA,1B,RF,,,,,,,,,,-2,,"Toglia,M",toglimi01,1p60,,,,,,,,,,,,,,,,,,,,,,,,
13202,Michael Tonkin,0.0,https://sba-cards-2024.s3.us-east-1.amazonaws.com/2024-cards/michael-tonkin.png,,566,MKE,RP,CP,,,,,,,,,,-2,,"Tonkin,M",tonkimi01,1p50,,,,,,,,,,,,,,,,,,,,,,,,
13203,Michael Wacha,1.89,https://sba-cards-2024.s3.us-east-1.amazonaws.com/2024-cards/michael-wacha.png,,563,GME,SP,,,,,,,,,,,-2,,"Wacha,M",wachami01,1p70,,,,,,,,,,,,,,,,,,,,,,,,
13204,Michel Otanez,0.56,https://sba-cards-2024.s3.us-east-1.amazonaws.com/2024-cards/michel-otanez.png,,569,POR,RP,CP,,,,,,,,,,-2,,"Otanez,M",otanemi01,1p30,,,,,,,,,,,,,,,,,,,,,,,,
13205,Mickey Moniak,0.0,https://sba-cards-2024.s3.us-east-1.amazonaws.com/2024-cards/mickey-moniak.png,,548,WV,CF,RF,LF,,,,,,,,,-2,,"Moniak,M",moniami01,1p60,,,,,,,,,,,,,,,,,,,,,,,,
13206,Miguel Amaya,1.52,https://sba-cards-2024.s3.us-east-1.amazonaws.com/2024-cards/miguel-amaya.png,,547,FA,C,,,,,,,,,,,-2,,"Amaya,M",amayami01,2p60,,,,,,,,,,,,,,,,,,,,,,,,
13207,Miguel Andujar,0.36,https://sba-cards-2024.s3.us-east-1.amazonaws.com/2024-cards/miguel-andujar.png,,572,BSG,LF,,,,,,,,,,,-2,,"Andujar,M",andujmi01,4p40,,,,,,,,,,,,,,,,,,,,,,,,
13208,Miguel Rojas,2.93,https://sba-cards-2024.s3.us-east-1.amazonaws.com/2024-cards/miguel-rojas.png,,590,CYP,SS,2B,3B,1B,,,,,,,,-2,,"Rojas,M",rojasmi02,1p50,,,,,,,,,,,,,,,,,,,,,,,,
13209,Miguel Sano,0.0,https://sba-cards-2024.s3.us-east-1.amazonaws.com/2024-cards/miguel-sano.png,,547,FA,3B,1B,,,,,,,,,,-2,,"Sano,M",sanomi01,4p20,,,,,,,,,,,,,,,,,,,,,,,,
13210,Miguel Vargas,0.0,https://sba-cards-2024.s3.us-east-1.amazonaws.com/2024-cards/miguel-vargas.png,,547,FA,3B,LF,,,,,,,,,,-2,,"Vargas,M",vargami01,1p40,,,,,,,,,,,,,,,,,,,,,,,,
13211,Mike Baumann,0.0,https://sba-cards-2024.s3.us-east-1.amazonaws.com/2024-cards/mike-baumann.png,,547,FA,RP,,,,,,,,,,,-2,,"Baumann,M",baumami01,1p50,,,,,,,,,,,,,,,,,,,,,,,,
13212,Mike Ford,0.0,https://sba-cards-2024.s3.us-east-1.amazonaws.com/2024-cards/mike-ford.png,,547,FA,1B,,,,,,,,,,,-2,,"Ford,M",fordmi01,1p20,,,,,,,,,,,,,,,,,,,,,,,,
13213,Mike Tauchman,0.5,https://sba-cards-2024.s3.us-east-1.amazonaws.com/2024-cards/mike-tauchman.png,,561,DALIL,RF,LF,CF,,,,,,,,w06g2,-2,,"Tauchman,M",tauchmi01,3p50,,,,,,,,,,,,,,,,,,,,,,,,
13214,Mike Trout,2.53,https://sba-cards-2024.s3.us-east-1.amazonaws.com/2024-cards/mike-trout.png,,581,MDW,CF,,,,,,,,,,,-2,,"Trout,M",troutmi01,5p20,,,,,,,,,,,,,,,,,,,,,,,,
13215,Mike Yastrzemski,1.28,https://sba-cards-2024.s3.us-east-1.amazonaws.com/2024-cards/mike-yastrzemski.png,,554,THE,RF,CF,,,,,,,,,,-2,,"Yastrzemski,M",yastrmi01,1p65,,,,,,,,,,,,,,,,,,,,,,,,
13216,Miles Mastrobuoni,0.0,https://sba-cards-2024.s3.us-east-1.amazonaws.com/2024-cards/miles-mastrobuoni.png,,547,FA,3B,2B,SS,LF,RF,,,,,,,-2,,"Mastrobuoni,M",mastrmi01,1p30,,,,,,,,,,,,,,,,,,,,,,,,
13217,Miles Mikolas,0.0,https://sba-cards-2024.s3.us-east-1.amazonaws.com/2024-cards/miles-mikolas.png,,547,FA,SP,,,,,,,,,,,-2,,"Mikolas,M",mikolmi01,0p72,,,,,,,,,,,,,,,,,,,,,,,,
13218,Mitch Garver,0.0,https://sba-cards-2024.s3.us-east-1.amazonaws.com/2024-cards/mitch-garver.png,,566,MKE,C,,,,,,,,,,,-2,,"Garver,M",garvemi01,2p60,,,,,,,,,,,,,,,,,,,,,,,,
13219,Mitch Haniger,0.0,https://sba-cards-2024.s3.us-east-1.amazonaws.com/2024-cards/mitch-haniger.png,,547,FA,RF,,,,,,,,,,,-2,,"Haniger,M",hanigmi01,1p60,,,,,,,,,,,,,,,,,,,,,,,,
13220,Mitch Keller,0.61,https://sba-cards-2024.s3.us-east-1.amazonaws.com/2024-cards/mitch-keller.png,,547,FA,SP,,,,,,,,,,,-2,,"Keller,M",kellemi03,1p70,,,,,,,,,,,,,,,,,,,,,,,,
13221,Mitch Spence,0.47,https://sba-cards-2024.s3.us-east-1.amazonaws.com/2024-cards/mitch-spence.png,,547,FA,SP,RP,,,,,,,,,,-2,,"Spence,M",spencmi01,1p70,,,,,,,,,,,,,,,,,,,,,,,,
13222,Mitch White,0.0,https://sba-cards-2024.s3.us-east-1.amazonaws.com/2024-cards/mitch-white.png,,547,FA,RP,,,,,,,,,,,-2,,"White,M",whitemi03,1p20,,,,,,,,,,,,,,,,,,,,,,,,
13223,Mitchell Parker,0.3,https://sba-cards-2024.s3.us-east-1.amazonaws.com/2024-cards/mitchell-parker.png,,547,FA,SP,,,,,,,,,,,-2,,"Parker,M",parkemi01,1p70,,,,,,,,,,,,,,,,,,,,,,,,
13224,MJ Melendez,0.0,https://sba-cards-2024.s3.us-east-1.amazonaws.com/2024-cards/mj-melendez.png,,547,FA,LF,RF,1B,,,,,,,,,-2,,"Melendez,M",melenmj01,1p60,,,,,,,,,,,,,,,,,,,,,,,,
13225,Mookie Betts,2.7,https://sba-cards-2024.s3.us-east-1.amazonaws.com/2024-cards/mookie-betts.png,,590,CYP,SS,RF,2B,,,,,,,,w06g1,-2,,"Betts,M",bettsmo01,3p60,,,,,,,,,,,,,,,,,,,,,,,,
13226,Nasim Nunez,1.56,https://sba-cards-2024.s3.us-east-1.amazonaws.com/2024-cards/nasim-nunez.png,,547,FA,SS,2B,,,,,,,,,,-2,,"Nunez,N",nunezna01,1p30,,,,,,,,,,,,,,,,,,,,,,,,
13227,Nate Pearson,0.0,https://sba-cards-2024.s3.us-east-1.amazonaws.com/2024-cards/nate-pearson.png,,547,FA,RP,CP,,,,,,,,,,-2,,"Pearson,N",pearsna01,1p60,,,,,,,,,,,,,,,,,,,,,,,,
13228,Nathan Eovaldi,1.21,https://sba-cards-2024.s3.us-east-1.amazonaws.com/2024-cards/nathan-eovaldi.png,,554,THE,SP,,,,,,,,,,w06g1,-2,,"Eovaldi,N",eovalna01,1p70,,,,,,,,,,,,,,,,,,,,,,,,
13229,Nathan Lukes,3.82,https://sba-cards-2024.s3.us-east-1.amazonaws.com/2024-cards/nathan-lukes.png,,578,CAN,LF,RF,CF,,,,,,,,,-2,,"Lukes,N",lukesna01,1p20,,,,,,,,,,,,,,,,,,,,,,,,
13230,Nathaniel Lowe,1.39,https://sba-cards-2024.s3.us-east-1.amazonaws.com/2024-cards/nathaniel-lowe.png,,552,DENIL,1B,,,,,,,,,,w06g3,-2,,"Lowe,N",lowena01,2p65,,,,,,,,,,,,,,,,,,,,,,,,
13231,Nelson Velazquez,0.0,https://sba-cards-2024.s3.us-east-1.amazonaws.com/2024-cards/nelson-velazquez.png,,547,FA,RF,LF,,,,,,,,,,-2,,"Velazquez,N",velazne01,1p30,,,,,,,,,,,,,,,,,,,,,,,,
13232,Nestor Cortes Jr,0.67,https://sba-cards-2024.s3.us-east-1.amazonaws.com/2024-cards/nestor-cortes-jr.png,,547,FA,SP,,,,,,,,,,,-2,,"Cortes,N",cortene01,1p70,,,,,,,,,,,,,,,,,,,,,,,,
13233,Nicholas Castellanos,0.35,https://sba-cards-2024.s3.us-east-1.amazonaws.com/2024-cards/nicholas-castellanos.png,,593,CLS,RF,,,,,,,,,,,-2,https://i.postimg.cc/BnBhtHm3/Castellanos-FC.png,"Castellanos,N",casteni01,0p72,,,,,,,,,,,,,,,,,,,,,,,,
13234,Nick Ahmed,0.0,https://sba-cards-2024.s3.us-east-1.amazonaws.com/2024-cards/nick-ahmed.png,,547,FA,SS,2B,,,,,,,,,,-2,,"Ahmed,N",ahmedni01,3p40,,,,,,,,,,,,,,,,,,,,,,,,
13235,Nick Allen,0.33,https://sba-cards-2024.s3.us-east-1.amazonaws.com/2024-cards/nick-allen.png,,574,BSGMiL,SS,3B,2B,,,,,,,,,-2,,"Allen,N",allenni02,1p20,,,,,,,,,,,,,,,,,,,,,,,,
13236,Nick Anderson,0.24,https://sba-cards-2024.s3.us-east-1.amazonaws.com/2024-cards/nick-anderson.png,,547,FA,RP,CP,,,,,,,,,,-2,,"Anderson,N",anderni01,1p30,,,,,,,,,,,,,,,,,,,,,,,,
13237,Nick Fortes,0.0,https://sba-cards-2024.s3.us-east-1.amazonaws.com/2024-cards/nick-fortes.png,,547,FA,C,,,,,,,,,,,-2,,"Fortes,N",forteni01,2p50,,,,,,,,,,,,,,,,,,,,,,,,
13238,Nick Gonzales,0.67,https://sba-cards-2024.s3.us-east-1.amazonaws.com/2024-cards/nick-gonzales.png,,569,POR,2B,SS,3B,,,,,,,,,-2,,"Gonzales,N",gonzani01,2p50,,,,,,,,,,,,,,,,,,,,,,,,
13239,Nick Gordon,0.0,https://sba-cards-2024.s3.us-east-1.amazonaws.com/2024-cards/nick-gordon.png,,547,FA,LF,CF,2B,,,,,,,,,-2,,"Gordon,N",gordoni01,1p50,,,,,,,,,,,,,,,,,,,,,,,,
13240,Nick Lodolo,0.94,https://sba-cards-2024.s3.us-east-1.amazonaws.com/2024-cards/nick-lodolo.png,,557,MYT,SP,,,,,,,,,,,-2,,"Lodolo,N",lodolni01,3p50,,,,,,,,,,,,,,,,,,,,,,,,
13241,Nick Loftin,0.2,https://sba-cards-2024.s3.us-east-1.amazonaws.com/2024-cards/nick-loftin.png,,547,FA,2B,3B,1B,LF,,,,,,,,-2,,"Loftin,N",loftini01,1p30,,,,,,,,,,,,,,,,,,,,,,,,
13242,Nick Madrigal,0.0,https://sba-cards-2024.s3.us-east-1.amazonaws.com/2024-cards/nick-madrigal.png,,547,FA,3B,2B,,,,,,,,,,-2,,"Madrigal,N",madrini01,3p30,,,,,,,,,,,,,,,,,,,,,,,,
13243,Nick Martinez,2.11,https://sba-cards-2024.s3.us-east-1.amazonaws.com/2024-cards/nick-martinez.png,,581,MDW,SP,RP,,,,,,,,,,-2,,"Martinez,N",martini01,1p70,,,,,,,,,,,,,,,,,,,,,,,,
13244,Nick Martini,0.0,https://sba-cards-2024.s3.us-east-1.amazonaws.com/2024-cards/nick-martini.png,,547,FA,LF,RF,,,,,,,,,,-2,,"Martini,N",martini02,5p30,,,,,,,,,,,,,,,,,,,,,,,,
13245,Nick Mears,0.0,https://sba-cards-2024.s3.us-east-1.amazonaws.com/2024-cards/nick-mears.png,,547,FA,RP,,,,,,,,,,,-2,,"Mears,N",mearsni01,3p50,,,,,,,,,,,,,,,,,,,,,,,,
13246,Nick Nastrini,0.0,https://sba-cards-2024.s3.us-east-1.amazonaws.com/2024-cards/nick-nastrini.png,,547,FA,SP,RP,,,,,,,,,,-2,,"Nastrini,N",nastrni01,1p20,,,,,,,,,,,,,,,,,,,,,,,,
13247,Nick Pivetta,0.93,https://sba-cards-2024.s3.us-east-1.amazonaws.com/2024-cards/nick-pivetta.png,,587,CHC,SP,RP,,,,,,,,,,-2,,"Pivetta,N",pivetni01,1p70,,,,,,,,,,,,,,,,,,,,,,,,
13248,Nick Sandlin,0.0,https://sba-cards-2024.s3.us-east-1.amazonaws.com/2024-cards/nick-sandlin.png,,547,FA,RP,CP,,,,,,,,,,-2,,"Sandlin,N",sandlni01,1p50,,,,,,,,,,,,,,,,,,,,,,,,
13249,Nick Senzel,0.0,https://sba-cards-2024.s3.us-east-1.amazonaws.com/2024-cards/nick-senzel.png,,547,FA,3B,RF,,,,,,,,,,-2,,"Senzel,N",senzeni01,2p40,,,,,,,,,,,,,,,,,,,,,,,,
13250,Nick Sogard,0.61,https://sba-cards-2024.s3.us-east-1.amazonaws.com/2024-cards/nick-sogard.png,,547,FA,2B,3B,SS,,,,,,,,,-2,,"Sogard,N",sogarni01,1p20,,,,,,,,,,,,,,,,,,,,,,,,
13251,Nicky Lopez,0.13,https://sba-cards-2024.s3.us-east-1.amazonaws.com/2024-cards/nicky-lopez.png,,576,WAIIL,SS,2B,,,,,,,,,w06g2,-2,,"Lopez,N",lopezni01,1p60,,,,,,,,,,,,,,,,,,,,,,,,
13252,Nico Hoerner,1.67,https://sba-cards-2024.s3.us-east-1.amazonaws.com/2024-cards/nico-hoerner.png,,572,BSG,2B,SS,,,,,,,,,,-2,,"Hoerner,N",hoernni01,1p70,,,,,,,,,,,,,,,,,,,,,,,,
13253,Niko Kavadas,0.0,https://sba-cards-2024.s3.us-east-1.amazonaws.com/2024-cards/niko-kavadas.png,,547,FA,1B,,,,,,,,,,,-2,,"Kavadas,N",kavadni01,1p20,,,,,,,,,,,,,,,,,,,,,,,,
13254,Noah Davis,0.0,https://sba-cards-2024.s3.us-east-1.amazonaws.com/2024-cards/noah-davis.png,,547,FA,RP,,,,,,,,,,,-2,,"Davis,N",davisno01,1p20,,,,,,,,,,,,,,,,,,,,,,,,
13255,Noelvi Marte,0.0,https://sba-cards-2024.s3.us-east-1.amazonaws.com/2024-cards/noelvi-marte.png,,547,FA,3B,2B,,,,,,,,,,-2,,"Marte,N",marteno01,1p30,,,,,,,,,,,,,,,,,,,,,,,,
13256,Nolan Arenado,1.14,https://sba-cards-2024.s3.us-east-1.amazonaws.com/2024-cards/nolan-arenado.png,,551,DEN,3B,,,,,,,,,,,-2,https://i.postimg.cc/sM5vS0sJ/gg-3b.png,"Arenado,N",arenano01,1p70,,,,,,,,,,,,,,,,,,,,,,,,
13257,Nolan Gorman,0.22,https://sba-cards-2024.s3.us-east-1.amazonaws.com/2024-cards/nolan-gorman.png,,547,FA,2B,3B,,,,,,,,,,-2,,"Gorman,N",gormano01,1p50,,,,,,,,,,,,,,,,,,,,,,,,
13258,Nolan Jones,0.0,https://sba-cards-2024.s3.us-east-1.amazonaws.com/2024-cards/nolan-jones.png,,547,FA,LF,,,,,,,,,,,-2,,"Jones,N",jonesno01,5p40,,,,,,,,,,,,,,,,,,,,,,,,
13259,Nolan Schanuel,0.62,https://sba-cards-2024.s3.us-east-1.amazonaws.com/2024-cards/nolan-schanuel.png,,547,FA,1B,,,,,,,,,,,-2,,"Schanuel,N",schanno01,1p65,,,,,,,,,,,,,,,,,,,,,,,,
13260,Oliver Dunn,0.34,https://sba-cards-2024.s3.us-east-1.amazonaws.com/2024-cards/oliver-dunn.png,,547,FA,3B,1B,2B,,,,,,,,,-2,,"Dunn,O",dunnol01,6p20,,,,,,,,,,,,,,,,,,,,,,,,
13261,Omar Narvaez,0.0,https://sba-cards-2024.s3.us-east-1.amazonaws.com/2024-cards/omar-narvaez.png,,547,FA,C,,,,,,,,,,,-2,,"Narvaez,O",narvaom01,2p20,,,,,,,,,,,,,,,,,,,,,,,,
13262,Oneil Cruz,1.21,https://sba-cards-2024.s3.us-east-1.amazonaws.com/2024-cards/oneil-cruz.png,,547,FA,SS,CF,,,,,,,,,,-2,,"Cruz,O",cruzon01,1p65,,,,,,,,,,,,,,,,,,,,,,,,
13263,Orion Kerkering,1.22,https://sba-cards-2024.s3.us-east-1.amazonaws.com/2024-cards/orion-kerkering.png,,572,BSG,SP,RP,,,,,,,,,,-2,,"Kerkering,O",kerkeor01,1p50,,,,,,,,,,,,,,,,,,,,,,,,
13264,Orlando Arcia,0.14,https://sba-cards-2024.s3.us-east-1.amazonaws.com/2024-cards/orlando-arcia.png,,547,FA,SS,,,,,,,,,,,-2,,"Arcia,O",arciaor01,1p70,,,,,,,,,,,,,,,,,,,,,,,,
13265,Osvaldo Bido,2.01,https://sba-cards-2024.s3.us-east-1.amazonaws.com/2024-cards/osvaldo-bido.png,,578,CAN,SP,RP,,,,,,,,,,-2,,"Bido,O",bidoos01,2p40,,,,,,,,,,,,,,,,,,,,,,,,
13266,Oswaldo Cabrera,1.16,https://sba-cards-2024.s3.us-east-1.amazonaws.com/2024-cards/oswaldo-cabrera.png,,547,FA,3B,2B,1B,SS,RF,LF,,,,,,-2,,"Cabrera,O",cabreos01,1p50,,,,,,,,,,,,,,,,,,,,,,,,
13267,Otto Lopez,1.74,https://sba-cards-2024.s3.us-east-1.amazonaws.com/2024-cards/otto-lopez.png,,557,MYT,2B,SS,3B,LF,CF,,,,,,,-2,,"Lopez,O",lopezot01,2p60,,,,,,,,,,,,,,,,,,,,,,,,
13268,Ozzie Albies,1.07,https://sba-cards-2024.s3.us-east-1.amazonaws.com/2024-cards/ozzie-albies.png,,547,FA,2B,,,,,,,,,,,-2,,"Albies,O",albieoz01,4p50,,,,,,,,,,,,,,,,,,,,,,,,
13269,Pablo Lopez,1.21,https://sba-cards-2024.s3.us-east-1.amazonaws.com/2024-cards/pablo-lopez.png,,581,MDW,SP,,,,,,,,,,,-2,,"Lopez,P",lopezpa01,0p72,,,,,,,,,,,,,,,,,,,,,,,,
13270,Pablo Reyes,0.0,https://sba-cards-2024.s3.us-east-1.amazonaws.com/2024-cards/pablo-reyes.png,,547,FA,3B,2B,1B,SS,,,,,,,,-2,,"Reyes,P",reyespa01,1p20,,,,,,,,,,,,,,,,,,,,,,,,
13271,Parker Meadows,2.14,https://sba-cards-2024.s3.us-east-1.amazonaws.com/2024-cards/parker-meadows.png,,571,PORMiL,CF,,,,,,,,,,,-2,,"Meadows,P",meadopa01,2p40,,,,,,,,,,,,,,,,,,,,,,,,
13272,Patrick Bailey,1.17,https://sba-cards-2024.s3.us-east-1.amazonaws.com/2024-cards/patrick-bailey.png,,547,FA,C,,,,,,,,,,,-2,,"Bailey,P",bailepa01,3p60,,,,,,,,,,,,,,,,,,,,,,,,
13273,Patrick Corbin,0.0,https://sba-cards-2024.s3.us-east-1.amazonaws.com/2024-cards/patrick-corbin.png,,547,FA,SP,,,,,,,,,,,-2,,"Corbin,P",corbipa01,0p72,,,,,,,,,,,,,,,,,,,,,,,,
13274,Patrick Sandoval,0.0,https://sba-cards-2024.s3.us-east-1.amazonaws.com/2024-cards/patrick-sandoval.png,,547,FA,SP,,,,,,,,,,,-2,,"Sandoval,P",sandopa02,5p40,,,,,,,,,,,,,,,,,,,,,,,,
13275,Patrick Wisdom,0.0,https://sba-cards-2024.s3.us-east-1.amazonaws.com/2024-cards/patrick-wisdom.png,,547,FA,1B,3B,LF,RF,2B,,,,,,,-2,,"Wisdom,P",wisdopa01,2p40,,,,,,,,,,,,,,,,,,,,,,,,
13276,Paul Blackburn,0.29,https://sba-cards-2024.s3.us-east-1.amazonaws.com/2024-cards/paul-blackburn.png,,547,FA,SP,,,,,,,,,,,-2,,"Blackburn,P",blackpa01,5p40,,,,,,,,,,,,,,,,,,,,,,,,
13277,Paul DeJong,0.54,https://sba-cards-2024.s3.us-east-1.amazonaws.com/2024-cards/paul-dejong.png,,547,FA,SS,3B,,,,,,,,,,-2,,"Dejong,P",dejonpa01,1p65,,,,,,,,,,,,,,,,,,,,,,,,
13278,Paul Goldschmidt,0.58,https://sba-cards-2024.s3.us-east-1.amazonaws.com/2024-cards/paul-goldschmidt.png,,557,MYT,1B,,,,,,,,,,,-2,,"Goldschmidt,P",goldspa01,1p70,,,,,,,,,,,,,,,,,,,,,,,,
13279,Paul Sewald,0.14,https://sba-cards-2024.s3.us-east-1.amazonaws.com/2024-cards/paul-sewald.png,,547,FA,RP,CP,,,,,,,,,,-2,,"Sewald,P",sewalpa01,5p40,,,,,,,,,,,,,,,,,,,,,,,,
13280,Paul Skenes,3.99,https://sba-cards-2024.s3.us-east-1.amazonaws.com/2024-cards/paul-skenes.png,,572,BSG,SP,,,,,,,,,,,-2,,"Skenes,P",skenepa01,1p60,,,,,,,,,,,,,,,,,,,,,,,,
13281,Pavin Smith,1.1,https://sba-cards-2024.s3.us-east-1.amazonaws.com/2024-cards/pavin-smith.png,,575,WAI,LF,RF,1B,,,,,,,,,-2,,"Smith,P",smithpa04,1p30,,,,,,,,,,,,,,,,,,,,,,,,
13282,Pedro Avila,0.21,https://sba-cards-2024.s3.us-east-1.amazonaws.com/2024-cards/pedro-avila.png,,578,CAN,RP,CP,,,,,,,,,,-2,,"Avila,P",avilape01,1p50,,,,,,,,,,,,,,,,,,,,,,,,
13283,Pedro Pages,0.64,https://sba-cards-2024.s3.us-east-1.amazonaws.com/2024-cards/pedro-pages.png,,547,FA,C,1B,,,,,,,,,,-2,,"Pages,P",pagespe02,2p30,,,,,,,,,,,,,,,,,,,,,,,,
13284,Pete Alonso,1.08,https://sba-cards-2024.s3.us-east-1.amazonaws.com/2024-cards/pete-alonso.png,,593,CLS,1B,,,,,,,,,,,-2,https://i.postimg.cc/hPpzjGVm/Alonso-FC.png,"Alonso,P",alonspe01,0p72,,,,,,,,,,,,,,,,,,,,,,,,
13285,Pete Crow Armstrong,1.63,https://sba-cards-2024.s3.us-east-1.amazonaws.com/2024-cards/pete-crow-armstrong.png,,578,CAN,CF,,,,,,,,,,,-2,,"Crow Armstrong,P",crowape01,1p60,,,,,,,,,,,,,,,,,,,,,,,,
13286,Pete Fairbanks,0.85,https://sba-cards-2024.s3.us-east-1.amazonaws.com/2024-cards/pete-fairbanks.png,,560,DAL,RP,CP,,,,,,,,,w05g2,-2,,"Fairbanks,P",fairbpe01,5p40,,,,,,,,,,,,,,,,,,,,,,,,
13287,Peter Lambert,0.0,https://sba-cards-2024.s3.us-east-1.amazonaws.com/2024-cards/peter-lambert.png,,547,FA,SP,RP,,,,,,,,,,-2,,"Lambert,P",lambepe01,1p40,,,,,,,,,,,,,,,,,,,,,,,,
13288,Phil Maton,0.68,https://sba-cards-2024.s3.us-east-1.amazonaws.com/2024-cards/phil-maton.png,,584,NSH,RP,CP,,,,,,,,,,-2,,"Maton,P",matonph01,0p72,,,,,,,,,,,,,,,,,,,,,,,,
13289,Pierce Johnson,0.6,https://sba-cards-2024.s3.us-east-1.amazonaws.com/2024-cards/pierce-johnson.png,,547,FA,RP,CP,,,,,,,,,,-2,,"Johnson,P",johnspi01,2p50,,,,,,,,,,,,,,,,,,,,,,,,
13290,Porter Hodge,1.45,https://sba-cards-2024.s3.us-east-1.amazonaws.com/2024-cards/porter-hodge.png,,548,WV,RP,CP,,,,,,,,,,-2,,"Hodge,P",hodgepo01,1p40,,,,,,,,,,,,,,,,,,,,,,,,
13291,Quinn Priester,0.0,https://sba-cards-2024.s3.us-east-1.amazonaws.com/2024-cards/quinn-priester.png,,547,FA,SP,RP,,,,,,,,,,-2,,"Priester,Q",priesqu01,3p30,,,,,,,,,,,,,,,,,,,,,,,,
13292,Rafael Devers,1.79,https://sba-cards-2024.s3.us-east-1.amazonaws.com/2024-cards/rafael-devers.png,,563,GME,3B,,,,,,,,,,,-2,,"Devers,R",deverra01,1p65,,,,,,,,,,,,,,,,,,,,,,,,
13293,Rafael Montero,0.0,https://sba-cards-2024.s3.us-east-1.amazonaws.com/2024-cards/rafael-montero.png,,547,FA,RP,,,,,,,,,,,-2,,"Montero,R",montera01,1p30,,,,,,,,,,,,,,,,,,,,,,,,
13294,Raisel Iglesias,2.01,https://sba-cards-2024.s3.us-east-1.amazonaws.com/2024-cards/raisel-iglesias.png,,566,MKE,RP,CP,,,,,,,,,,-2,,"Iglesias,R",iglesra01,1p60,,,,,,,,,,,,,,,,,,,,,,,,
13295,Ramon Laureano,1.22,https://sba-cards-2024.s3.us-east-1.amazonaws.com/2024-cards/ramon-laureano.png,,554,THE,RF,LF,CF,,,,,,,,,-2,,"Laureano,R",laurera01,1p50,,,,,,,,,,,,,,,,,,,,,,,,
13296,Ramon Urias,1.45,https://sba-cards-2024.s3.us-east-1.amazonaws.com/2024-cards/ramon-urias.png,,578,CAN,3B,1B,2B,,,,,,,,,-2,,"Urias,R",uriasra01,2p50,,,,,,,,,,,,,,,,,,,,,,,,
13297,Randal Grichuk,2.29,https://sba-cards-2024.s3.us-east-1.amazonaws.com/2024-cards/randal-grichuk.png,,563,GME,RF,LF,,,,,,,,,,-2,,"Grichuk,R",grichra01,1p50,,,,,,,,,,,,,,,,,,,,,,,,
13298,Randy Arozarena,0.76,https://sba-cards-2024.s3.us-east-1.amazonaws.com/2024-cards/randy-arozarena.png,,593,CLS,LF,CF,,,,,,,,,,-2,https://i.postimg.cc/sgr6Vw9c/Arozarena-FC.png,"Arozarena,R",arozara01,1p70,,,,,,,,,,,,,,,,,,,,,,,,
13299,Randy Rodriguez,0.0,https://sba-cards-2024.s3.us-east-1.amazonaws.com/2024-cards/randy-rodriguez.png,,551,DEN,RP,,,,,,,,,,,-2,,"Rodriguez,R",rodrira02,5p30,,,,,,,,,,,,,,,,,,,,,,,,
13300,Randy Vasquez,0.23,https://sba-cards-2024.s3.us-east-1.amazonaws.com/2024-cards/randy-vasquez.png,,547,FA,SP,,,,,,,,,,,-2,,"Vasquez,R",vasqura02,1p50,,,,,,,,,,,,,,,,,,,,,,,,
13301,Ranger Suarez,0.77,https://sba-cards-2024.s3.us-east-1.amazonaws.com/2024-cards/ranger-suarez.png,,551,DEN,SP,,,,,,,,,,,-2,,"Suarez,R",suarera01,1p70,,,,,,,,,,,,,,,,,,,,,,,,
13302,Reed Garrett,0.1,https://sba-cards-2024.s3.us-east-1.amazonaws.com/2024-cards/reed-garrett.png,,547,FA,RP,CP,,,,,,,,,,-2,,"Garrett,R",garrere01,3p50,,,,,,,,,,,,,,,,,,,,,,,,
13303,Reese McGuire,0.11,https://sba-cards-2024.s3.us-east-1.amazonaws.com/2024-cards/reese-mcguire.png,,587,CHC,C,,,,,,,,,,,-2,,"McGuire,R",mcguire01,2p30,,,,,,,,,,,,,,,,,,,,,,,,
13304,Reese Olson,0.8,https://sba-cards-2024.s3.us-east-1.amazonaws.com/2024-cards/reese-olson.png,,552,DENIL,SP,,,,,,,,,,w06g2,-2,,"Olson,R",olsonre01,2p60,,,,,,,,,,,,,,,,,,,,,,,,
13305,Reid Detmers,0.0,https://sba-cards-2024.s3.us-east-1.amazonaws.com/2024-cards/reid-detmers.png,,547,FA,SP,,,,,,,,,,,-2,,"Detmers,R",detmere01,1p50,,,,,,,,,,,,,,,,,,,,,,,,
13306,Reynaldo Lopez,3.38,https://sba-cards-2024.s3.us-east-1.amazonaws.com/2024-cards/reynaldo-lopez.png,,556,THEMiL,SP,,,,,,,,,,,-2,,"Lopez,R",lopezre01,1p60,,,,,,,,,,,,,,,,,,,,,,,,
13307,Rhett Lowder,4.65,https://sba-cards-2024.s3.us-east-1.amazonaws.com/2024-cards/rhett-lowder.png,,569,POR,SP,,,,,,,,,,,-2,,"Lowder,R",lowderh01,1p20,,,,,,,,,,,,,,,,,,,,,,,,
13308,Rhys Hoskins,0.0,https://sba-cards-2024.s3.us-east-1.amazonaws.com/2024-cards/rhys-hoskins.png,,566,MKE,1B,,,,,,,,,,,-2,,"Hoskins,R",hoskirh01,2p60,,,,,,,,,,,,,,,,,,,,,,,,
13309,Richard Lovelady,0.17,https://sba-cards-2024.s3.us-east-1.amazonaws.com/2024-cards/richard-lovelady.png,,547,FA,RP,CP,,,,,,,,,,-2,,"Lovelady,R",lovelri01,5p30,,,,,,,,,,,,,,,,,,,,,,,,
13310,Richie Palacios,0.99,https://sba-cards-2024.s3.us-east-1.amazonaws.com/2024-cards/richie-palacios.png,,547,FA,LF,2B,RF,3B,SS,,,,,,,-2,,"Palacios,R",palacri01,4p50,,,,,,,,,,,,,,,,,,,,,,,,
13311,Riley Adams,0.27,https://sba-cards-2024.s3.us-east-1.amazonaws.com/2024-cards/riley-adams.png,,547,FA,C,,,,,,,,,,,-2,,"Adams,R",adamsri03,2p20,,,,,,,,,,,,,,,,,,,,,,,,
13312,Riley Greene,2.68,https://sba-cards-2024.s3.us-east-1.amazonaws.com/2024-cards/riley-greene.png,,572,BSG,LF,CF,RF,,,,,,,,,-2,,"Greene,R",greenri03,1p65,,,,,,,,,,,,,,,,,,,,,,,,
13313,Roansy Contreras,0.32,https://sba-cards-2024.s3.us-east-1.amazonaws.com/2024-cards/roansy-contreras.png,,547,FA,SP,RP,CP,,,,,,,,,-2,,"Contreras,R",contrro01,1p40,,,,,,,,,,,,,,,,,,,,,,,,
13314,Rob Refsnyder,0.76,https://sba-cards-2024.s3.us-east-1.amazonaws.com/2024-cards/rob-refsnyder.png,,570,PORIL,LF,RF,,,,,,,,,w07g2,-2,,"Refsnyder,R",refsnro01,3p50,,,,,,,,,,,,,,,,,,,,,,,,
13315,Robbie Grossman,0.0,https://sba-cards-2024.s3.us-east-1.amazonaws.com/2024-cards/robbie-grossman.png,,547,FA,RF,LF,,,,,,,,,,-2,,"Grossman,R",grossro01,1p40,,,,,,,,,,,,,,,,,,,,,,,,
13316,Robbie Ray,0.0,https://sba-cards-2024.s3.us-east-1.amazonaws.com/2024-cards/robbie-ray.png,,547,FA,SP,,,,,,,,,,,-2,,"Ray,R",rayro02,6p20,,,,,,,,,,,,,,,,,,,,,,,,
13317,Robert Garcia,0.0,https://sba-cards-2024.s3.us-east-1.amazonaws.com/2024-cards/robert-garcia.png,,584,NSH,RP,,,,,,,,,,,-2,,"Garcia,R",garciro04,0p72,,,,,,,,,,,,,,,,,,,,,,,,
13318,Robert Suarez,1.55,https://sba-cards-2024.s3.us-east-1.amazonaws.com/2024-cards/robert-suarez.png,,578,CAN,RP,CP,,,,,,,,,,-2,,"Suarez,Ro",suarero01,1p60,,,,,,,,,,,,,,,,,,,,,,,,
13319,Roddery Munoz,0.0,https://sba-cards-2024.s3.us-east-1.amazonaws.com/2024-cards/roddery-munoz.png,,547,FA,SP,,,,,,,,,,,-2,,"Munoz,R",munozro01,1p50,,,,,,,,,,,,,,,,,,,,,,,,
13320,Romy Gonzalez,0.73,https://sba-cards-2024.s3.us-east-1.amazonaws.com/2024-cards/romy-gonzalez.png,,581,MDW,2B,1B,3B,SS,CF,RF,LF,,,,,-2,,"Gonzalez,R",gonzaro01,3p40,,,,,,,,,,,,,,,,,,,,,,,,
13321,Ron Marinaccio,0.37,https://sba-cards-2024.s3.us-east-1.amazonaws.com/2024-cards/ron-marinaccio.png,,547,FA,RP,,,,,,,,,,,-2,,"Marinaccio,R",marinro01,1p20,,,,,,,,,,,,,,,,,,,,,,,,
13322,Ronald Acuna Jr,0.0,https://sba-cards-2024.s3.us-east-1.amazonaws.com/2024-cards/ronald-acuna-jr.png,,550,WVMiL,RF,,,,,,,,,,,-2,,"Acuna,R",acunaro01,5p30,,,,,,,,,,,,,,,,,,,,,,,,
13323,Ronel Blanco,2.42,https://sba-cards-2024.s3.us-east-1.amazonaws.com/2024-cards/ronel-blanco.png,,575,WAI,SP,,,,,,,,,,,-2,,"Blanco,R",blancro01,1p70,,,,,,,,,,,,,,,,,,,,,,,,
13324,Ross Stripling,0.0,https://sba-cards-2024.s3.us-east-1.amazonaws.com/2024-cards/ross-stripling.png,,547,FA,SP,RP,,,,,,,,,,-2,,"Stripling,R",stripro01,4p50,,,,,,,,,,,,,,,,,,,,,,,,
13325,Rowdy Tellez,0.0,https://sba-cards-2024.s3.us-east-1.amazonaws.com/2024-cards/rowdy-tellez.png,,547,FA,1B,,,,,,,,,,,-2,,"Tellez,R",tellero01,1p60,,,,,,,,,,,,,,,,,,,,,,,,
13326,Royce Lewis,0.62,https://sba-cards-2024.s3.us-east-1.amazonaws.com/2024-cards/royce-lewis.png,,577,WAIMiL,3B,2B,,,,,,,,,,-2,,"Lewis,R",lewisro02,5p40,,,,,,,,,,,,,,,,,,,,,,,,
13327,Ryan Bliss,0.98,https://sba-cards-2024.s3.us-east-1.amazonaws.com/2024-cards/ryan-bliss.png,,547,FA,2B,,,,,,,,,,,-2,,"Bliss,R",blissry01,1p20,,,,,,,,,,,,,,,,,,,,,,,,
13328,Ryan Brasier,0.34,https://sba-cards-2024.s3.us-east-1.amazonaws.com/2024-cards/ryan-brasier.png,,551,DEN,SP,RP,,,,,,,,,,-2,,"Brasier,R",brasiry01,5p30,,,,,,,,,,,,,,,,,,,,,,,,
13329,Ryan Burr,0.0,https://sba-cards-2024.s3.us-east-1.amazonaws.com/2024-cards/ryan-burr.png,,575,WAI,SP,RP,,,,,,,,,,-2,,"Burr,R",burrry01,1p30,,,,,,,,,,,,,,,,,,,,,,,,
13330,Ryan Feltner,0.51,https://sba-cards-2024.s3.us-east-1.amazonaws.com/2024-cards/ryan-feltner.png,,547,FA,SP,,,,,,,,,,,-2,,"Feltner,R",feltnry01,1p70,,,,,,,,,,,,,,,,,,,,,,,,
13331,Ryan Fernandez,0.72,https://sba-cards-2024.s3.us-east-1.amazonaws.com/2024-cards/ryan-fernandez.png,,548,WV,RP,CP,,,,,,,,,,-2,,"Fernandez,R",fernary01,1p60,,,,,,,,,,,,,,,,,,,,,,,,
13332,Ryan Helsley,2.17,https://sba-cards-2024.s3.us-east-1.amazonaws.com/2024-cards/ryan-helsley.png,,575,WAI,RP,CP,,,,,,,,,,-2,,"Helsley,R",helslry01,1p60,,,,,,,,,,,,,,,,,,,,,,,,
13333,Ryan Jeffers,1.31,https://sba-cards-2024.s3.us-east-1.amazonaws.com/2024-cards/ryan-jeffers.png,,547,FA,C,,,,,,,,,,,-2,,"Jeffers,R",jeffery01,2p60,,,,,,,,,,,,,,,,,,,,,,,,
13334,Ryan Kreidler,0.0,https://sba-cards-2024.s3.us-east-1.amazonaws.com/2024-cards/ryan-kreidler.png,,547,FA,SS,3B,LF,CF,,,,,,,,-2,,"Kreidler,R",kreidry01,1p20,,,,,,,,,,,,,,,,,,,,,,,,
13335,Ryan McMahon,1.12,https://sba-cards-2024.s3.us-east-1.amazonaws.com/2024-cards/ryan-mcmahon.png,,547,FA,3B,,,,,,,,,,,-2,,"McMahon,R",mcmahry01,1p70,,,,,,,,,,,,,,,,,,,,,,,,
13336,Ryan Mountcastle,1.49,https://sba-cards-2024.s3.us-east-1.amazonaws.com/2024-cards/ryan-mountcastle.png,,547,FA,1B,,,,,,,,,,,-2,,"Mountcastle,R",mountry01,2p60,,,,,,,,,,,,,,,,,,,,,,,,
13337,Ryan Noda,0.0,https://sba-cards-2024.s3.us-east-1.amazonaws.com/2024-cards/ryan-noda.png,,547,FA,1B,RF,,,,,,,,,,-2,,"Noda,R",nodary01,1p20,,,,,,,,,,,,,,,,,,,,,,,,
13338,Ryan OHearn,1.12,https://sba-cards-2024.s3.us-east-1.amazonaws.com/2024-cards/ryan-ohearn.png,,592,CYPMiL,1B,RF,LF,,,,,,,,,-2,,"OHearn,R",ohearry01,1p65,,,,,,,,,,,,,,,,,,,,,,,,
13339,Ryan Pepiot,1.21,https://sba-cards-2024.s3.us-east-1.amazonaws.com/2024-cards/ryan-pepiot.png,,575,WAI,SP,,,,,,,,,,,-2,,"Pepiot,R",pepiory01,1p65,,,,,,,,,,,,,,,,,,,,,,,,
13340,Ryan Pressly,0.2,https://sba-cards-2024.s3.us-east-1.amazonaws.com/2024-cards/ryan-pressly.png,,547,FA,RP,CP,,,,,,,,,,-2,,"Pressly,R",pressry01,2p50,,,,,,,,,,,,,,,,,,,,,,,,
13341,Ryan Thompson,0.72,https://sba-cards-2024.s3.us-east-1.amazonaws.com/2024-cards/ryan-thompson.png,,550,WVMiL,RP,CP,,,,,,,,,,-2,,"Thompson,R",thompry02,1p60,,,,,,,,,,,,,,,,,,,,,,,,
13342,Ryan Walker,1.68,https://sba-cards-2024.s3.us-east-1.amazonaws.com/2024-cards/ryan-walker.png,,593,CLS,RP,CP,,,,,,,,,,-2,https://i.postimg.cc/856MfVTD/Walker-FC.png,"Walker,R",walkery01,0p72,,,,,,,,,,,,,,,,,,,,,,,,
13343,Ryan Weathers,1.9,https://sba-cards-2024.s3.us-east-1.amazonaws.com/2024-cards/ryan-weathers.png,,547,FA,SP,,,,,,,,,,,-2,,"Weathers,R",weathry01,5p50,,,,,,,,,,,,,,,,,,,,,,,,
13344,Ryan Yarbrough,0.88,https://sba-cards-2024.s3.us-east-1.amazonaws.com/2024-cards/ryan-yarbrough.png,,566,MKE,RP,CP,,,,,,,,,,-2,,"Yarbrough,R",yarbrry01,1p60,,,,,,,,,,,,,,,,,,,,,,,,
13345,Ryder Ryan,0.0,https://sba-cards-2024.s3.us-east-1.amazonaws.com/2024-cards/ryder-ryan.png,,547,FA,RP,,,,,,,,,,,-2,,"Ryan,R",ryanry01,1p20,,,,,,,,,,,,,,,,,,,,,,,,
13346,Ryne Nelson,0.61,https://sba-cards-2024.s3.us-east-1.amazonaws.com/2024-cards/ryne-nelson.png,,547,FA,SP,RP,CP,,,,,,,,,-2,,"Nelson,R",nelsory01,2p65,,,,,,,,,,,,,,,,,,,,,,,,
13347,Ryne Stanek,0.0,https://sba-cards-2024.s3.us-east-1.amazonaws.com/2024-cards/ryne-stanek.png,,578,CAN,RP,CP,,,,,,,,,,-2,,"Stanek,R",stanery01,1p50,,,,,,,,,,,,,,,,,,,,,,,,
13348,Sal Frelick,1.16,https://sba-cards-2024.s3.us-east-1.amazonaws.com/2024-cards/sal-frelick.png,,572,BSG,RF,LF,CF,3B,,,,,,,,-2,,"Frelick,S",frelisa01,1p65,,,,,,,,,,,,,,,,,,,,,,,,
13349,Salvador Perez,1.11,https://sba-cards-2024.s3.us-east-1.amazonaws.com/2024-cards/salvador-perez.png,,590,CYP,C,1B,,,,,,,,,,-2,,"Perez,S",perezsa02,1p70,,,,,,,,,,,,,,,,,,,,,,,,
13350,Sam Hentges,0.49,https://sba-cards-2024.s3.us-east-1.amazonaws.com/2024-cards/sam-hentges.png,,553,DENMiL,RP,,,,,,,,,,,-2,,"Hentges,S",hentgsa01,5p20,,,,,,,,,,,,,,,,,,,,,,,,
13351,Sam Hilliard,0.92,https://sba-cards-2024.s3.us-east-1.amazonaws.com/2024-cards/sam-hilliard.png,,587,CHC,LF,CF,RF,,,,,,,,,-2,,"Hilliard,S",hillisa01,1p30,,,,,,,,,,,,,,,,,,,,,,,,
13352,Sam Long,0.79,https://sba-cards-2024.s3.us-east-1.amazonaws.com/2024-cards/sam-long.png,,574,BSGMiL,RP,CP,,,,,,,,,,-2,,"Long,S",longsa01,1p40,,,,,,,,,,,,,,,,,,,,,,,,
13353,Sam Moll,1.02,https://sba-cards-2024.s3.us-east-1.amazonaws.com/2024-cards/sam-moll.png,,584,NSH,RP,,,,,,,,,,,-2,,"Moll,S",mollsa01,4p30,,,,,,,,,,,,,,,,,,,,,,,,
13354,Santiago Espinal,0.0,https://sba-cards-2024.s3.us-east-1.amazonaws.com/2024-cards/santiago-espinal.png,,560,DAL,3B,2B,SS,LF,RF,,,,,,,-2,,"Espinal,S",espinsa01,1p60,,,,,,,,,,,,,,,,,,,,,,,,
13355,Scott Alexander,0.89,https://sba-cards-2024.s3.us-east-1.amazonaws.com/2024-cards/scott-alexander.png,,547,FA,RP,,,,,,,,,,,-2,,"Alexander,S",alexasc02,5p30,,,,,,,,,,,,,,,,,,,,,,,,
13356,Scott Barlow,0.17,https://sba-cards-2024.s3.us-east-1.amazonaws.com/2024-cards/scott-barlow.png,,554,THE,RP,CP,,,,,,,,,,-2,,"Barlow,S",barlosc01,1p50,,,,,,,,,,,,,,,,,,,,,,,,
13357,Scott Blewett,1.7,https://sba-cards-2024.s3.us-east-1.amazonaws.com/2024-cards/scott-blewett.png,,547,FA,RP,,,,,,,,,,,-2,,"Blewett,S",blewesc01,1p20,,,,,,,,,,,,,,,,,,,,,,,,
13358,Scott McGough,0.0,https://sba-cards-2024.s3.us-east-1.amazonaws.com/2024-cards/scott-mcgough.png,,547,FA,SP,RP,,,,,,,,,,-2,,"McGough,S",mcgousc01,1p30,,,,,,,,,,,,,,,,,,,,,,,,
13359,Sean Bouchard,0.0,https://sba-cards-2024.s3.us-east-1.amazonaws.com/2024-cards/sean-bouchard.png,,547,FA,RF,LF,,,,,,,,,,-2,,"Bouchard,S",bouchse01,1p20,,,,,,,,,,,,,,,,,,,,,,,,
13360,Sean Guenther,3.43,https://sba-cards-2024.s3.us-east-1.amazonaws.com/2024-cards/sean-guenther.png,,560,DAL,RP,,,,,,,,,,,-2,,"Guenther,S",guentse01,1p20,,,,,,,,,,,,,,,,,,,,,,,,
13361,Sean Hjelle,0.32,https://sba-cards-2024.s3.us-east-1.amazonaws.com/2024-cards/sean-hjelle.png,,547,FA,RP,,,,,,,,,,,-2,,"Hjelle,S",hjellse01,2p50,,,,,,,,,,,,,,,,,,,,,,,,
13362,Sean Manaea,1.49,https://sba-cards-2024.s3.us-east-1.amazonaws.com/2024-cards/sean-manaea.png,,587,CHC,SP,,,,,,,,,,,-2,,"Manaea,S",manaese01,0p72,,,,,,,,,,,,,,,,,,,,,,,,
13363,Sean Murphy,1.43,https://sba-cards-2024.s3.us-east-1.amazonaws.com/2024-cards/sean-murphy.png,,547,FA,C,,,,,,,,,,,-2,,"Murphy,S",murphse01,5p40,,,,,,,,,,,,,,,,,,,,,,,,
13364,Sean Reid-Foley,0.44,https://sba-cards-2024.s3.us-east-1.amazonaws.com/2024-cards/sean-reid-foley.png,,554,THE,RP,,,,,,,,,,,-2,,"Reid-Foley,S",reidfse01,5p20,,,,,,,,,,,,,,,,,,,,,,,,
13365,Seiya Suzuki,1.74,https://sba-cards-2024.s3.us-east-1.amazonaws.com/2024-cards/seiya-suzuki.png,,555,THEIL,RF,LF,,,,,,,,,w06g1,-2,,"Suzuki,S",suzukse01,1p60,,,,,,,,,,,,,,,,,,,,,,,,
13366,Seranthony Dominguez,0.08,https://sba-cards-2024.s3.us-east-1.amazonaws.com/2024-cards/seranthony-dominguez.png,,547,FA,RP,CP,,,,,,,,,,-2,,"Dominguez,S",dominse01,1p50,,,,,,,,,,,,,,,,,,,,,,,,
13367,Seth Brown,0.0,https://sba-cards-2024.s3.us-east-1.amazonaws.com/2024-cards/seth-brown.png,,547,FA,LF,1B,RF,,,,,,,,,-2,,"Brown,S",brownse01,1p60,,,,,,,,,,,,,,,,,,,,,,,,
13368,Seth Lugo,2.31,https://sba-cards-2024.s3.us-east-1.amazonaws.com/2024-cards/seth-lugo.png,,575,WAI,SP,,,,,,,,,,,-2,,"Lugo,S",lugose01,0p72,,,,,,,,,,,,,,,,,,,,,,,,
13369,Seth Martinez,0.33,https://sba-cards-2024.s3.us-east-1.amazonaws.com/2024-cards/seth-martinez.png,,547,FA,RP,CP,,,,,,,,,,-2,,"Martinez,S",martise01,1p30,,,,,,,,,,,,,,,,,,,,,,,,
13370,Shane Baz,1.99,https://sba-cards-2024.s3.us-east-1.amazonaws.com/2024-cards/shane-baz.png,,579,CANIL,SP,,,,,,,,,,w08g2,-2,,"Baz,S",bazsh01,4p40,,,,,,,,,,,,,,,,,,,,,,,,
13371,Shawn Armstrong,0.0,https://sba-cards-2024.s3.us-east-1.amazonaws.com/2024-cards/shawn-armstrong.png,,547,FA,SP,RP,CP,,,,,,,,,-2,,"Armstrong,S",armstsh01,1p60,,,,,,,,,,,,,,,,,,,,,,,,
13372,Shawn Dubin,0.0,https://sba-cards-2024.s3.us-east-1.amazonaws.com/2024-cards/shawn-dubin.png,,560,DAL,SP,RP,CP,,,,,,,,,-2,,"Dubin,S",dubinsh01,2p30,,,,,,,,,,,,,,,,,,,,,,,,
13373,Shea Langeliers,1.57,https://sba-cards-2024.s3.us-east-1.amazonaws.com/2024-cards/shea-langeliers.png,,575,WAI,C,,,,,,,,,,,-2,,"Langeliers,S",langesh01,1p65,,,,,,,,,,,,,,,,,,,,,,,,
13374,Shelby Miller,0.0,https://sba-cards-2024.s3.us-east-1.amazonaws.com/2024-cards/shelby-miller.png,,584,NSH,RP,CP,,,,,,,,,,-2,,"Miller,S",millesh01,2p50,,,,,,,,,,,,,,,,,,,,,,,,
13375,Shohei Ohtani,3.65,https://sba-cards-2024.s3.us-east-1.amazonaws.com/2024-cards/shohei-ohtani.png,,584,NSH,DH,,,,,,,,,,,-2,https://i.postimg.cc/66rsJTMn/ohtani-card2.gif,"Ohtani,S",ohtansh01,1p70,,,,,,,,,,,,,,,,,,,,,,,,
13376,Shota Imanaga,1.56,https://sba-cards-2024.s3.us-east-1.amazonaws.com/2024-cards/shota-imanaga.png,,590,CYP,SP,,,,,,,,,,,-2,,"Imanaga,S",imanash01,1p70,,,,,,,,,,,,,,,,,,,,,,,,
13377,Simeon Woods Richardson,1.12,https://sba-cards-2024.s3.us-east-1.amazonaws.com/2024-cards/simeon-woods-richardson.png,,593,CLS,SP,,,,,,,,,,,-2,https://i.postimg.cc/rFJWrj2d/Woods-Richardson-FC.png,"Woods Richardson,S",woodssi01,1p70,,,,,,,,,,,,,,,,,,,,,,,,
13378,Sixto Sanchez,0.0,https://sba-cards-2024.s3.us-east-1.amazonaws.com/2024-cards/sixto-sanchez.png,,547,FA,SP,RP,,,,,,,,,,-2,,"Sanchez,S",sanchsi01,6p20,,,,,,,,,,,,,,,,,,,,,,,,
13379,Slade Cecconi,0.0,https://sba-cards-2024.s3.us-east-1.amazonaws.com/2024-cards/slade-cecconi.png,,595,CLSMiL,SP,RP,,,,,,,,,,-2,,"Cecconi,S",ceccosl01,1p40,,,,,,,,,,,,,,,,,,,,,,,,
13380,Sonny Gray,0.97,https://sba-cards-2024.s3.us-east-1.amazonaws.com/2024-cards/sonny-gray.png,,551,DEN,SP,,,,,,,,,,,-2,,"Gray,S",grayso01,1p70,,,,,,,,,,,,,,,,,,,,,,,,
13381,Spencer Arrighetti,0.1,https://sba-cards-2024.s3.us-east-1.amazonaws.com/2024-cards/spencer-arrighetti.png,,547,FA,SP,,,,,,,,,,,-2,,"Arrighetti,S",arrigsp01,1p70,,,,,,,,,,,,,,,,,,,,,,,,
13382,Spencer Bivens,0.89,https://sba-cards-2024.s3.us-east-1.amazonaws.com/2024-cards/spencer-bivens.png,,547,FA,SP,RP,CP,,,,,,,,,-2,,"Bivens,S",bivensp01,1p30,,,,,,,,,,,,,,,,,,,,,,,,
13383,Spencer Horwitz,0.91,https://sba-cards-2024.s3.us-east-1.amazonaws.com/2024-cards/spencer-horwitz.png,,587,CHC,2B,1B,,,,,,,,,,-2,,"Horwitz,S",horwisp01,1p50,,,,,,,,,,,,,,,,,,,,,,,,
13384,Spencer Schwellenbach,1.96,https://sba-cards-2024.s3.us-east-1.amazonaws.com/2024-cards/spencer-schwellenbach.png,,554,THE,SP,,,,,,,,,,,-2,,"Schwellenbach,S",schwesp01,1p60,,,,,,,,,,,,,,,,,,,,,,,,
13385,Spencer Steer,0.66,https://sba-cards-2024.s3.us-east-1.amazonaws.com/2024-cards/spencer-steer.png,,568,MKEMiL,LF,1B,2B,RF,SS,,,,,,,-2,,"Steer,S",steersp01,1p70,,,,,,,,,,,,,,,,,,,,,,,,
13386,Spencer Torkelson,0.14,https://sba-cards-2024.s3.us-east-1.amazonaws.com/2024-cards/spencer-torkelson.png,,547,FA,1B,,,,,,,,,,,-2,,"Torkelson,S",torkesp01,1p50,,,,,,,,,,,,,,,,,,,,,,,,
13387,Spencer Turnbull,1.66,https://sba-cards-2024.s3.us-east-1.amazonaws.com/2024-cards/spencer-turnbull.png,,593,CLS,SP,RP,,,,,,,,,w05g2,-2,https://i.postimg.cc/0yhNMKjh/Turnbull-FC-S12.png,"Turnbull,S",turnbsp01,4p30,,,,,,,,,,,,,,,,,,,,,,,,
13388,Starling Marte,0.55,https://sba-cards-2024.s3.us-east-1.amazonaws.com/2024-cards/starling-marte.png,,590,CYP,RF,,,,,,,,,,,-2,,"Marte,S",martest01,4p50,,,,,,,,,,,,,,,,,,,,,,,,
13389,Stephen Kolek,0.0,https://sba-cards-2024.s3.us-east-1.amazonaws.com/2024-cards/stephen-kolek.png,,569,POR,RP,,,,,,,,,,,-2,,"Kolek,S",kolekst01,5p30,,,,,,,,,,,,,,,,,,,,,,,,
13390,Steven Kwan,2.15,https://sba-cards-2024.s3.us-east-1.amazonaws.com/2024-cards/steven-kwan.png,,557,MYT,LF,,,,,,,,,,,-2,,"Kwan,S",kwanst01,3p60,,,,,,,,,,,,,,,,,,,,,,,,
13391,Steven Matz,0.0,https://sba-cards-2024.s3.us-east-1.amazonaws.com/2024-cards/steven-matz.png,,547,FA,SP,RP,,,,,,,,,,-2,,"Matz,S",matzst01,6p30,,,,,,,,,,,,,,,,,,,,,,,,
13392,Steven Okert,0.0,https://sba-cards-2024.s3.us-east-1.amazonaws.com/2024-cards/steven-okert.png,,547,FA,RP,CP,,,,,,,,,,-2,,"Okert,S",okertst01,1p30,,,,,,,,,,,,,,,,,,,,,,,,
13393,Steven Wilson,0.0,https://sba-cards-2024.s3.us-east-1.amazonaws.com/2024-cards/steven-wilson.png,,547,FA,RP,,,,,,,,,,,-2,,"Wilson,S",wilsost02,5p30,,,,,,,,,,,,,,,,,,,,,,,,
13394,Stuart Fairchild,0.74,https://sba-cards-2024.s3.us-east-1.amazonaws.com/2024-cards/stuart-fairchild.png,,547,FA,CF,RF,LF,,,,,,,,,-2,,"Fairchild,S",faircst01,4p50,,,,,,,,,,,,,,,,,,,,,,,,
13395,Taijuan Walker,0.0,https://sba-cards-2024.s3.us-east-1.amazonaws.com/2024-cards/taijuan-walker.png,,547,FA,SP,RP,,,,,,,,,,-2,,"Walker,T",walketa01,4p50,,,,,,,,,,,,,,,,,,,,,,,,
13396,Taj Bradley,1.04,https://sba-cards-2024.s3.us-east-1.amazonaws.com/2024-cards/taj-bradley.png,,549,WVIL,SP,,,,,,,,,,w07g2,-2,,"Bradley,T",bradlta01,1p60,,,,,,,,,,,,,,,,,,,,,,,,
13397,Tanner Banks,0.07,https://sba-cards-2024.s3.us-east-1.amazonaws.com/2024-cards/tanner-banks.png,,547,FA,RP,CP,,,,,,,,,,-2,,"Banks,T",banksta01,1p60,,,,,,,,,,,,,,,,,,,,,,,,
13398,Tanner Bibee,1.12,https://sba-cards-2024.s3.us-east-1.amazonaws.com/2024-cards/tanner-bibee.png,,587,CHC,SP,,,,,,,,,,,-2,,"Bibee,T",bibeeta01,1p70,,,,,,,,,,,,,,,,,,,,,,,,
13399,Tanner Gordon,0.0,https://sba-cards-2024.s3.us-east-1.amazonaws.com/2024-cards/tanner-gordon.png,,547,FA,SP,,,,,,,,,,,-2,,"Gordon,T",gordota01,1p20,,,,,,,,,,,,,,,,,,,,,,,,
13400,Tanner Houck,1.76,https://sba-cards-2024.s3.us-east-1.amazonaws.com/2024-cards/tanner-houck.png,,593,CLS,SP,,,,,,,,,,,-2,https://i.postimg.cc/ydmWz6VF/Houck-FC-S12.png,"Houck,T",houckta01,1p70,,,,,,,,,,,,,,,,,,,,,,,,
13401,Tanner Rainey,0.05,https://sba-cards-2024.s3.us-east-1.amazonaws.com/2024-cards/tanner-rainey.png,,547,FA,RP,,,,,,,,,,,-2,,"Rainey,T",raineta01,1p40,,,,,,,,,,,,,,,,,,,,,,,,
13402,Tanner Scott,2.67,https://sba-cards-2024.s3.us-east-1.amazonaws.com/2024-cards/tanner-scott.png,,593,CLS,RP,CP,,,,,,,,,,-2,https://i.postimg.cc/bvG24jDm/Scott-FC.png,"Scott,Tanner",scottta01,0p72,,,,,,,,,,,,,,,,,,,,,,,,
13403,Tarik Skubal,2.95,https://sba-cards-2024.s3.us-east-1.amazonaws.com/2024-cards/tarik-skubal.png,,572,BSG,SP,,,,,,,,,,w05g4,-2,,"Skubal,T",skubata01,1p70,,,,,,,,,,,,,,,,,,,,,,,,
13404,Tayler Saucedo,0.3,https://sba-cards-2024.s3.us-east-1.amazonaws.com/2024-cards/tayler-saucedo.png,,593,CLS,RP,CP,,,,,,,,,,-2,https://i.postimg.cc/15pBYDh6/Saucedo-FC.png,"Saucedo,T",sauceta01,2p30,,,,,,,,,,,,,,,,,,,,,,,,
13405,Tayler Scott,1.19,https://sba-cards-2024.s3.us-east-1.amazonaws.com/2024-cards/tayler-scott.png,,575,WAI,RP,,,,,,,,,,,-2,,"Scott,T",scottta02,1p60,,,,,,,,,,,,,,,,,,,,,,,,
13406,Taylor Rogers,0.53,https://sba-cards-2024.s3.us-east-1.amazonaws.com/2024-cards/taylor-rogers.png,,547,FA,RP,,,,,,,,,,,-2,,"Rogers,Ta",rogerta01,1p50,,,,,,,,,,,,,,,,,,,,,,,,
13407,Taylor Walls,0.97,https://sba-cards-2024.s3.us-east-1.amazonaws.com/2024-cards/taylor-walls.png,,547,FA,SS,,,,,,,,,,,-2,,"Walls,T",wallsta01,5p40,,,,,,,,,,,,,,,,,,,,,,,,
13408,Taylor Ward,1.01,https://sba-cards-2024.s3.us-east-1.amazonaws.com/2024-cards/taylor-ward.png,,568,MKEMiL,LF,,,,,,,,,,,-2,,"Ward,T",wardta01,1p70,,,,,,,,,,,,,,,,,,,,,,,,
13409,Teoscar Hernandez,1.91,https://sba-cards-2024.s3.us-east-1.amazonaws.com/2024-cards/teoscar-hernandez.png,,548,WV,LF,RF,,,,,,,,,,-2,,"Hernandez,T",hernate01,1p70,,,,,,,,,,,,,,,,,,,,,,,,
13410,Thairo Estrada,0.0,https://sba-cards-2024.s3.us-east-1.amazonaws.com/2024-cards/thairo-estrada.png,,547,FA,2B,,,,,,,,,,,-2,,"Estrada,T",estrath01,3p50,,,,,,,,,,,,,,,,,,,,,,,,
13411,Thyago Vieira,0.0,https://sba-cards-2024.s3.us-east-1.amazonaws.com/2024-cards/thyago-vieira.png,,547,FA,RP,CP,,,,,,,,,,-2,,"Vieira,T",vieirth01,1p20,,,,,,,,,,,,,,,,,,,,,,,,
13412,Tim Anderson,0.0,https://sba-cards-2024.s3.us-east-1.amazonaws.com/2024-cards/tim-anderson.png,,547,FA,SS,,,,,,,,,,,-2,,"Anderson,Tim",anderti01,1p30,,,,,,,,,,,,,,,,,,,,,,,,
13413,Tim Herrin,1.24,https://sba-cards-2024.s3.us-east-1.amazonaws.com/2024-cards/tim-herrin.png,,566,MKE,RP,,,,,,,,,,,-2,,"Herrin,T",herriti01,0p72,,,,,,,,,,,,,,,,,,,,,,,,
13414,Tim Hill,0.22,https://sba-cards-2024.s3.us-east-1.amazonaws.com/2024-cards/tim-hill.png,,547,FA,RP,,,,,,,,,,,-2,,"Hill,T",hillti01,1p60,,,,,,,,,,,,,,,,,,,,,,,,
13415,Tim Mayza,0.0,https://sba-cards-2024.s3.us-east-1.amazonaws.com/2024-cards/tim-mayza.png,,547,FA,RP,,,,,,,,,,,-2,,"Mayza,T",mayzati01,1p40,,,,,,,,,,,,,,,,,,,,,,,,
13416,TJ Friedl,0.26,https://sba-cards-2024.s3.us-east-1.amazonaws.com/2024-cards/tj-friedl.png,,547,FA,CF,,,,,,,,,,,-2,,"Friedl,T",friedtj01,5p40,,,,,,,,,,,,,,,,,,,,,,,,
13417,TJ McFarland,0.51,https://sba-cards-2024.s3.us-east-1.amazonaws.com/2024-cards/tj-mcfarland.png,,547,FA,RP,,,,,,,,,,,-2,,"McFarland,T",mcfartj01,0p72,,,,,,,,,,,,,,,,,,,,,,,,
13418,Tobias Myers,0.88,https://sba-cards-2024.s3.us-east-1.amazonaws.com/2024-cards/tobias-myers.png,,568,MKEMiL,SP,RP,,,,,,,,,,-2,,"Myers,T",myersto01,1p70,,,,,,,,,,,,,,,,,,,,,,,,
13419,Tomas Nido,0.0,https://sba-cards-2024.s3.us-east-1.amazonaws.com/2024-cards/tomas-nido.png,,547,FA,C,,,,,,,,,,,-2,,"Nido,T",nidoto01,4p30,,,,,,,,,,,,,,,,,,,,,,,,
13420,Tommy Edman,1.71,https://sba-cards-2024.s3.us-east-1.amazonaws.com/2024-cards/tommy-edman.png,,547,FA,CF,SS,2B,,,,,,,,,-2,,"Edman,T",edmanto01,5p20,,,,,,,,,,,,,,,,,,,,,,,,
13421,Tommy Henry,0.0,https://sba-cards-2024.s3.us-east-1.amazonaws.com/2024-cards/tommy-henry.png,,547,FA,SP,RP,,,,,,,,,,-2,,"Henry,T",henryto01,1p20,,,,,,,,,,,,,,,,,,,,,,,,
13422,Tommy Kahnle,0.9,https://sba-cards-2024.s3.us-east-1.amazonaws.com/2024-cards/tommy-kahnle.png,,556,THEMiL,RP,CP,,,,,,,,,,-2,,"Kahnle,T",kahnlto01,4p40,,,,,,,,,,,,,,,,,,,,,,,,
13423,Tommy Nance,0.0,https://sba-cards-2024.s3.us-east-1.amazonaws.com/2024-cards/tommy-nance.png,,571,PORMiL,RP,,,,,,,,,,,-2,,"Nance,T",nanceto01,1p20,,,,,,,,,,,,,,,,,,,,,,,,
13424,Tommy Pham,0.0,https://sba-cards-2024.s3.us-east-1.amazonaws.com/2024-cards/tommy-pham.png,,547,FA,RF,LF,CF,,,,,,,,,-2,,"Pham,T",phamth01,1p60,,,,,,,,,,,,,,,,,,,,,,,,
13425,Tony Santillan,1.12,https://sba-cards-2024.s3.us-east-1.amazonaws.com/2024-cards/tony-santillan.png,,587,CHC,RP,,,,,,,,,,,-2,,"Santillan,T",santito01,1p30,,,,,,,,,,,,,,,,,,,,,,,,
13426,Touki Toussaint,0.0,https://sba-cards-2024.s3.us-east-1.amazonaws.com/2024-cards/touki-toussaint.png,,547,FA,RP,,,,,,,,,,,-2,,"Toussaint,T",toussto01,1p20,,,,,,,,,,,,,,,,,,,,,,,,
13427,Travis dArnaud,0.94,https://sba-cards-2024.s3.us-east-1.amazonaws.com/2024-cards/travis-darnaud.png,,554,THE,C,,,,,,,,,,,-2,,"DArnaud,T",darnatr01,2p50,,,,,,,,,,,,,,,,,,,,,,,,
13428,Travis Jankowski,0.25,https://sba-cards-2024.s3.us-east-1.amazonaws.com/2024-cards/travis-jankowski.png,,547,FA,RF,LF,CF,,,,,,,,,-2,,"Jankowski,T",jankotr01,1p50,,,,,,,,,,,,,,,,,,,,,,,,
13429,Trea Turner,1.61,https://sba-cards-2024.s3.us-east-1.amazonaws.com/2024-cards/trea-turner.png,,548,WV,SS,,,,,,,,,,,-2,,"Turner,T",turnetr01,1p60,,,,,,,,,,,,,,,,,,,,,,,,
13430,Trent Grisham,0.56,https://sba-cards-2024.s3.us-east-1.amazonaws.com/2024-cards/trent-grisham.png,,551,DEN,CF,,,,,,,,,,,-2,,"Grisham,T",grishtr01,1p40,,,,,,,,,,,,,,,,,,,,,,,,
13431,Trent Thornton,0.2,https://sba-cards-2024.s3.us-east-1.amazonaws.com/2024-cards/trent-thornton.png,,547,FA,RP,CP,,,,,,,,,,-2,,"Thornton,T",thorntr01,0p72,,,,,,,,,,,,,,,,,,,,,,,,
13432,Trevor Larnach,0.94,https://sba-cards-2024.s3.us-east-1.amazonaws.com/2024-cards/trevor-larnach.png,,547,FA,LF,RF,,,,,,,,,,-2,,"Larnach,T",larnatr01,1p50,,,,,,,,,,,,,,,,,,,,,,,,
13433,Trevor Megill,1.35,https://sba-cards-2024.s3.us-east-1.amazonaws.com/2024-cards/trevor-megill.png,,593,CLS,RP,CP,,,,,,,,,,-2,https://i.postimg.cc/FsQgc1fM/Megill-FC.png,"Megill,T",megiltr01,4p40,,,,,,,,,,,,,,,,,,,,,,,,
13434,Trevor Richards,0.0,https://sba-cards-2024.s3.us-east-1.amazonaws.com/2024-cards/trevor-richards.png,,556,THEMiL,SP,RP,CP,,,,,,,,,-2,,"Richards,T",richatr01,1p60,,,,,,,,,,,,,,,,,,,,,,,,
13435,Trevor Rogers,0.36,https://sba-cards-2024.s3.us-east-1.amazonaws.com/2024-cards/trevor-rogers.png,,593,CLS,SP,,,,,,,,,,,-2,https://i.postimg.cc/SN0VrDPv/Rogers-FC.png,"Rogers,Tr",rogertr01,1p65,,,,,,,,,,,,,,,,,,,,,,,,
13436,Trevor Story,1.92,https://sba-cards-2024.s3.us-east-1.amazonaws.com/2024-cards/trevor-story.png,,558,MYTIL,SS,,,,,,,,,,w06g4,-2,,"Story,T",storytr01,6p20,,,,,,,,,,,,,,,,,,,,,,,,
13437,Trevor Williams,2.93,https://sba-cards-2024.s3.us-east-1.amazonaws.com/2024-cards/trevor-williams.png,,579,CANIL,SP,,,,,,,,,,w08g3,-2,,"Williams,T",willitr01,5p40,,,,,,,,,,,,,,,,,,,,,,,,
13438,Trey Cabbage,0.0,https://sba-cards-2024.s3.us-east-1.amazonaws.com/2024-cards/trey-cabbage.png,,547,FA,RF,LF,,,,,,,,,,-2,,"Cabbage,T",cabbatr01,1p20,,,,,,,,,,,,,,,,,,,,,,,,
13439,Trey Lipscomb,0.0,https://sba-cards-2024.s3.us-east-1.amazonaws.com/2024-cards/trey-lipscomb.png,,547,FA,3B,1B,2B,,,,,,,,,-2,,"Lipscomb,T",lipsctr01,1p30,,,,,,,,,,,,,,,,,,,,,,,,
13440,Trey Sweeney,1.03,https://sba-cards-2024.s3.us-east-1.amazonaws.com/2024-cards/trey-sweeney.png,,547,FA,SS,,,,,,,,,,,-2,,"Sweeney,T",sweentr01,1p20,,,,,,,,,,,,,,,,,,,,,,,,
13441,Triston Casas,0.72,https://sba-cards-2024.s3.us-east-1.amazonaws.com/2024-cards/triston-casas.png,,586,NSHMiL,1B,,,,,,,,,,,-2,,"Casas,T",casastr01,5p30,,,,,,,,,,,,,,,,,,,,,,,,
13442,Triston McKenzie,0.0,https://sba-cards-2024.s3.us-east-1.amazonaws.com/2024-cards/triston-mckenzie.png,,547,FA,SP,,,,,,,,,,,-2,,"McKenzie,T",mckentr01,1p40,,,,,,,,,,,,,,,,,,,,,,,,
13443,Tucker Barnhart,0.55,https://sba-cards-2024.s3.us-east-1.amazonaws.com/2024-cards/tucker-barnhart.png,,547,FA,C,,,,,,,,,,,-2,,"Barnhart,T",barnhtu01,2p20,,,,,,,,,,,,,,,,,,,,,,,,
13444,Ty Blach,0.0,https://sba-cards-2024.s3.us-east-1.amazonaws.com/2024-cards/ty-blach.png,,547,FA,SP,RP,,,,,,,,,,-2,,"Blach,T",blachty01,1p40,,,,,,,,,,,,,,,,,,,,,,,,
13445,Ty France,0.0,https://sba-cards-2024.s3.us-east-1.amazonaws.com/2024-cards/ty-france.png,,547,FA,1B,2B,,,,,,,,,,-2,,"France,T",francty01,1p65,,,,,,,,,,,,,,,,,,,,,,,,
13446,Tyler Alexander,0.12,https://sba-cards-2024.s3.us-east-1.amazonaws.com/2024-cards/tyler-alexander.png,,547,FA,SP,RP,,,,,,,,,,-2,,"Alexander,T",alexaty01,1p60,,,,,,,,,,,,,,,,,,,,,,,,
13447,Tyler Anderson,0.94,https://sba-cards-2024.s3.us-east-1.amazonaws.com/2024-cards/tyler-anderson.png,,559,MYTMiL,SP,,,,,,,,,,,-2,,"Anderson,T",anderty01,1p70,,,,,,,,,,,,,,,,,,,,,,,,
13448,Tyler Ferguson,0.65,https://sba-cards-2024.s3.us-east-1.amazonaws.com/2024-cards/tyler-ferguson.png,,547,FA,RP,CP,,,,,,,,,,-2,,"Ferguson,T",ferguty01,1p40,,,,,,,,,,,,,,,,,,,,,,,,
13449,Tyler Fitzgerald,2.38,https://sba-cards-2024.s3.us-east-1.amazonaws.com/2024-cards/tyler-fitzgerald.png,,588,CHCIL,SS,CF,2B,LF,1B,,,,,,w07g1,-2,,"Fitzgerald,T",fitzgty01,1p50,,,,,,,,,,,,,,,,,,,,,,,,
13450,Tyler Freeman,0.41,https://sba-cards-2024.s3.us-east-1.amazonaws.com/2024-cards/tyler-freeman.png,,547,FA,CF,SS,2B,3B,,,,,,,,-2,,"Freeman,T",freemty01,1p60,,,,,,,,,,,,,,,,,,,,,,,,
13451,Tyler Glasnow,1.28,https://sba-cards-2024.s3.us-east-1.amazonaws.com/2024-cards/tyler-glasnow.png,,561,DALIL,SP,,,,,,,,,,w06g2,-2,,"Glasnow,T",glasnty01,3p60,,,,,,,,,,,,,,,,,,,,,,,,
13452,Tyler Holton,1.58,https://sba-cards-2024.s3.us-east-1.amazonaws.com/2024-cards/tyler-holton.png,,551,DEN,SP,RP,CP,,,,,,,,,-2,,"Holton,T",holtoty01,1p70,,,,,,,,,,,,,,,,,,,,,,,,
13453,Tyler Kinley,0.0,https://sba-cards-2024.s3.us-east-1.amazonaws.com/2024-cards/tyler-kinley.png,,547,FA,RP,CP,,,,,,,,,,-2,,"Kinley,T",kinlety01,1p50,,,,,,,,,,,,,,,,,,,,,,,,
13454,Tyler Nevin,0.0,https://sba-cards-2024.s3.us-east-1.amazonaws.com/2024-cards/tyler-nevin.png,,547,FA,1B,3B,RF,LF,,,,,,,,-2,,"Nevin,T",nevinty01,1p40,,,,,,,,,,,,,,,,,,,,,,,,
13455,Tyler ONeill,1.59,https://sba-cards-2024.s3.us-east-1.amazonaws.com/2024-cards/tyler-oneill.png,,560,DAL,LF,RF,,,,,,,,,,-2,,"ONeill,T",oneilty01,2p50,,,,,,,,,,,,,,,,,,,,,,,,
13456,Tyler Phillips,0.0,https://sba-cards-2024.s3.us-east-1.amazonaws.com/2024-cards/tyler-phillips.png,,547,FA,SP,RP,,,,,,,,,,-2,,"Phillips,T",phillty01,1p20,,,,,,,,,,,,,,,,,,,,,,,,
13457,Tyler Rogers,1.02,https://sba-cards-2024.s3.us-east-1.amazonaws.com/2024-cards/tyler-rogers.png,,584,NSH,RP,CP,,,,,,,,,,-2,,"Rogers,Tyler",rogerty01,0p72,,,,,,,,,,,,,,,,,,,,,,,,
13458,Tyler Soderstrom,0.68,https://sba-cards-2024.s3.us-east-1.amazonaws.com/2024-cards/tyler-soderstrom.png,,551,DEN,1B,C,,,,,,,,,,-2,,"Soderstrom,T",soderty01,5p30,,,,,,,,,,,,,,,,,,,,,,,,
13459,Tyler Stephenson,1.35,https://sba-cards-2024.s3.us-east-1.amazonaws.com/2024-cards/tyler-stephenson.png,,584,NSH,C,,,,,,,,,,,-2,,"Stephenson,T",stephty01,1p65,,,,,,,,,,,,,,,,,,,,,,,,
13460,Tyler Wade,0.0,https://sba-cards-2024.s3.us-east-1.amazonaws.com/2024-cards/tyler-wade.png,,547,FA,3B,SS,2B,LF,CF,RF,,,,,,-2,,"Wade,T",wadety01,1p40,,,,,,,,,,,,,,,,,,,,,,,,
13461,Tylor Megill,0.48,https://sba-cards-2024.s3.us-east-1.amazonaws.com/2024-cards/tylor-megill.png,,547,FA,SP,,,,,,,,,,,-2,,"Megill,Tylor",megilty01,3p40,,,,,,,,,,,,,,,,,,,,,,,,
13462,Tyrone Taylor,1.68,https://sba-cards-2024.s3.us-east-1.amazonaws.com/2024-cards/tyrone-taylor.png,,547,FA,RF,CF,LF,,,,,,,,,-2,,"Taylor,T",tayloty01,1p60,,,,,,,,,,,,,,,,,,,,,,,,
13463,Tyson Miller,1.08,https://sba-cards-2024.s3.us-east-1.amazonaws.com/2024-cards/tyson-miller.png,,581,MDW,RP,CP,,,,,,,,,,-2,,"Miller,T",millety01,1p50,,,,,,,,,,,,,,,,,,,,,,,,
13464,Valente Bellozo,1.64,https://sba-cards-2024.s3.us-east-1.amazonaws.com/2024-cards/valente-bellozo.png,,547,FA,SP,,,,,,,,,,,-2,,"Bellozo,V",bellova01,1p40,,,,,,,,,,,,,,,,,,,,,,,,
13465,Vaughn Grissom,0.0,https://sba-cards-2024.s3.us-east-1.amazonaws.com/2024-cards/vaughn-grissom.png,,547,FA,2B,,,,,,,,,,,-2,,"Grissom,V",grissva01,5p20,,,,,,,,,,,,,,,,,,,,,,,,
13466,Victor Caratini,1.38,https://sba-cards-2024.s3.us-east-1.amazonaws.com/2024-cards/victor-caratini.png,,571,PORMiL,C,1B,,,,,,,,,,-2,,"Caratini,V",caratvi01,4p40,,,,,,,,,,,,,,,,,,,,,,,,
13467,Victor Gonzalez,0.21,https://sba-cards-2024.s3.us-east-1.amazonaws.com/2024-cards/victor-gonzalez.png,,569,POR,RP,CP,,,,,,,,,,-2,,"Gonzalez,V",gonzavi02,1p20,,,,,,,,,,,,,,,,,,,,,,,,
13468,Victor Robles,3.05,https://sba-cards-2024.s3.us-east-1.amazonaws.com/2024-cards/victor-robles.png,,581,MDW,CF,RF,LF,,,,,,,,,-2,,"Robles,V",roblevi01,3p40,,,,,,,,,,,,,,,,,,,,,,,,
13469,Victor Scott,0.0,https://sba-cards-2024.s3.us-east-1.amazonaws.com/2024-cards/victor-scott.png,,547,FA,CF,RF,LF,,,,,,,,,-2,,"Scott II,V",scottvi01,1p30,,,,,,,,,,,,,,,,,,,,,,,,
13470,Victor Vodnik,0.78,https://sba-cards-2024.s3.us-east-1.amazonaws.com/2024-cards/victor-vodnik.png,,550,WVMiL,RP,CP,,,,,,,,,,-2,,"Vodnik,V",vodnivi01,1p40,,,,,,,,,,,,,,,,,,,,,,,,
13471,Vidal Brujan,0.52,https://sba-cards-2024.s3.us-east-1.amazonaws.com/2024-cards/vidal-brujan.png,,547,FA,2B,SS,CF,3B,RF,LF,1B,,,,,-2,,"Brujan,V",brujavi01,2p50,,,,,,,,,,,,,,,,,,,,,,,,
13472,Vinnie Pasquantino,0.58,https://sba-cards-2024.s3.us-east-1.amazonaws.com/2024-cards/vinnie-pasquantino.png,,584,NSH,1B,,,,,,,,,,,-2,,"Pasquantino,V",pasquvi01,3p60,,,,,,,,,,,,,,,,,,,,,,,,
13473,Vladimir Guerrero Jr,2.58,https://sba-cards-2024.s3.us-east-1.amazonaws.com/2024-cards/vladimir-guerrero-jr.png,,563,GME,1B,3B,,,,,,,,,,-2,,"Guerrero Jr,V",guerrvl02,1p70,,,,,,,,,,,,,,,,,,,,,,,,
13474,Walker Buehler,0.0,https://sba-cards-2024.s3.us-east-1.amazonaws.com/2024-cards/walker-buehler.png,,547,FA,SP,,,,,,,,,,,-2,,"Buehler,W",buehlwa01,5p40,,,,,,,,,,,,,,,,,,,,,,,,
13475,Wandy Peralta,0.5,https://sba-cards-2024.s3.us-east-1.amazonaws.com/2024-cards/wandy-peralta.png,,592,CYPMiL,RP,,,,,,,,,,,-2,,"Peralta,W",peralwa01,4p30,,,,,,,,,,,,,,,,,,,,,,,,
13476,Wenceel Perez,0.29,https://sba-cards-2024.s3.us-east-1.amazonaws.com/2024-cards/wenceel-perez.png,,547,FA,RF,CF,LF,,,,,,,,,-2,,"Perez,W",perezwe01,3p50,,,,,,,,,,,,,,,,,,,,,,,,
13477,Weston Wilson,2.07,https://sba-cards-2024.s3.us-east-1.amazonaws.com/2024-cards/weston-wilson.png,,559,MYTMiL,LF,3B,RF,2B,1B,,,,,,,-2,,"Wilson,W",wilsowe01,1p20,,,,,,,,,,,,,,,,,,,,,,,,
13478,Whit Merrifield,0.26,https://sba-cards-2024.s3.us-east-1.amazonaws.com/2024-cards/whit-merrifield.png,,547,FA,2B,LF,3B,,,,,,,,,-2,,"Merrifield,W",merriwh01,1p50,,,,,,,,,,,,,,,,,,,,,,,,
13479,Will Benson,0.0,https://sba-cards-2024.s3.us-east-1.amazonaws.com/2024-cards/will-benson.png,,547,FA,LF,RF,CF,,,,,,,,,-2,,"Benson,W",bensowi01,1p60,,,,,,,,,,,,,,,,,,,,,,,,
13480,Will Brennan,0.0,https://sba-cards-2024.s3.us-east-1.amazonaws.com/2024-cards/will-brennan.png,,547,FA,RF,LF,CF,,,,,,,,,-2,,"Brennan,W",brennwi02,1p60,,,,,,,,,,,,,,,,,,,,,,,,
13481,Will D Smith,1.87,https://sba-cards-2024.s3.us-east-1.amazonaws.com/2024-cards/will-d-smith.png,,560,DAL,C,,,,,,,,,,,-2,,"Smith,Wd",smithwi05,2p60,,,,,,,,,,,,,,,,,,,,,,,,
13482,Will Smith,0.0,https://sba-cards-2024.s3.us-east-1.amazonaws.com/2024-cards/will-smith.png,,547,FA,RP,CP,,,,,,,,,,-2,,"Smith,W",smithwi04,3p40,,,,,,,,,,,,,,,,,,,,,,,,
13483,Will Vest,1.02,https://sba-cards-2024.s3.us-east-1.amazonaws.com/2024-cards/will-vest.png,,548,WV,RP,CP,,,,,,,,,,-2,,"Vest,W",vestwi01,1p60,,,,,,,,,,,,,,,,,,,,,,,,
13484,Will Wagner,2.36,https://sba-cards-2024.s3.us-east-1.amazonaws.com/2024-cards/will-wagner.png,,589,CHCMiL,2B,1B,,,,,,,,,,-2,,"Wagner,W",wagnewi01,2p20,,,,,,,,,,,,,,,,,,,,,,,,
13485,Willi Castro,0.73,https://sba-cards-2024.s3.us-east-1.amazonaws.com/2024-cards/willi-castro.png,,574,BSGMiL,SS,2B,LF,CF,3B,,,,,,,-2,,"Castro,W",castrwi01,1p70,,,,,,,,,,,,,,,,,,,,,,,,
13486,William Contreras,2.09,https://sba-cards-2024.s3.us-east-1.amazonaws.com/2024-cards/william-contreras.png,,563,GME,C,,,,,,,,,,,-2,,"Contreras,William",contrwi02,1p70,,,,,,,,,,,,,,,,,,,,,,,,
13487,Willie Calhoun,0.0,https://sba-cards-2024.s3.us-east-1.amazonaws.com/2024-cards/willie-calhoun.png,,547,FA,1B,LF,,,,,,,,,,-2,,"Calhoun,W",calhowi01,1p30,,,,,,,,,,,,,,,,,,,,,,,,
13488,Willson Contreras,2.43,https://sba-cards-2024.s3.us-east-1.amazonaws.com/2024-cards/willson-contreras.png,,582,MDWIL,C,,,,,,,,,,w05g4,-2,,"Contreras,Willson",contrwi01,5p40,,,,,,,,,,,,,,,,,,,,,,,,
13489,Willy Adames,1.31,https://sba-cards-2024.s3.us-east-1.amazonaws.com/2024-cards/willy-adames.png,,593,CLS,SS,,,,,,,,,,,-2,https://i.postimg.cc/h48Qksvg/Adames-FC.png,"Adames,W",adamewi01,1p70,,,,,,,,,,,,,,,,,,,,,,,,
13490,Wilmer Flores,0.0,https://sba-cards-2024.s3.us-east-1.amazonaws.com/2024-cards/wilmer-flores.png,,547,FA,1B,3B,,,,,,,,,,-2,,"Flores,W",florewi01,5p40,,,,,,,,,,,,,,,,,,,,,,,,
13491,Wilyer Abreu,2.21,https://sba-cards-2024.s3.us-east-1.amazonaws.com/2024-cards/wilyer-abreu.png,,590,CYP,RF,LF,,,,,,,,,,-2,,"Abreu,W",abreuwi02,2p60,,,,,,,,,,,,,,,,,,,,,,,,
13492,Wyatt Langford,2.03,https://sba-cards-2024.s3.us-east-1.amazonaws.com/2024-cards/wyatt-langford.png,,595,CLSMiL,LF,CF,,,,,,,,,,-2,,"Langford,W",langfwy01,2p60,,,,,,,,,,,,,,,,,,,,,,,,
13493,Xander Bogaerts,0.45,https://sba-cards-2024.s3.us-east-1.amazonaws.com/2024-cards/xander-bogaerts.png,,547,FA,2B,SS,,,,,,,,,,-2,,"Bogaerts,X",bogaexa01,3p50,,,,,,,,,,,,,,,,,,,,,,,,
13494,Xavier Edwards,1.91,https://sba-cards-2024.s3.us-east-1.amazonaws.com/2024-cards/xavier-edwards.png,,579,CANIL,SS,2B,,,,,,,,,w06g1,-2,,"Edwards,X",edwarxa01,5p40,,,,,,,,,,,,,,,,,,,,,,,,
13495,Xzavion Curry,0.34,https://sba-cards-2024.s3.us-east-1.amazonaws.com/2024-cards/xzavion-curry.png,,557,MYT,SP,RP,,,,,,,,,,-2,,"Curry,X",curryxz01,2p30,,,,,,,,,,,,,,,,,,,,,,,,
13496,Yainer Diaz,1.5,https://sba-cards-2024.s3.us-east-1.amazonaws.com/2024-cards/yainer-diaz.png,,590,CYP,C,1B,,,,,,,,,,-2,,"Diaz,Yainer",diazya02,1p70,,,,,,,,,,,,,,,,,,,,,,,,
13497,Yan Gomes,0.0,https://sba-cards-2024.s3.us-east-1.amazonaws.com/2024-cards/yan-gomes.png,,547,FA,C,,,,,,,,,,,-2,,"Gomes,Y",gomesya01,2p20,,,,,,,,,,,,,,,,,,,,,,,,
13498,Yandy Diaz,0.75,https://sba-cards-2024.s3.us-east-1.amazonaws.com/2024-cards/yandy-diaz.png,,563,GME,1B,,,,,,,,,,,-2,,"Diaz,Yandy",diazya01,1p65,,,,,,,,,,,,,,,,,,,,,,,,
13499,Yariel Rodriguez,0.0,https://sba-cards-2024.s3.us-east-1.amazonaws.com/2024-cards/yariel-rodriguez.png,,574,BSGMiL,SP,,,,,,,,,,,-2,,"Rodriguez,Ya",rodriya01,2p50,,,,,,,,,,,,,,,,,,,,,,,,
13500,Yasmani Grandal,0.43,https://sba-cards-2024.s3.us-east-1.amazonaws.com/2024-cards/yasmani-grandal.png,,547,FA,C,1B,,,,,,,,,,-2,,"Grandal,Y",grandya01,4p40,,,,,,,,,,,,,,,,,,,,,,,,
13501,Yennier Cano,0.38,https://sba-cards-2024.s3.us-east-1.amazonaws.com/2024-cards/yennier-cano.png,,547,FA,RP,CP,,,,,,,,,,-2,,"Cano,Y",canoye01,0p72,,,,,,,,,,,,,,,,,,,,,,,,
13502,Yerry Rodriguez,0.0,https://sba-cards-2024.s3.us-east-1.amazonaws.com/2024-cards/yerry-rodriguez.png,,547,FA,RP,,,,,,,,,,,-2,,"Rodriguez,Ye",rodriye01,2p20,,,,,,,,,,,,,,,,,,,,,,,,
13503,Yimi Garcia,0.62,https://sba-cards-2024.s3.us-east-1.amazonaws.com/2024-cards/yimi-garcia.png,,590,CYP,RP,CP,,,,,,,,,,-2,,"Garcia,Y",garciyi01,5p40,,,,,,,,,,,,,,,,,,,,,,,,
13504,Yohan Ramirez,0.0,https://sba-cards-2024.s3.us-east-1.amazonaws.com/2024-cards/yohan-ramirez.png,,547,FA,RP,CP,,,,,,,,,,-2,,"Ramirez,Y",ramiryo01,1p30,,,,,,,,,,,,,,,,,,,,,,,,
13505,Yonny Chirinos,0.0,https://sba-cards-2024.s3.us-east-1.amazonaws.com/2024-cards/yonny-chirinos.png,,547,FA,SP,,,,,,,,,,,-2,,"Chirinos,Y",chiriyo01,1p20,,,,,,,,,,,,,,,,,,,,,,,,
13506,Yordan Alvarez,2.47,https://sba-cards-2024.s3.us-east-1.amazonaws.com/2024-cards/yordan-alvarez.png,,548,WV,LF,,,,,,,,,,,-2,,"Alvarez,Y",alvaryo01,1p65,,,,,,,,,,,,,,,,,,,,,,,,
13507,Yoshinobu Yamamoto,1.42,https://sba-cards-2024.s3.us-east-1.amazonaws.com/2024-cards/yoshinobu-yamamoto.png,,548,WV,SP,,,,,,,,,,,-2,,"Yamamoto,Y",yamamyo01,3p50,,,,,,,,,,,,,,,,,,,,,,,,
13508,Yu Darvish,1.84,https://sba-cards-2024.s3.us-east-1.amazonaws.com/2024-cards/yu-darvish.png,,586,NSHMiL,SP,,,,,,,,,,,-2,,"Darvish,Y",darviyu01,5p50,,,,,,,,,,,,,,,,,,,,,,,,
13509,Yuki Matsui,0.61,https://sba-cards-2024.s3.us-east-1.amazonaws.com/2024-cards/yuki-matsui.png,,562,DALMiL,RP,,,,,,,,,,,-2,,"Matsui,Y",matsuyu01,1p50,,,,,,,,,,,,,,,,,,,,,,,,
13510,Yuli Gurriel,0.27,https://sba-cards-2024.s3.us-east-1.amazonaws.com/2024-cards/yuli-gurriel.png,,547,FA,1B,,,,,,,,,,,-2,,"Gurriel,Y",gourryu01,1p20,,,,,,,,,,,,,,,,,,,,,,,,
13511,Yunior Marte,0.0,https://sba-cards-2024.s3.us-east-1.amazonaws.com/2024-cards/yunior-marte.png,,547,FA,RP,,,,,,,,,,,-2,,"Marte,Y",marteyu01,5p30,,,,,,,,,,,,,,,,,,,,,,,,
13512,Yusei Kikuchi,0.72,https://sba-cards-2024.s3.us-east-1.amazonaws.com/2024-cards/yusei-kikuchi.png,,581,MDW,SP,,,,,,,,,,,-2,,"Kikuchi,Y",kikucyu01,0p72,,,,,,,,,,,,,,,,,,,,,,,,
13513,Zac Gallen,1.37,https://sba-cards-2024.s3.us-east-1.amazonaws.com/2024-cards/zac-gallen.png,,548,WV,SP,,,,,,,,,,,-2,,"Gallen,Z",galleza01,1p70,,,,,,,,,,,,,,,,,,,,,,,,
13514,Zach DeLoach,0.0,https://sba-cards-2024.s3.us-east-1.amazonaws.com/2024-cards/zach-deloach.png,,547,FA,RF,LF,CF,,,,,,,,,-2,,"DeLoach,Z",deloaza01,1p20,,,,,,,,,,,,,,,,,,,,,,,,
13515,Zach Dezenzo,0.0,https://sba-cards-2024.s3.us-east-1.amazonaws.com/2024-cards/zach-dezenzo.png,,547,FA,1B,3B,,,,,,,,,,-2,,"Dezenzo,Z",dezenza01,1p20,,,,,,,,,,,,,,,,,,,,,,,,
13516,Zach Eflin,1.42,https://sba-cards-2024.s3.us-east-1.amazonaws.com/2024-cards/zach-eflin.png,,547,FA,SP,,,,,,,,,,,-2,,"Eflin,Z",eflinza01,1p70,,,,,,,,,,,,,,,,,,,,,,,,
13517,Zach McKinstry,0.43,https://sba-cards-2024.s3.us-east-1.amazonaws.com/2024-cards/zach-mckinstry.png,,547,FA,SS,3B,2B,LF,RF,,,,,,,-2,,"McKinstry,Z",mckinza01,1p60,,,,,,,,,,,,,,,,,,,,,,,,
13518,Zach Neto,2.46,https://sba-cards-2024.s3.us-east-1.amazonaws.com/2024-cards/zach-neto.png,,577,WAIMiL,SS,,,,,,,,,,,-2,,"Neto,Z",netoza01,1p70,,,,,,,,,,,,,,,,,,,,,,,,
13519,Zach Pop,0.0,https://sba-cards-2024.s3.us-east-1.amazonaws.com/2024-cards/zach-pop.png,,547,FA,RP,CP,,,,,,,,,,-2,,"Pop,Z",popza01,1p40,,,,,,,,,,,,,,,,,,,,,,,,
13520,Zack Gelof,0.74,https://sba-cards-2024.s3.us-east-1.amazonaws.com/2024-cards/zack-gelof.png,,547,FA,2B,,,,,,,,,,,-2,,"Gelof,Z",gelofza01,2p65,,,,,,,,,,,,,,,,,,,,,,,,
13521,Zack Kelly,0.51,https://sba-cards-2024.s3.us-east-1.amazonaws.com/2024-cards/zack-kelly.png,,547,FA,SP,RP,,,,,,,,,,-2,,"Kelly,Z",kellyza01,1p50,,,,,,,,,,,,,,,,,,,,,,,,
13522,Zack Littell,0.8,https://sba-cards-2024.s3.us-east-1.amazonaws.com/2024-cards/zack-littell.png,,547,FA,SP,,,,,,,,,,,-2,,"Littell,Z",litteza01,1p70,,,,,,,,,,,,,,,,,,,,,,,,
13523,Zack Short,0.0,https://sba-cards-2024.s3.us-east-1.amazonaws.com/2024-cards/zack-short.png,,547,FA,3B,SS,2B,,,,,,,,,-2,,"Short,Z",shortza01,1p20,,,,,,,,,,,,,,,,,,,,,,,,
13524,Zack Wheeler,2.75,https://sba-cards-2024.s3.us-east-1.amazonaws.com/2024-cards/zack-wheeler.png,,560,DAL,SP,,,,,,,,,,,-2,,"Wheeler,Z",wheelza01,0p72,,,,,,,,,,,,,,,,,,,,,,,,
13525,Zebby Matthews,0.0,https://sba-cards-2024.s3.us-east-1.amazonaws.com/2024-cards/zebby-matthews.png,,547,FA,SP,,,,,,,,,,,-2,,"Matthews,Z",matthze01,1p20,,,,,,,,,,,,,,,,,,,,,,,,
