player_id,Name,sWAR,team,hand,IP,SO vlhp,SO v rhp,SO vl+,SO vr+,Pts,Pts.1,BB vlhp,BB v rhp,BB vl+,BB vr+,Pts.2,Pts.3,HIT v lhp,HIT v rhp,Hit vl+,Hit vr+,Pts.4,Pts.5,OB v lhp,OB v rhp,OBP vl+,OBP vr+,Pts.6,Pts.7,TB v lhp,TB v rhp,TB vl+,TB vr+,Pts.8,Pts.9,123B v lhp,123b v rhp,123B vl+,123B vr+,Pts.10,Pts.11,123TB v l,123TB v rhp,123TB vl+,123TB vr+,Pts.12,Pts.13,HR v lhp,HR v rhp,HR vl+,HR vr+,Pts.14,Pts.15,BP v lhp,BP v rhp,BPHR vL,BPHR vR,BPHR vl+,BPHR vr+,Pts.16,Pts.17,BP1B v lhp,BP1b v rhp,BP1B vL+,BP1B vR+,Pts.18,Pts.19,DP vlhp,DP v rhp,DP vl+,DP vr+,Pts.20,Pts.21,HO,Hold,ENDURANCE,cleanEndur,split1,split2,split3,SP,RP,CP,FIELD,Range,Error,BK,WP,BAT-B,STL,SPD,Bunt,Injury,Raw vL,Raw vR,Raw Pts,vL,vR,Total,Injury Roll,Injury Length,1,2,3
13360,Sean Guenther,3.43,,L,21,6,15,-2,-2,-6,-6,0,0,3,3,3,3,0.0,0.0,3,3,6,6,0.0,0.0,3,3,15,15,0.0,0.0,3,3,6,6,0.0,0.0,3,3,3,3,0.0,0.0,3,3,6,6,0.0,0.0,2,2,10,10,,,0,0,3,2,6,4,0,0,1,1,1,1,12,12,3,3,6,6,-1,-1,R(2),R(2),R(2),,,,2.0,,3-0,3,0,0,0,1WL-C,E,10,C,1p20,56,54,110,56,54,61.66666667,4,3,RP,,
12794,Emmanuel Clase,2.84,,R,74,26,32,0,1,0,3,0,0,3,3,3,3,0.0,8.3,3,1,6,2,0.0,8.3,3,2,15,10,0.0,8.6,3,2,6,4,0.0,8.3,3,1,3,1,0.0,8.6,3,2,6,4,0.0,0.0,2,2,10,10,,0.0,0,0,3,2,6,4,0,5,1,0,1,0,12,12,3,3,6,6,-4,-4,R(1) C(6),R(1) C(6),R(1),C(6),,,1.0,6.0,4-38,4,38,0,6,1WR-C,E,10,C,0p72,62,47,109,62,47,61.0,5,4,RP,CP,
12934,Jason Adam,1.69,,R,74,37,42,1,2,3,6,3,9,2,0,2,0,0.9,3.9,2,2,4,4,3.8,12.9,3,2,15,10,1.6,10.4,2,2,4,4,0.9,3.1,2,2,2,2,1.6,7.2,2,2,4,4,0.0,0.8,2,1,10,5,,,0,1,3,2,6,4,0,0,1,1,1,1,12,11,3,3,6,6,9,9,R(1) C(2),R(1) C(2),R(1),C(2),,,1.0,2.0,5-0,5,0,4,6,1WR-C,E,10,C,0p72,57,46,103,57,46,58.66666667,5,4,RP,CP,
13342,Ryan Walker,1.68,,R,80,41,53,2,3,6,9,2,5,2,2,2,2,6.1,2.4,2,2,4,4,8.1,7.5,2,2,10,10,13.5,2.4,1,2,2,4,5.3,2.4,1,2,1,2,10.3,2.4,1,2,2,4,0.8,0.0,2,2,10,10,1.0,0.0,1,0,2,2,4,4,5,5,0,0,0,0,8,10,2,3,4,6,1,1,R(1) C(3),R(1) C(3),R(1),C(3),,,1.0,3.0,3-0,3,0,0,5,1WR-C,E,10,C,0p72,45,55,100,45,55,57.33333333,5,4,RP,CP,
13280,Paul Skenes,3.99,,R,133,47,48,2,2,6,6,8,1,0,3,0,3,3.5,6.7,2,2,4,4,11.5,7.7,2,2,10,10,5.4,10.6,2,2,4,4,3.5,5.5,2,2,2,2,5.4,5.8,2,2,4,4,0.0,1.2,2,1,10,5,,1.0,0,1,3,2,6,4,0,5,1,0,1,0,12,12,3,3,6,6,-6,-6,S(6),S(6),S(6),,,6.0,,,2-22,2,22,3,3,1WR-C,E,10,C,1p60,53,48,101,53,48,54.66666667,4,1,SP,,
12876,Hunter Gaddis,1.67,,R,75,29,26,0,0,0,0,0,3,3,2,3,2,7.7,4.9,1,2,2,4,7.7,7.9,2,2,10,10,18.1,9.9,1,2,2,4,7.7,4.9,1,2,1,2,18.1,9.9,0,1,0,2,0.0,0.0,2,2,10,10,,,0,0,3,2,6,4,0,0,1,1,1,1,7,7,2,2,4,4,-5,-5,R(1),R(1),R(1),,,,1.0,,1-38,1,38,0,6,1WR-C,E,10,C,0p72,39,43,82,39,43,49.33333333,5,4,RP,,
13403,Tarik Skubal,2.95,,L,192,34,43,1,2,3,6,1,2,3,3,3,3,6.9,8.6,1,1,2,2,7.9,10.6,2,2,10,10,9.7,15.6,2,1,4,2,6.9,7.6,1,1,1,1,9.7,11.6,1,1,2,2,0.0,1.0,2,1,10,5,0.0,1.0,0,1,3,2,6,4,5,5,0,0,0,0,6,8,1,2,2,4,-3,-3,S(6),S(6),S(6),,,6.0,,,3-23,3,23,0,2,1WR-C,E,10,C,1p70,43,39,82,43,39,47.33333333,4,3,SP,,
12643,Cade Smith,1.53,,R,75,61,46,3,2,9,6,6,3,1,2,1,2,5.2,15.7,2,0,4,0,11.2,18.7,2,1,10,5,11.2,30.5,2,0,4,0,5.2,15.7,1,0,1,0,11.2,30.5,1,-1,2,-2,0.0,0.0,2,2,10,10,,,0,0,3,2,6,4,0,0,1,1,1,1,5,10,0,3,0,6,-1,-1,R(1) C(0),R(1) C(0),R(1),C(0),,,1.0,0.0,2-0,2,0,5,0,1WR-C,E,10,C,0p72,48,32,80,48,32,46.33333333,5,4,RP,CP,
12859,Griffin Jax,1.89,,R,71,44,57,2,3,6,9,2,3,2,2,2,2,8.8,5.0,1,2,2,4,10.8,8.0,2,2,10,10,14.5,10.6,1,2,2,4,8.8,5.0,1,2,1,2,14.5,10.6,1,1,2,2,0.0,0.0,2,2,10,10,0.0,,0,0,3,2,6,4,5,0,0,1,0,1,0,0,-3,-3,-6,-6,-4,-4,R(1) C(3),R(1) C(3),R(1),C(3),,,1.0,3.0,3-0,3,0,0,13,1WR-C,E,10,C,0p72,35,42,77,35,42,46.33333333,5,4,RP,CP,
12678,Chris Sale,3.14,,L,178,53,45,3,2,9,6,2,4,2,2,2,2,7.9,11.9,1,1,2,2,9.9,15.9,2,2,10,10,14.4,17.8,1,1,2,2,7.9,11.9,1,0,1,0,14.4,17.8,1,0,2,0,0.0,0.0,2,2,10,10,0.0,0.0,0,0,3,2,6,4,5,5,0,0,0,0,5,5,0,0,0,0,-1,-1,S(6),S(6),S(6),,,6.0,,,1-0,1,0,2,5,1WL-C,E,10,C,1p70,44,36,80,44,36,45.66666667,4,3,SP,,
12724,Daniel Coulombe,1.46,,L,30,25,46,0,2,0,6,0,7,3,1,3,1,1.6,2.2,2,2,4,4,1.6,9.2,3,2,15,10,6.4,8.8,2,2,4,4,0.0,0.0,3,3,3,3,0.0,0.0,3,3,6,6,1.6,2.2,1,0,5,0,,,2,3,1,0,2,0,0,0,1,1,1,1,12,12,3,3,6,6,-1,-1,R(1) C(0),R(1) C(0),R(1),C(0),,,1.0,0.0,2-0,2,0,0,18,1WL-C,E,10,C,5p30,49,41,90,49,41,45.66666667,0,2,RP,CP,
12785,Edwin Uceta,3.28,,R,42,41,65,2,3,6,9,0,5,3,2,3,2,14.3,0.0,0,3,0,6,14.3,5.0,2,3,10,15,21.8,0.0,1,3,2,6,14.3,0.0,0,3,0,3,21.8,0.0,0,3,0,6,0.0,0.0,2,2,10,10,0.0,,0,0,3,2,6,4,5,0,0,1,0,1,0,0,-3,-3,-6,-6,0,0,R(2) C(4),R(2) C(4),R(2),C(4),,,2.0,4.0,4-0,4,0,0,0,1WR-C,E,10,C,1p30,31,56,87,31,56,45.33333333,4,2,RP,CP,
13413,Tim Herrin,1.24,,L,66,38,31,1,0,3,0,3,18,2,-3,2,-3,2.2,6.3,2,2,4,4,5.2,24.3,2,0,10,0,2.4,11.5,2,2,4,4,2.2,6.3,2,1,2,1,2.4,11.5,2,1,4,2,0.0,0.0,2,2,10,10,,0.0,0,0,3,2,6,4,0,5,1,0,1,0,11,11,3,3,6,6,0,0,R(1),R(1),R(1),,,,1.0,,2-22,2,22,6,11,1WL-C,E,10,C,0p72,52,28,80,52,28,45.0,5,4,RP,,
13452,Tyler Holton,1.58,,L,94,21,24,-1,0,-3,0,0,3,3,2,3,2,4.7,5.1,2,2,4,4,4.7,8.1,2,2,10,10,12.1,9.9,2,2,4,4,3.5,4.3,2,2,2,2,7.3,6.7,1,2,2,4,1.2,0.8,1,1,5,5,,,2,0,1,2,2,4,0,0,1,1,1,1,12,11,3,3,6,6,-2,-2,S(1) R(1) C(4),S(1) R(1) C(4),S(1),R(1),C(4),1.0,1.0,4.0,2-0,2,0,0,0,1WL-C,E,10,C,1p70,36,42,78,36,42,45.0,4,3,SP,RP,CP
13402,Tanner Scott,2.67,,L,72,61,31,3,0,9,0,15,16,-2,-3,-2,-3,0.0,6.0,3,2,6,4,15.0,22.0,2,1,10,5,0.0,6.8,3,2,6,4,0.0,6.0,3,1,3,1,0.0,6.8,3,2,6,4,0.0,0.0,2,2,10,10,,0.0,0,0,3,2,6,4,0,5,1,0,1,0,2,3,-2,-1,-4,-2,0,0,R(1) C(5),R(1) C(5),R(1),C(5),,,1.0,5.0,3-40,3,40,0,0,1WR-C,E,10,C,0p72,51,27,78,51,27,44.0,5,4,RP,CP,
13081,Kirby Yates,2.57,,R,62,51,59,3,3,9,9,18,9,-3,0,-3,0,1.4,0.0,2,3,4,6,19.4,9.0,1,2,5,10,2.4,0.0,2,3,4,6,1.4,0.0,2,3,2,3,2.4,0.0,2,3,4,6,0.0,0.0,2,2,10,10,0.0,,0,0,3,2,6,4,5,0,0,1,0,1,0,0,-3,-3,-6,-6,1,1,R(1) C(6),R(1) C(6),R(1),C(6),,,1.0,6.0,2-23,2,23,11,3,1WL-C,E,10,C,1p50,35,49,84,35,49,43.66666667,4,0,RP,CP,
13294,Raisel Iglesias,2.01,,R,69,35,33,1,1,3,3,0,0,3,3,3,3,5.3,8.0,2,1,4,2,5.3,8.0,2,2,10,10,11.3,15.2,2,1,4,2,5.3,6.6,1,1,1,1,11.3,9.6,1,1,2,2,0.0,1.4,2,1,10,5,,2.0,0,2,3,1,6,2,0,5,1,0,1,0,6,7,1,2,2,4,-3,-3,R(1) C(6),R(1) C(6),R(1),C(6),,,1.0,6.0,2-0,2,0,0,3,1WR-C,E,10,C,1p60,46,34,80,46,34,43.0,4,1,RP,CP,
12751,Dedniel Nunez,1.65,,R,35,49,54,2,3,6,9,4,2,2,3,2,3,11.9,7.6,1,2,2,4,15.9,9.6,1,2,5,10,18.5,14.1,1,2,2,4,11.1,6.4,0,1,0,1,15.3,9.3,1,1,2,2,0.8,1.2,2,1,10,5,1.0,1.0,1,1,2,2,4,4,5,5,0,0,0,0,6,8,1,2,2,4,0,0,R(2) C(0),R(2) C(0),R(2),C(0),,,2.0,0.0,4-51,4,51,20,6,1WR-C,E,10,C,5p20,35,46,81,35,46,41.66666667,0,3,RP,CP,
13164,Mason Miller,1.77,,R,65,70,63,3,3,9,9,4,10,2,-1,2,-1,1.8,1.4,2,2,4,4,5.8,11.4,2,2,10,10,7.2,5.6,2,2,4,4,0.0,0.0,3,3,3,3,0.0,0.0,3,3,6,6,1.8,1.4,0,1,0,5,,,2,2,1,1,2,2,0,0,1,1,1,1,0,1,-3,-2,-6,-4,2,2,R(1) C(6),R(1) C(6),R(1),C(6),,,1.0,6.0,4-0,4,0,0,7,1WR-C,E,10,C,2p60,35,39,74,35,39,40.33333333,3,1,RP,CP,
12818,Framber Valdez,2.3,,L,176,38,25,1,0,3,0,2,10,2,-1,2,-1,12.6,11.6,0,1,0,2,14.6,21.6,2,1,10,5,20.0,15.1,1,1,2,2,11.8,11.0,0,1,0,1,16.8,12.7,0,1,0,2,0.8,0.6,2,2,10,10,1.0,0.0,1,0,2,2,4,4,5,5,0,0,0,0,12,13,3,3,6,6,-2,-2,S(6),S(6),S(6),,,6.0,,,3-8,3,8,2,10,1WR-C,E,10,C,1p70,37,31,68,37,31,40.0,4,3,SP,,
13015,Jose Butto,2.23,,R,74,28,43,0,2,0,6,33,7,-3,1,-3,1,1.3,5.5,2,2,4,4,34.3,12.5,-1,2,-5,10,4.0,13.4,2,2,4,4,0.5,4.3,2,2,2,2,0.8,8.6,2,2,4,4,0.8,1.2,2,1,10,5,,,0,1,3,2,6,4,0,0,1,1,1,1,11,12,3,3,6,6,-2,-2,S(5) R(3) C(2),S(5) R(3) C(2),S(5),R(3),C(2),5.0,3.0,2.0,2-0,2,0,5,6,1WR-C,E,10,C,1p40,29,47,76,29,47,40.0,4,1,SP,RP,CP
12956,Jesus Tinoco,1.95,,R,41,33,31,1,0,3,0,6,6,1,1,1,1,4.3,7.8,2,1,4,2,10.3,13.8,2,2,10,10,7.3,14.0,2,2,4,4,3.3,7.8,2,1,2,1,3.3,14.0,2,1,4,2,1.0,0.0,1,2,5,10,,0.0,1,0,2,2,4,4,0,5,1,0,1,0,4,4,-1,-1,-2,-2,1,1,R(2) C(2),R(2) C(2),R(2),C(2),,,2.0,2.0,4-0,4,0,0,5,1WR-C,E,10,C,1p30,36,32,68,36,32,39.33333333,4,2,RP,CP,
13290,Porter Hodge,1.45,,R,43,57,34,3,1,9,3,13,19,-1,-3,-1,-3,5.7,0.0,2,3,4,6,18.7,19.0,1,1,5,5,13.8,0.0,1,3,2,6,5.7,0.0,1,3,1,3,13.8,0.0,1,3,2,6,0.0,0.0,2,2,10,10,,,0,0,3,2,6,4,0,0,1,1,1,1,0,0,-3,-3,-6,-6,-2,-2,R(1) C(4),R(1) C(4),R(1),C(4),,,1.0,4.0,2-0,2,0,0,5,1WR-C,E,10,C,1p40,33,35,68,33,35,38.66666667,4,1,RP,CP,
12580,Blake Snell,1.51,,L,104,61,49,3,2,9,6,13,14,-1,-2,-1,-2,2.2,4.1,2,2,4,4,15.2,18.1,2,1,10,5,2.2,6.7,2,2,4,4,2.2,4.1,2,2,2,2,2.2,6.7,2,2,4,4,0.0,0.0,2,2,10,10,,,0,0,3,2,6,4,0,0,1,1,1,1,0,0,-3,-3,-6,-6,3,3,S(5),S(5),S(5),,,5.0,,,2-14,2,14,0,18,1WL-C,E,10,C,3p60,43,32,75,43,32,38.66666667,2,1,SP,,
13451,Tyler Glasnow,1.28,,R,134,47,43,2,2,6,6,6,5,1,2,1,2,8.0,6.7,1,2,2,4,14.0,11.7,2,2,10,10,20.0,16.7,1,1,2,2,6.0,5.1,1,2,1,2,12.0,10.3,1,1,2,2,2.0,1.6,0,1,0,5,,,3,1,0,2,0,4,0,0,1,1,1,1,11,11,3,3,6,6,3,3,S(6),S(6),S(6),,,6.0,,,4-0,4,0,3,20,1WL-C,E,10,C,3p60,31,44,75,31,44,38.33333333,2,1,SP,,
12755,Devin Williams,3.1,,R,22,55,62,3,3,9,9,17,16,-2,-3,-2,-3,5.7,0.0,2,3,4,6,22.7,16.0,0,2,0,10,11.4,0.0,2,3,4,6,5.7,0.0,1,3,1,3,11.4,0.0,1,3,2,6,0.0,0.0,2,2,10,10,,,0,0,3,2,6,4,0,0,1,1,1,1,0,0,-3,-3,-6,-6,0,0,R(1) C(5),R(1) C(5),R(1),C(5),,,1.0,5.0,3-0,3,0,0,10,1WR-C,E,10,C,5p20,29,46,75,29,46,37.66666667,0,3,RP,CP,
12965,Joe Jimenez,1.26,,R,69,41,40,2,2,6,6,6,11,1,-1,1,-1,7.9,8.8,1,1,2,2,13.9,19.8,2,1,10,5,8.9,14.0,2,2,4,4,7.9,8.8,1,1,1,1,8.9,14.0,1,1,2,2,0.0,0.0,2,2,10,10,0.0,0.0,0,0,3,2,6,4,5,5,0,0,0,0,1,1,-2,-2,-4,-4,-1,-1,R(1) C(2),R(1) C(2),R(1),C(2),,,1.0,2.0,3-21,3,21,0,0,1WR-C,E,10,C,1p60,38,29,67,38,29,37.0,4,1,RP,CP,
13118,Logan Gilbert,1.21,,R,209,41,31,2,0,6,0,1,1,3,3,3,3,11.5,7.0,1,2,2,4,12.5,8.0,2,2,10,10,26.5,18.9,0,1,0,2,9.1,4.6,1,2,1,2,16.9,9.3,0,1,0,2,2.4,2.4,0,0,0,0,4.0,,4,3,-1,0,-2,0,5,0,0,1,0,1,11,12,3,3,6,6,0,0,S(6*),S(6),S(6),,,6.0,,,5-21,5,21,0,13,1WR-C,E,10,C,0p72,26,30,56,26,30,36.33333333,5,4,SP,,
12831,Garrett Crochet,2.02,,L,146,48,53,2,3,6,9,9,2,0,3,0,3,10.6,10.6,1,1,2,2,19.5,12.6,1,2,5,10,14.0,22.9,1,1,2,2,10.6,8.2,0,1,0,1,14.0,13.3,1,1,2,2,0.0,2.4,2,0,10,0,0.0,4.0,0,4,3,-1,6,-2,5,5,0,0,0,0,4,3,-1,-1,-2,-2,2,2,S(4),S(4),S(4),,,4.0,,,5-10,5,10,2,4,1WL-C,E,10,C,0p72,31,25,56,31,25,36.0,5,4,SP,,
12601,Brant Hurter,2.06,,L,45,32,14,1,-2,3,-6,0,0,3,3,3,3,11.4,9.4,1,1,2,2,11.4,9.4,2,2,10,10,14.3,22.5,1,1,2,2,11.0,7.4,0,1,0,1,12.7,14.5,1,1,2,2,0.4,2.0,2,0,10,0,0.0,,0,2,3,1,6,2,5,0,0,1,0,1,9,9,3,3,6,6,-3,-3,S(4) R(4),S(4) R(4),S(4),R(4),,4.0,4.0,,4-0,4,0,9,0,1WL-C,E,10,C,1p30,44,23,67,44,23,36.0,4,2,SP,RP,
13124,Lucas Erceg,0.93,,R,62,45,33,2,1,6,3,7,1,1,3,1,3,10.9,11.2,1,1,2,2,17.9,12.2,1,2,5,10,16.3,16.5,1,1,2,2,10.9,11.2,0,0,0,0,16.3,16.5,0,0,0,0,0.0,0.0,2,2,10,10,0.0,0.0,0,0,3,2,6,4,5,5,0,0,0,0,5,4,0,-1,0,-2,-2,-2,R(1) C(4),R(1) C(4),R(1),C(4),,,1.0,4.0,4-23,4,23,7,19,1WL-C,E,10,C,1p50,32,32,64,32,32,36.0,4,0,RP,CP,
13332,Ryan Helsley,2.17,,R,66,43,39,2,2,6,6,6,9,1,0,1,0,15.3,7.8,0,1,0,2,21.3,16.8,1,1,5,5,16.0,7.8,1,2,2,4,15.3,7.8,0,1,0,1,16.0,7.8,0,2,0,4,0.0,0.0,2,2,10,10,0.0,0.0,0,0,3,2,6,4,5,5,0,0,0,0,4,5,-1,0,-2,0,-1,-1,R(1) C(6),R(1) C(6),R(1),C(6),,,1.0,6.0,4-0,4,0,0,3,1WR-C,E,10,C,1p60,28,36,64,28,36,35.66666667,4,1,RP,CP,
13433,Trevor Megill,1.35,,R,46,39,35,2,1,6,3,7,1,1,3,1,3,13.5,10.8,0,1,0,2,20.5,11.8,1,2,5,10,14.3,16.8,1,1,2,2,13.5,8.8,0,1,0,1,14.3,8.8,1,2,2,4,0.0,2.0,2,0,10,0,0.0,3.0,0,3,3,0,6,0,5,5,0,0,0,0,13,12,3,3,6,6,9,9,R(1) C(5),R(1) C(5),R(1),C(5),,,1.0,5.0,3-0,3,0,0,20,1WL-C,E,10,C,4p40,38,31,69,38,31,35.33333333,1,1,RP,CP,
12950,Jeremiah Estrada,0.94,,R,61,59,52,3,3,9,9,11,10,-1,-1,-1,-1,3.8,8.9,2,1,4,2,14.8,18.9,2,1,10,5,5.6,14.0,2,2,4,4,3.8,8.1,2,1,2,1,5.6,10.8,2,1,4,2,0.0,0.8,2,1,10,5,,1.0,0,1,3,2,6,4,0,5,1,0,1,0,0,0,-3,-3,-6,-6,-3,-3,R(1) C(0),R(1) C(0),R(1),C(0),,,1.0,0.0,3-24,3,24,0,19,1WS-C,E,10,C,1p50,43,25,68,43,25,35.0,4,0,RP,CP,
13400,Tanner Houck,1.76,,R,179,16,27,-2,0,-6,0,7,4,1,2,1,2,9.9,17.8,1,0,2,0,16.9,21.8,1,1,5,5,13.7,20.8,1,1,2,2,9.9,17.8,1,-1,1,-1,13.7,20.8,1,0,2,0,0.0,0.0,2,2,10,10,0.0,0.0,0,0,3,2,6,4,5,5,0,0,0,0,8,8,2,2,4,4,0,0,S(6),S(6),S(6),,,6.0,,,2-0,2,0,0,2,1WR-C,E,10,C,1p70,27,26,53,27,26,33.33333333,4,3,SP,,
12575,Ben Joyce,2.35,,R,35,36,18,1,-1,3,-3,12,14,-1,-2,-1,-2,5.8,13.6,2,0,4,0,17.8,27.6,1,0,5,0,5.8,13.6,2,2,4,4,5.8,13.6,1,0,1,0,5.8,13.6,2,1,4,2,0.0,0.0,2,2,10,10,0.0,0.0,0,0,3,2,6,4,5,5,0,0,0,0,10,12,3,3,6,6,-2,-2,R(1) C(3),R(1) C(3),R(1),C(3),,,1.0,3.0,4-42,4,42,0,20,1WR-C,E,10,C,2p30,42,21,63,42,21,33.0,3,2,RP,CP,
12653,Carlos Estevez,1.83,,R,55,29,26,0,0,0,0,0,0,3,3,3,3,7.9,7.3,1,2,2,4,7.9,7.3,2,2,10,10,12.7,19.8,2,1,4,2,6.3,6.3,1,1,1,1,6.3,15.8,2,1,4,2,1.6,1.0,1,1,5,5,2.0,0.0,2,0,1,2,2,4,5,5,0,0,0,0,3,3,-1,-1,-2,-2,-1,-1,R(1) C(5),R(1) C(5),R(1),C(5),,,1.0,5.0,3-26,3,26,0,13,1WR-C,E,10,C,1p50,29,29,58,29,29,33.0,4,0,RP,CP,
13077,Kevin Kelly,1.15,,R,71,19,29,-1,0,-3,0,0,0,3,3,3,3,13.4,16.1,0,0,0,0,13.4,16.1,2,2,10,10,21.0,21.8,1,1,2,2,12.0,15.3,0,0,0,0,15.4,18.6,0,0,0,0,1.4,0.8,1,1,5,5,1.0,1.0,1,1,2,2,4,4,5,5,0,0,0,0,9,9,3,3,6,6,0,0,R(1) C(0),R(1) C(0),R(1),C(0),,,1.0,0.0,3-0,3,0,0,2,1WR-C,E,10,C,1p60,27,30,57,27,30,33.0,4,1,RP,CP,
12626,Bryan Hudson,2.89,,L,62,33,35,1,1,3,3,15,4,-2,2,-2,2,0.4,2.8,2,2,4,4,15.4,6.8,1,3,5,15,1.6,11.2,2,2,4,4,0.0,0.0,3,3,3,3,0.0,0.0,3,3,6,6,0.4,2.8,2,-1,10,-5,,,0,5,3,-2,6,-4,0,0,1,1,1,1,2,2,-2,-2,-4,-4,-2,-2,R(2),R(2),R(2),,,,2.0,,2-0,2,0,7,3,1WL-C,E,10,C,2p40,36,25,61,36,25,32.66666667,3,1,RP,,
13265,Osvaldo Bido,2.01,,R,63,21,38,-1,1,-3,3,18,9,-3,0,-3,0,0.0,12.7,3,1,6,2,18.0,21.7,1,1,5,5,0.0,25.3,3,0,6,0,0.0,12.7,3,0,3,0,0.0,25.3,3,-1,6,-2,0.0,0.0,2,2,10,10,,,0,0,3,2,6,4,0,0,1,1,1,1,6,5,1,0,2,0,2,2,S(5) R(4),S(5) R(4),S(5),R(4),,5.0,4.0,,4-23,4,23,0,10,1WR-C,E,10,C,2p40,39,23,62,39,23,32.33333333,3,1,SP,RP,
13150,Manuel Rodriguez,1.4,,R,38,14,35,-2,1,-6,3,9,3,0,2,0,2,7.4,6.9,1,2,2,4,16.5,9.9,1,2,5,10,7.4,16.8,2,1,4,2,7.4,4.1,1,2,1,2,7.4,5.6,1,2,2,4,0.0,2.8,2,-1,10,-5,0.0,5.0,0,5,3,-2,6,-4,5,5,0,0,0,0,11,11,3,3,6,6,-2,-2,R(1) C(1),R(1) C(1),R(1),C(1),,,1.0,1.0,3-0,3,0,0,12,1WR-C,E,10,C,1p30,30,24,54,30,24,32.0,4,2,RP,CP,
13071,Kenley Jansen,1.14,,R,55,38,39,1,2,3,6,7,11,1,-1,1,-1,7.5,6.2,1,2,2,4,14.4,17.1,2,1,10,5,12.5,13.5,2,2,4,4,7.1,5.4,1,2,1,2,10.9,10.3,1,1,2,2,0.4,0.8,2,1,10,5,1.0,,1,0,2,2,4,4,5,0,0,1,0,1,0,0,-3,-3,-6,-6,8,8,R(1) C(6),R(1) C(6),R(1),C(6),,,1.0,6.0,5-0,5,0,11,8,1WS-C,E,10,C,1p50,31,26,57,31,26,31.66666667,4,0,RP,CP,
13088,Kyle Bradish,1.91,,R,39,51,43,3,2,9,6,8,15,0,-3,0,-3,5.0,10.4,2,1,4,2,13.0,25.4,2,0,10,0,9.8,23.0,2,1,4,2,5.0,10.4,1,1,1,1,9.8,23.0,1,0,2,0,0.0,0.0,2,2,10,10,0.0,,0,0,3,2,6,4,5,0,0,1,0,1,5,3,0,-1,0,-2,-6,-6,S(5),S(5),S(5),,,5.0,,,2-0,2,0,0,11,1WR-C,E,10,C,6p20,46,21,67,46,21,31.33333333,-1,3,SP,,
13368,Seth Lugo,2.31,,R,207,26,19,0,-1,0,-3,6,1,1,3,1,3,17.8,11.5,0,1,0,2,23.8,12.5,0,2,0,10,28.0,19.4,0,1,0,2,17.8,10.1,-1,1,-1,1,28.0,13.8,-1,1,-2,2,0.0,1.4,2,1,10,5,0.0,1.0,0,1,3,2,6,4,5,5,0,0,0,0,8,8,2,2,4,4,-1,-1,S(6*),S(6),S(6),,,6.0,,,1-0,1,0,0,4,1WR-C,E,10,C,0p72,18,30,48,18,30,31.0,5,4,SP,,
13033,Josh Hader,0.41,,L,71,63,49,3,2,9,6,12,10,-1,-1,-1,-1,0.0,5.7,3,2,6,4,12.0,15.6,2,2,10,10,0.0,21.0,3,1,6,2,0.0,1.2,3,2,3,2,0.0,3.0,3,2,6,4,0.0,4.5,2,-2,10,-10,,7.0,0,7,3,-3,6,-6,0,5,1,0,1,0,3,0,-1,-3,-2,-6,-2,-2,R(1) C(6),R(1) C(6),R(1),C(6),,,1.0,6.0,2-0,2,0,10,13,1WL-C,E,10,C,0p72,54,5,59,54,5,30.33333333,5,4,RP,CP,
13524,Zack Wheeler,2.75,,R,200,33,42,1,2,3,6,11,0,-1,3,-1,3,11.5,3.8,1,2,2,4,22.6,3.8,0,3,0,15,28.4,4.9,0,2,0,4,8.9,3.8,1,2,1,2,18.0,4.9,0,2,0,4,2.6,0.0,-1,2,-5,10,3.0,0.0,3,0,0,2,0,4,5,5,0,0,0,0,7,6,2,1,4,2,0,0,S(6*),S(6),S(6),,,6.0,,,1-0,1,0,0,9,1WL-C,E,10,C,0p72,4,54,58,4,54,29.66666667,5,4,SP,,
13317,Robert Garcia,0.0,,L,60,35,43,1,2,3,6,9,2,0,3,0,3,12.7,18.2,0,0,0,0,21.7,20.1,1,1,5,5,17.1,22.0,1,1,2,2,12.7,17.2,0,-1,0,-1,17.1,18.0,0,0,0,0,0.0,1.0,2,1,10,5,0.0,0.0,0,0,3,2,6,4,5,5,0,0,0,0,2,2,-2,-2,-4,-4,-1,-1,R(1),R(1),R(1),,,,1.0,,5-24,5,24,0,15,1WR-C,E,10,C,0p72,22,20,42,22,20,29.66666667,5,4,RP,,
13306,Reynaldo Lopez,3.38,,R,136,33,37,1,1,3,3,15,0,-2,3,-2,3,14.0,10.4,0,1,0,2,29.1,10.4,0,2,0,10,20.5,18.0,1,1,2,2,12.8,10.4,0,1,0,1,15.7,18.0,0,0,0,0,1.2,0.0,1,2,5,10,1.0,0.0,1,0,2,2,4,4,5,5,0,0,0,0,8,12,2,3,4,6,5,5,S(6),S(6),S(6),,,6.0,,,5-0,5,0,2,3,1WR-C,E,10,C,1p60,16,41,57,16,41,29.33333333,4,1,SP,,
13142,Luke Little,0.55,,L,26,41,27,2,0,6,0,19,34,-3,-3,-3,-3,5.1,4.1,2,2,4,4,24.1,38.1,0,-2,0,-10,10.1,6.9,2,2,4,4,5.1,4.1,1,2,1,2,10.1,6.9,1,2,2,4,0.0,0.0,2,2,10,10,,,0,0,3,2,6,4,0,0,1,1,1,1,11,11,3,3,6,6,2,2,R(1),R(1),R(1),,,,1.0,,2-0,2,0,0,20,1WL-C,E,10,C,5p30,37,22,59,37,22,29.0,0,2,RP,,
12627,Bryan King,1.09,,L,26,46,32,2,1,6,3,11,13,-1,-2,-1,-2,13.8,9.1,0,1,0,2,24.8,22.1,0,1,0,5,17.2,17.0,1,1,2,2,13.8,9.1,0,1,0,1,17.2,17.0,0,0,0,0,0.0,0.0,2,2,10,10,0.0,0.0,0,0,3,2,6,4,5,5,0,0,0,0,1,9,-2,3,-4,6,-1,-1,R(1),R(1),R(1),,,,1.0,,2-0,2,0,0,0,1WR-C,E,10,C,1p30,19,31,50,19,31,29.0,4,2,RP,,
13483,Will Vest,1.02,,R,70,18,28,-1,0,-3,0,14,0,-2,3,-2,3,7.7,19.9,1,-1,2,-2,21.7,19.9,1,1,5,5,7.7,27.4,2,0,4,0,7.7,19.9,1,-1,1,-1,7.7,27.4,1,-1,2,-2,0.0,0.0,2,2,10,10,0.0,0.0,0,0,3,2,6,4,5,5,0,0,0,0,7,7,2,2,4,4,-1,-1,R(1) C(1),R(1) C(1),R(1),C(1),,,1.0,1.0,2-0,2,0,0,13,1WR-C,E,10,C,1p60,29,21,50,29,21,28.66666667,4,1,RP,CP,
13323,Ronel Blanco,2.42,,R,167,27,30,0,0,0,0,13,14,-1,-2,-1,-2,4.1,5.3,2,2,4,4,17.1,19.4,1,1,5,5,13.6,13.5,1,2,2,4,1.5,4.1,2,2,2,2,3.2,8.7,2,2,4,4,2.6,1.2,-1,1,-5,5,,,4,1,-1,2,-2,4,0,0,1,1,1,1,9,9,3,3,6,6,-4,-4,S(6),S(6),S(6),,,6.0,,,1-26,1,26,0,3,1WR-C,E,10,C,1p70,16,33,49,16,33,28.66666667,4,3,SP,,
13263,Orion Kerkering,1.22,,R,63,41,36,2,1,6,3,13,2,-1,3,-1,3,16.4,12.7,0,1,0,2,29.4,14.7,0,2,0,10,19.8,20.5,1,1,2,2,16.4,12.7,-1,0,-1,0,19.8,20.5,0,0,0,0,0.0,0.0,2,2,10,10,0.0,0.0,0,0,3,2,6,4,5,5,0,0,0,0,2,7,-2,2,-4,4,3,3,S(1) R(1),S(1) R(1),S(1),R(1),,1.0,1.0,,5-0,5,0,0,3,1WR-C,E,10,C,1p50,18,38,56,18,38,28.66666667,4,0,SP,RP,
12878,Hunter Greene,3.77,,R,150,47,28,2,0,6,0,15,13,-2,-2,-2,-2,4.8,6.3,2,2,4,4,19.8,19.3,1,1,5,5,12.0,13.1,2,2,4,4,3.6,5.3,2,2,2,2,7.2,9.1,2,1,4,2,1.2,1.0,1,1,5,5,,,0,0,3,2,6,4,0,0,1,1,1,1,0,0,-3,-3,-6,-6,1,1,S(6),S(6),S(6),,,6.0,,,3-0,3,0,2,10,1WR-C,E,10,C,1p65,29,19,48,29,19,28.33333333,4,2,SP,,
13121,Logan Webb,1.63,,R,205,25,15,0,-2,0,-6,7,0,1,3,1,3,20.5,20.5,-1,-1,-2,-2,27.4,20.5,0,1,0,5,29.1,23.4,0,1,0,2,20.5,20.5,-1,-1,-1,-1,29.1,23.4,-1,0,-2,0,0.0,0.0,2,2,10,10,0.0,0.0,0,0,3,2,6,4,5,5,0,0,0,0,12,12,3,3,6,6,2,2,S(6*),S(6),S(6),,,6.0,,,3-14,3,14,2,4,1WR-C,E,10,C,0p72,18,21,39,18,21,28.0,5,4,SP,,
13437,Trevor Williams,2.93,,R,67,25,24,0,0,0,0,8,5,0,2,0,2,13.1,9.3,0,1,0,2,21.1,14.3,1,2,5,10,21.6,9.3,1,2,2,4,13.1,9.3,0,1,0,1,21.6,9.3,0,1,0,2,0.0,0.0,2,2,10,10,0.0,0.0,0,0,3,2,6,4,5,5,0,0,0,0,5,5,0,0,0,0,-6,-6,S(5),S(5),S(5),,,5.0,,,2-0,2,0,7,0,1WR-C,E,10,C,5p40,23,35,58,23,35,28.0,0,1,SP,,
13353,Sam Moll,1.02,,L,38,44,22,2,-1,6,-3,3,14,2,-2,2,-2,3.0,12.4,2,1,4,2,6.0,26.4,2,0,10,0,6.0,23.7,2,1,4,2,2.0,10.8,2,1,2,1,2.0,17.3,2,0,4,0,1.0,1.6,1,1,5,5,,0.0,0,0,3,2,6,4,0,5,1,0,1,0,7,7,2,2,4,4,3,3,R(1),R(1),R(1),,,,1.0,,4-0,4,0,0,0,1WL-C,E,10,C,4p30,48,13,61,48,13,27.66666667,1,2,RP,,
12527,Alex Vesia,1.16,,L,66,47,50,2,3,6,9,14,19,-2,-3,-2,-3,2.5,1.6,2,2,4,4,16.5,20.6,1,1,5,5,9.7,6.4,2,2,4,4,0.1,0.0,2,3,2,3,0.1,0.0,2,3,4,6,2.4,1.6,0,1,0,5,,,3,1,0,2,0,4,0,0,1,1,1,1,0,0,-3,-3,-6,-6,0,0,R(1) C(2),R(1) C(2),R(1),C(2),,,1.0,2.0,3-22,3,22,0,6,1WL-C,E,10,C,1p60,18,32,50,18,32,27.66666667,4,1,RP,CP,
12967,Joe Mantiply,0.48,,L,60,27,20,0,-1,0,-3,0,4,3,2,3,2,12.1,19.5,1,-1,2,-2,12.1,23.5,2,0,10,0,25.2,35.3,0,-1,0,-2,12.1,19.5,0,-1,0,-1,25.2,35.3,-1,-2,-2,-4,0.0,0.0,2,2,10,10,0.0,0.0,0,0,3,2,6,4,5,5,0,0,0,0,12,12,3,3,6,6,4,4,S(1) R(1) C(0),S(1) R(1) C(0),S(1),R(1),C(0),1.0,1.0,0.0,4-24,4,24,5,11,1WR-C,E,10,C,0p72,35,10,45,35,10,27.33333333,5,4,SP,RP,CP
12512,AJ Puk,1.41,,L,71,51,36,3,1,9,3,2,15,2,-3,2,-3,7.4,10.8,1,1,2,2,9.4,25.8,2,0,10,0,14.3,22.7,1,1,2,2,7.4,10.2,1,1,1,1,14.3,20.3,1,0,2,0,0.0,0.6,2,2,10,10,,,0,1,3,2,6,4,0,0,1,1,1,1,0,0,-3,-3,-6,-6,0,0,S(4) R(3) C(2),S(4) R(3) C(2),S(4),R(3),C(2),4.0,3.0,2.0,3-0,3,0,5,6,1WL-C,E,10,C,1p40,39,14,53,39,14,27.33333333,4,1,SP,RP,CP
13057,Justin Slaten,1.17,,R,55,43,24,2,0,6,0,0,0,3,3,3,3,7.8,19.4,1,-1,2,-2,7.8,19.4,2,1,10,5,12.5,23.6,2,1,4,2,7.6,19.0,1,-1,1,-1,11.7,22.0,1,0,2,0,0.2,0.4,2,2,10,10,,0.0,1,0,2,2,4,4,0,5,1,0,1,0,2,2,-2,-2,-4,-4,-2,-2,R(2) C(1),R(2) C(1),R(2),C(1),,,2.0,1.0,2-0,2,0,0,17,1WR-C,E,10,C,4p30,39,17,56,39,17,27.33333333,1,2,RP,CP,
13243,Nick Martinez,2.11,,R,142,22,17,-1,-1,-3,-3,0,0,3,3,3,3,17.5,14.1,0,0,0,0,17.5,14.1,1,2,5,10,29.2,28.1,0,0,0,0,15.9,12.9,-1,0,-1,0,22.8,23.3,0,0,0,0,1.6,1.2,1,1,5,5,0.0,1.0,0,1,3,2,6,4,5,5,0,0,0,0,7,7,2,2,4,4,0,0,S(5) R(3),S(5) R(3),S(5),R(3),,5.0,3.0,,4-30,4,30,0,6,1WL-C,E,10,C,1p70,19,23,42,19,23,27.33333333,4,3,SP,RP,
13425,Tony Santillan,1.12,,R,30,58,54,3,3,9,9,0,13,3,-2,3,-2,4.2,6.1,2,2,4,4,4.2,19.1,3,1,15,5,7.2,18.2,2,1,4,2,3.2,2.5,2,2,2,2,3.2,3.8,2,2,4,4,1.0,3.6,1,-2,5,-10,0.0,,0,3,3,0,6,0,5,0,0,1,0,1,0,0,-3,-3,-6,-6,-2,-2,R(1),R(1),R(1),,,,1.0,,3-51,3,51,0,7,1WR-C,E,10,C,1p30,46,9,55,46,9,27.33333333,4,2,RP,,
13364,Sean Reid-Foley,0.44,,R,22,42,32,2,1,6,3,26,25,-3,-3,-3,-3,2.0,3.2,2,2,4,4,28.0,28.2,0,0,0,0,3.2,3.2,2,2,4,4,2.0,3.2,2,2,2,2,3.2,3.2,2,2,4,4,0.0,0.0,2,2,10,10,,0.0,0,0,3,2,6,4,0,5,1,0,1,0,0,0,-3,-3,-6,-6,5,5,R(1),R(1),R(1),,,,1.0,,5-0,5,0,0,10,1WR-C,E,10,C,5p20,28,22,50,28,22,27.0,0,3,RP,,
12771,Dylan Cease,2.0,,R,189,32,46,1,2,3,6,9,10,0,-1,0,-1,10.4,7.0,1,2,2,4,19.5,17.0,1,1,5,5,23.0,13.1,0,2,0,4,8.6,6.2,1,1,1,1,15.8,9.9,0,1,0,2,1.8,0.8,0,1,0,5,2.0,0.0,2,0,1,2,2,4,5,5,0,0,0,0,5,3,0,-1,0,-2,-3,-3,S(6),S(6),S(6),,,6.0,,,3-0,3,0,0,15,1WR-C,E,10,C,0p72,13,28,41,13,28,27.0,5,4,SP,,
13145,Luke Weaver,1.63,,R,84,48,40,2,2,6,6,12,6,-1,1,-1,1,3.1,7.1,2,2,4,4,15.1,13.1,2,2,10,10,9.9,22.2,2,1,4,2,2.5,3.7,2,2,2,2,7.5,8.6,1,2,2,4,0.6,3.4,2,-1,10,-5,,,0,5,3,-2,6,-4,0,0,1,1,1,1,0,0,-3,-3,-6,-6,-5,-5,R(2) C(3),R(2) C(3),R(2),C(3),,,2.0,3.0,2-35,2,35,0,2,1WR-C,E,12,C,1p50,38,15,53,38,15,26.66666667,4,0,RP,CP,
12744,David Robertson,1.13,,R,72,56,43,3,2,9,6,7,10,1,-1,1,-1,3.3,17.0,2,0,4,0,10.3,27.0,2,0,10,0,6.3,19.3,2,1,4,2,2.3,17.0,2,-1,2,-1,2.3,19.3,2,0,4,0,1.0,0.0,1,2,5,10,1.0,0.0,1,0,2,2,4,4,5,5,0,0,0,0,0,0,-3,-3,-6,-6,-5,-5,R(1) C(1),R(1) C(1),R(1),C(1),,,1.0,1.0,2-0,2,0,5,20,1WR-C,E,10,C,1p60,37,14,51,37,14,26.66666667,4,1,RP,CP,
12754,Derek Law,1.52,,R,90,36,12,1,-2,3,-6,10,4,0,2,0,2,6.3,23.6,2,-1,4,-2,16.3,27.6,1,0,5,0,6.4,30.2,2,0,4,0,6.3,22.8,1,-2,1,-2,6.4,27.0,2,-1,4,-2,0.0,0.8,2,1,10,5,0.0,1.0,0,1,3,2,6,4,5,5,0,0,0,0,11,12,3,3,6,6,0,0,R(2) C(0),R(2) C(0),R(2),C(0),,,2.0,0.0,4-0,4,0,0,15,1WR-C,E,10,C,0p72,43,5,48,43,5,26.66666667,5,4,RP,CP,
13463,Tyson Miller,1.08,,R,62,26,26,0,0,0,0,0,3,3,2,3,2,11.4,5.4,1,2,2,4,11.4,8.4,2,2,10,10,24.4,11.9,0,2,0,4,8.4,4.0,1,2,1,2,12.4,6.3,1,2,2,4,3.0,1.4,-1,1,-5,5,6.0,,6,2,-3,1,-6,2,5,0,0,1,0,1,11,12,3,3,6,6,-2,-2,R(1) C(0),R(1) C(0),R(1),C(0),,,1.0,0.0,3-0,3,0,0,0,1WR-C,E,10,C,1p50,13,40,53,13,40,26.0,4,0,RP,CP,
12863,Hans Crouse,0.95,,R,25,33,56,1,3,3,9,40,14,-3,-2,-3,-2,0.0,4.9,3,2,6,4,40.0,18.9,-2,1,-10,5,0.0,15.0,3,1,6,2,0.0,2.3,3,2,3,2,0.0,4.6,3,2,6,4,0.0,2.6,2,-1,10,-5,,,0,3,3,0,6,0,0,0,1,1,1,1,5,0,0,-3,0,-6,6,6,R(1),R(1),R(1),,,,1.0,,4-51,4,51,0,8,1WL-C,E,10,C,1p20,28,14,42,28,14,25.66666667,4,3,RP,,
12752,Dennis Santana,0.9,,R,72,45,19,2,-1,6,-3,18,3,-3,2,-3,2,7.3,14.8,1,0,2,0,25.3,17.9,0,1,0,5,17.5,29.0,1,0,2,0,6.3,14.8,1,0,1,0,13.5,29.0,1,-1,2,-2,1.0,0.0,1,2,5,10,,0.0,0,0,3,2,6,4,0,5,1,0,1,0,5,8,0,2,0,4,0,0,R(2) C(2),R(2) C(2),R(2),C(2),,,2.0,2.0,4-0,4,0,10,2,1WR-C,E,10,C,1p40,22,20,42,22,20,25.66666667,4,1,RP,CP,
13304,Reese Olson,0.8,,R,112,28,18,0,-1,0,-3,11,2,-1,3,-1,3,16.6,12.9,0,1,0,2,27.7,14.9,0,2,0,10,24.2,20.6,0,1,0,2,16.0,12.9,-1,0,-1,0,21.8,20.6,0,0,0,0,0.6,0.0,2,2,10,10,1.0,0.0,1,0,2,2,4,4,5,5,0,0,0,0,8,8,2,2,4,4,1,1,S(5),S(5),S(5),,,5.0,,,5-13,5,13,0,7,1WR-C,E,10,C,2p60,16,32,48,16,32,25.33333333,3,1,SP,,
13387,Spencer Turnbull,1.66,,R,54,31,34,0,1,0,3,12,10,-1,-1,-1,-1,5.5,7.0,2,2,4,4,17.5,17.0,1,1,5,5,15.0,15.6,1,1,2,2,3.5,5.8,2,1,2,1,7.0,10.8,2,1,4,2,2.0,1.2,0,1,0,5,,2.0,2,2,1,1,2,2,0,5,1,0,1,0,6,6,1,1,2,2,3,3,S(5) R(3),S(5) R(3),S(5),R(3),,5.0,3.0,,4-0,4,0,0,8,1WR-C,E,10,C,4p30,21,25,46,21,25,25.33333333,1,2,SP,RP,
12559,Aroldis Chapman,0.31,,L,62,42,50,2,3,6,9,35,19,-3,-3,-3,-3,0.8,6.9,2,2,4,4,35.8,26.0,-1,0,-5,0,3.2,16.0,2,1,4,2,0.0,6.1,3,1,3,1,0.0,12.8,3,1,6,2,0.8,0.8,2,1,10,5,,,0,1,3,2,6,4,0,0,1,1,1,1,0,0,-3,-3,-6,-6,0,0,R(1) C(3),R(1) C(3),R(1),C(3),,,1.0,3.0,3-0,3,0,11,14,1WL-C,E,10,C,1p50,26,19,45,26,19,25.33333333,4,0,RP,CP,
12536,Andres Munoz,1.62,,R,59,49,49,2,2,6,6,21,7,-3,1,-3,1,2.8,0.4,2,2,4,4,23.9,7.4,0,2,0,10,11.4,1.6,2,2,4,4,0.0,0.0,3,3,3,3,0.2,0.0,2,3,4,6,2.8,0.4,-1,2,-5,10,,,5,0,-2,2,-4,4,0,0,1,1,1,1,0,10,-3,3,-6,6,1,1,R(1) C(5),R(1) C(5),R(1),C(5),,,1.0,5.0,4-24,4,24,6,12,1WR-C,E,10,C,1p50,4,55,59,4,55,25.0,4,0,RP,CP,
13328,Ryan Brasier,0.34,,R,28,10,44,-2,2,-6,6,0,5,3,2,3,2,16.0,9.3,0,1,0,2,16.0,14.3,1,2,5,10,31.8,27.0,0,0,0,0,15.6,6.1,0,1,0,1,30.2,14.2,-1,1,-2,2,0.4,3.2,2,-1,10,-5,0.0,,0,4,3,-1,6,-2,5,0,0,1,0,1,9,9,3,3,6,6,1,1,S(1) R(1),S(1) R(1),S(1),R(1),,1.0,1.0,,2-0,2,0,0,8,1WR-C,E,10,C,5p30,22,23,45,22,23,24.33333333,0,2,SP,RP,
13204,Michel Otanez,0.56,,R,34,52,42,3,2,9,6,25,19,-3,-3,-3,-3,0.1,11.5,2,1,4,2,25.1,30.5,0,-1,0,-5,0.1,15.8,2,1,4,2,0.1,11.5,2,0,2,0,0.1,15.8,2,1,4,2,0.0,0.0,2,2,10,10,,0.0,0,0,3,2,6,4,0,5,1,0,1,0,0,0,-3,-3,-6,-6,2,2,R(1) C(0),R(1) C(0),R(1),C(0),,,1.0,0.0,4-0,4,0,0,20,1WR-C,E,10,C,1p30,31,12,43,31,12,24.33333333,4,2,RP,CP,
12625,Bryan Hoeing,2.28,,R,54,26,15,0,-2,0,-6,5,5,2,2,2,2,5.1,18.4,2,0,4,0,10.1,23.4,2,0,10,0,5.1,25.8,2,0,4,0,5.1,17.4,1,-1,1,-1,5.1,21.8,2,0,4,0,0.0,1.0,2,1,10,5,0.0,1.0,0,1,3,2,6,4,5,5,0,0,0,0,10,10,3,3,6,6,2,2,S(4) R(3),S(4) R(3),S(4),R(3),,4.0,3.0,,2-27,2,27,0,20,1WR-C,E,10,C,5p30,47,10,57,47,10,24.33333333,0,2,SP,RP,
12622,Bryan Abreu,1.04,,R,78,34,53,1,3,3,9,15,10,-2,-1,-2,-1,13.8,3.2,0,2,0,4,28.8,13.1,0,2,0,10,25.1,9.4,0,2,0,4,12.0,1.8,0,2,0,2,17.9,3.8,0,2,0,4,1.8,1.4,0,1,0,5,3.0,2.0,3,2,0,1,0,2,5,5,0,0,0,0,6,4,1,-1,2,-2,3,3,R(1) C(0),R(1) C(0),R(1),C(0),,,1.0,0.0,5-0,5,0,4,11,1WR-C,E,10,C,0p72,3,37,40,3,37,23.33333333,5,4,RP,CP,
12874,Huascar Brazoban,0.42,,R,52,27,26,0,0,0,0,20,14,-3,-2,-3,-2,0.0,14.9,3,0,6,0,20.0,29.0,1,-1,5,-5,0.0,25.4,3,0,6,0,0.0,14.9,3,0,3,0,0.0,25.4,3,-1,6,-2,0.0,0.0,2,2,10,10,,0.0,0,0,3,2,6,4,0,5,1,0,1,0,6,5,1,0,2,0,0,0,R(2),R(2),R(2),,,,2.0,,3-28,3,28,0,17,1WR-C,E,10,C,1p30,42,5,47,42,5,23.33333333,4,2,RP,,
12639,Buck Farmer,1.72,,R,71,24,31,-1,0,-3,0,14,5,-2,2,-2,2,11.3,12.8,1,1,2,2,25.3,17.8,0,1,0,5,22.4,27.1,1,0,2,0,11.1,11.0,0,1,0,1,21.6,19.9,0,0,0,0,0.2,1.8,2,0,10,0,,,0,2,3,1,6,2,0,0,1,1,1,1,8,8,2,2,4,4,7,7,R(2) C(0),R(2) C(0),R(2),C(0),,,2.0,0.0,4-0,4,0,0,2,1WL-C,E,10,C,1p40,20,17,37,20,17,23.0,4,1,RP,CP,
13194,Michael Kopech,0.92,,R,68,56,36,3,1,9,3,16,18,-2,-3,-2,-3,2.0,5.2,2,2,4,4,18.0,23.2,1,0,5,0,8.0,14.2,2,2,4,4,0.0,2.2,3,2,3,2,0.0,2.2,3,2,6,4,2.0,3.0,0,-1,0,-5,,4.0,2,4,1,-1,2,-2,0,5,1,0,1,0,2,9,-2,3,-4,6,0,0,R(1) C(4),R(1) C(4),R(1),C(4),,,1.0,4.0,5-21,5,21,11,20,1WR-C,E,10,C,1p60,28,13,41,28,13,23.0,4,1,RP,CP,
12945,Jeff Hoffman,1.45,,R,66,53,45,3,2,9,6,0,8,3,0,3,0,15.2,4.3,0,2,0,4,15.2,12.3,2,2,10,10,36.8,4.3,-1,2,-2,4,12.6,4.3,0,2,0,2,26.4,4.3,-1,2,-2,4,2.6,0.0,-1,2,-5,10,3.0,0.0,3,0,0,2,0,4,5,5,0,0,0,0,0,2,-3,-2,-6,-4,0,0,R(1) C(3),R(1) C(3),R(1),C(3),,,1.0,3.0,4-0,4,0,0,18,1WR-C,E,12,C,1p60,7,40,47,7,40,23.0,4,1,RP,CP,
12717,Cristopher Sanchez,1.68,,L,182,19,20,-1,-1,-3,-3,1,4,3,2,3,2,21.4,22.4,-1,-1,-2,-2,22.4,26.4,1,0,5,0,26.0,28.1,0,0,0,0,21.4,22.4,-1,-2,-1,-2,26.0,28.1,-1,-1,-2,-2,0.0,0.0,2,2,10,10,0.0,0.0,0,0,3,2,6,4,5,5,0,0,0,0,9,9,3,3,6,6,1,1,S(6),S(6),S(6),,,6.0,,,3-40,3,40,2,8,1WL-C,E,10,C,1p70,22,13,35,22,13,23.0,4,3,SP,,
12804,Erick Fedde,2.84,,R,177,20,24,-1,0,-3,0,10,3,0,2,0,2,10.1,16.7,1,0,2,0,20.1,19.7,1,1,5,5,21.9,23.7,1,1,2,2,7.9,16.1,1,0,1,0,13.1,21.3,1,0,2,0,2.2,0.6,0,2,0,10,3.0,1.0,3,1,0,2,0,4,5,5,0,0,0,0,6,6,1,1,2,2,-2,-2,S(6),S(6),S(6),,,6.0,,,3-8,3,8,2,3,1WR-C,E,10,C,1p70,11,25,36,11,25,22.66666667,4,3,SP,,
13307,Rhett Lowder,4.65,,R,31,15,9,-2,-2,-6,-6,29,2,-3,3,-3,3,0.8,18.8,2,-1,4,-2,29.8,20.8,-1,1,-5,5,0.8,18.8,2,1,4,2,0.8,18.8,2,-1,2,-1,0.8,18.8,2,0,4,0,0.0,0.0,2,2,10,10,0.0,0.0,0,0,3,2,6,4,5,5,0,0,0,0,5,5,0,0,0,0,7,7,S(5),S(5),S(5),,,5.0,,,3-47,3,47,0,0,1WR-C,E,10,C,1p20,16,15,31,16,15,22.33333333,4,3,SP,,
13513,Zac Gallen,1.37,,R,148,31,29,0,0,0,0,8,12,0,-2,0,-2,12.2,17.6,1,0,2,0,20.2,29.6,1,-1,5,-5,24.4,26.3,0,0,0,0,11.4,17.0,0,-1,0,-1,21.2,23.9,0,-1,0,-2,0.8,0.6,2,2,10,10,2.0,1.0,2,1,1,2,2,4,5,5,0,0,0,0,9,9,3,3,6,6,4,4,S(5),S(5),S(5),,,5.0,,,4-0,4,0,0,7,1WR-C,E,10,C,1p70,25,10,35,25,10,22.0,4,3,SP,,
12798,Enoli Paredes,2.33,,R,22,17,14,-1,-2,-3,-6,11,22,-1,-3,-1,-3,9.9,2.4,1,2,2,4,20.9,24.4,1,0,5,0,19.8,3.8,1,2,2,4,9.9,2.4,1,2,1,2,19.8,3.8,0,2,0,4,0.0,0.0,2,2,10,10,,,0,0,3,2,6,4,0,0,1,1,1,1,3,3,-1,-1,-2,-2,4,4,R(2) C(0),R(2) C(0),R(2),C(0),,,2.0,0.0,3-0,3,0,0,20,1WR-C,E,10,C,5p20,21,18,39,21,18,22.0,0,3,RP,CP,
13173,Matt Strahm,1.91,,L,63,33,58,1,3,3,9,0,4,3,2,3,2,18.8,0.0,-1,3,-2,6,18.8,4.0,1,3,5,15,41.5,0.0,-1,3,-2,6,16.8,0.0,-1,3,-1,3,33.5,0.0,-2,3,-4,6,2.0,0.0,0,2,0,10,,,2,0,1,2,2,4,0,0,1,1,1,1,0,0,-3,-3,-6,-6,-2,-2,R(1) C(2),R(1) C(2),R(1),C(2),,,1.0,2.0,2-0,2,0,0,7,1WR-C,E,10,C,1p50,-1,56,55,-1,56,22.0,4,0,RP,CP,
13331,Ryan Fernandez,0.72,,R,67,30,31,0,0,0,0,13,12,-1,-2,-1,-2,12.3,17.4,1,0,2,0,25.3,29.4,0,-1,0,-5,17.0,23.5,1,1,2,2,12.3,17.4,0,-1,0,-1,17.0,23.5,0,-1,0,-2,0.0,0.0,2,2,10,10,0.0,0.0,0,0,3,2,6,4,5,5,0,0,0,0,9,9,3,3,6,6,7,7,R(1) C(1),R(1) C(1),R(1),C(1),,,1.0,1.0,3-0,3,0,0,0,1WR-C,E,10,C,1p60,25,12,37,25,12,21.33333333,4,1,RP,CP,
13318,Robert Suarez,1.55,,R,65,46,4,2,-3,6,-9,12,0,-1,3,-1,3,2.8,21.5,2,-1,4,-2,14.8,21.5,2,1,10,5,8.1,30.8,2,0,4,0,1.0,20.1,2,-1,2,-1,0.9,25.2,2,-1,4,-2,1.8,1.4,0,1,0,5,3.0,1.0,3,1,0,2,0,4,5,5,0,0,0,0,6,10,1,3,2,6,-5,-5,R(1) C(6),R(1) C(6),R(1),C(6),,,1.0,6.0,2-0,2,0,0,3,1WR-C,E,10,C,1p60,31,9,40,31,9,21.33333333,4,1,RP,CP,
13040,Josh Staumont,0.39,,R,24,29,5,0,-3,0,-9,14,27,-2,-3,-2,-3,14.4,1.4,0,2,0,4,28.5,28.4,0,0,0,0,15.4,1.4,1,3,2,6,14.4,1.4,0,2,0,2,15.4,1.4,0,2,0,4,0.0,0.0,2,2,10,10,0.0,,0,0,3,2,6,4,5,0,0,1,0,1,4,4,-1,-1,-2,-2,0,0,R(1),R(1),R(1),,,,1.0,,3-0,3,0,0,9,1WR-C,E,10,C,2p20,14,17,31,14,17,21.0,3,3,RP,,
12581,Blake Treinen,1.44,,R,47,60,26,3,0,9,0,0,12,3,-2,3,-2,13.2,4.2,0,2,0,4,13.2,16.2,2,2,10,10,30.8,10.3,0,2,0,4,10.8,3.0,0,2,0,2,21.2,5.5,0,2,0,4,2.4,1.2,0,1,0,5,,,4,0,-1,2,-2,4,0,0,1,1,1,1,0,0,-3,-3,-6,-6,3,3,R(1) C(0),R(1) C(0),R(1),C(0),,,1.0,0.0,3-31,3,31,0,4,1WR-C,E,10,C,4p40,15,26,41,15,26,20.66666667,1,1,RP,CP,
12657,Carmen Mlodzinski,0.76,,R,51,18,29,-1,0,-3,0,7,13,1,-2,1,-2,9.0,10.2,1,1,2,2,16.0,23.2,1,0,5,0,13.8,13.4,1,2,2,4,9.0,10.2,1,1,1,1,13.8,13.4,1,1,2,2,0.0,0.0,2,2,10,10,0.0,0.0,0,0,3,2,6,4,5,5,0,0,0,0,1,1,-2,-2,-4,-4,1,1,S(1) R(1),S(1) R(1),S(1),R(1),,1.0,1.0,,4-0,4,0,0,4,1WR-C,E,10,C,4p40,22,17,39,22,17,20.66666667,1,1,SP,RP,
13058,Justin Steele,1.06,,L,135,40,26,2,0,6,0,7,6,1,1,1,1,8.6,15.9,1,0,2,0,15.5,21.9,1,1,5,5,12.8,24.6,2,0,4,0,7.2,14.9,1,0,1,0,7.2,20.6,2,0,4,0,1.4,1.0,1,1,5,5,1.0,1.0,1,1,2,2,4,4,5,5,0,0,0,0,0,0,-3,-3,-6,-6,-1,-1,S(5),S(5),S(5),,,5.0,,,4-0,4,0,0,1,1WL-C,E,10,C,2p70,26,9,35,26,9,20.66666667,3,3,SP,,
12882,Hunter Strickland,0.65,,R,73,11,21,-2,-1,-6,-3,19,3,-3,2,-3,2,7.8,9.6,1,1,2,2,26.8,12.6,0,2,0,10,16.2,25.4,1,0,2,0,6.2,6.6,1,1,1,1,9.8,13.4,1,1,2,2,1.6,3.0,1,-1,5,-5,2.0,4.0,2,4,1,-1,2,-2,5,5,0,0,0,0,12,12,3,3,6,6,0,0,R(1) C(0),R(1) C(0),R(1),C(0),,,1.0,0.0,4-0,4,0,0,2,1WR-C,E,10,C,0p72,11,13,24,11,13,20.66666667,5,4,RP,CP,
12710,Corbin Burnes,1.57,,R,194,23,28,-1,0,-3,0,4,5,2,2,2,2,13.0,15.5,0,0,0,0,17.0,20.5,1,1,5,5,14.8,26.7,1,0,2,0,12.4,12.7,0,0,0,0,12.4,15.5,1,1,2,2,0.6,2.8,2,-1,10,-5,1.0,5.0,1,5,2,-2,4,-4,5,5,0,0,0,0,8,7,2,2,4,4,9,9,S(6*),S(6),S(6),,,6.0,,,5-30,5,30,5,8,1WR-C,E,10,C,0p72,26,4,30,26,4,20.33333333,5,4,SP,,
13108,Landen Roupp,0.89,,R,50,9,34,-2,1,-6,3,30,6,-3,1,-3,1,3.8,19.5,2,-1,4,-2,33.8,25.5,-1,0,-5,0,7.4,32.0,2,0,4,0,3.8,19.5,2,-1,2,-1,7.4,32.0,1,-2,2,-4,0.0,0.0,2,2,10,10,,0.0,0,0,3,2,6,4,0,5,1,0,1,0,6,6,1,1,2,2,0,0,S(5) R(3),S(5) R(3),S(5),R(3),,5.0,3.0,,2-0,2,0,14,13,1WR-C,E,10,C,1p30,17,13,30,17,13,20.33333333,4,2,SP,RP,
13423,Tommy Nance,0.0,,R,22,23,20,-1,-1,-3,-3,24,0,-3,3,-3,3,2.2,19.6,2,-1,4,-2,26.2,19.6,0,1,0,5,8.8,40.4,2,-1,4,-2,0.0,18.8,3,-1,3,-1,0.0,37.2,3,-2,6,-4,2.2,0.8,0,1,0,5,,0.0,3,0,0,2,0,4,0,5,1,0,1,0,12,12,3,3,6,6,9,9,R(1),R(1),R(1),,,,1.0,,3-51,3,51,0,20,1WR-C,E,10,C,1p20,18,11,29,18,11,20.33333333,4,3,RP,,
12573,Ben Brown,1.22,,R,55,37,41,1,2,3,6,14,5,-2,2,-2,2,12.6,9.6,0,1,0,2,26.6,14.6,0,2,0,10,19.9,17.3,1,1,2,2,11.2,9.0,0,1,0,1,14.3,14.9,1,1,2,2,1.4,0.6,1,2,5,10,2.0,1.0,2,1,1,2,2,4,5,5,0,0,0,0,4,2,-1,-2,-2,-4,0,0,S(5) R(4),S(5) R(4),S(5),R(4),,5.0,4.0,,4-0,4,0,0,8,1WR-C,E,10,C,5p30,10,35,45,10,35,20.33333333,0,2,SP,RP,
13507,Yoshinobu Yamamoto,1.42,,R,90,37,37,1,1,3,3,8,1,0,3,0,3,7.0,22.3,1,-1,2,-2,15.1,23.3,2,0,10,0,8.5,43.6,2,-2,4,-4,7.0,20.9,1,-1,1,-1,8.5,38.0,1,-2,2,-4,0.0,1.4,2,1,10,5,0.0,2.0,0,2,3,1,6,2,5,5,0,0,0,0,8,7,2,2,4,4,-1,-1,S(5),S(5),S(5),,,5.0,,,2-0,2,0,0,4,1WR-C,E,10,C,3p50,42,6,48,42,6,20.0,2,0,SP,,
13288,Phil Maton,0.68,,R,64,23,28,-1,0,-3,0,10,12,0,-2,0,-2,6.4,8.8,2,1,4,2,16.5,20.8,1,1,5,5,17.1,17.2,1,1,2,2,3.8,8.0,2,1,2,1,6.7,14.0,2,1,4,2,2.6,0.8,-1,1,-5,5,4.0,1.0,4,1,-1,2,-2,4,5,5,0,0,0,0,5,5,0,0,0,0,-3,-3,R(1) C(2),R(1) C(2),R(1),C(2),,,1.0,2.0,2-0,2,0,0,3,1WR-C,E,10,C,0p72,7,19,26,7,19,20.0,5,4,RP,CP,
12935,Jason Foley,0.64,,R,60,23,12,-1,-2,-3,-6,17,1,-2,3,-2,3,4.1,19.9,2,-1,4,-2,21.1,20.9,1,1,5,5,13.0,24.1,1,0,2,0,2.3,19.9,2,-1,2,-1,5.8,24.1,2,-1,4,-2,1.8,0.0,0,2,0,10,,0.0,3,0,0,2,0,4,0,5,1,0,1,0,8,8,2,2,4,4,6,6,R(1) C(5),R(1) C(5),R(1),C(5),,,1.0,5.0,4-0,4,0,5,3,1WR-C,E,10,C,1p50,17,15,32,17,15,19.66666667,4,0,RP,CP,
12726,Daniel Lynch,1.5,,L,43,36,20,1,-1,3,-3,10,9,0,0,0,0,0.0,12.4,3,1,6,2,10.0,21.5,2,1,10,5,0.0,31.1,3,0,6,0,0.0,8.1,3,1,3,1,0.0,13.9,3,1,6,2,0.0,4.3,2,-2,10,-10,,,0,8,3,-3,6,-6,0,0,1,1,1,1,6,6,1,1,2,2,2,2,S(4) R(3) C(0),S(4) R(3) C(0),S(4),R(3),C(0),4.0,3.0,0.0,2-33,2,33,0,0,1WL-C,E,10,C,1p30,53,-6,47,53,-6,19.66666667,4,2,SP,RP,CP
13012,Jose Alvarado,0.23,,L,62,25,29,0,0,0,0,4,19,2,-3,2,-3,0.2,16.0,2,0,4,0,4.2,35.0,3,-2,15,-10,0.8,28.6,2,0,4,0,0.0,14.4,3,0,3,0,0.0,22.2,3,0,6,0,0.2,1.6,2,1,10,5,,2.0,0,2,3,1,6,2,0,5,1,0,1,0,7,6,2,1,4,2,5,5,R(1) C(4),R(1) C(4),R(1),C(4),,,1.0,4.0,4-0,4,0,0,14,1WL-C,E,10,C,1p50,55,-4,51,55,-4,19.66666667,4,0,RP,CP,
13405,Tayler Scott,1.19,,R,69,21,41,-1,2,-3,6,22,14,-3,-2,-3,-2,2.0,2.4,2,2,4,4,24.0,16.4,0,1,0,5,8.0,4.8,2,2,4,4,0.0,2.4,3,2,3,2,0.0,4.8,3,2,6,4,2.0,0.0,0,2,0,10,,0.0,3,0,0,2,0,4,0,5,1,0,1,0,0,0,-3,-3,-6,-6,9,9,R(1),R(1),R(1),,,,1.0,,3-0,3,0,0,0,1WR-C,E,10,C,1p60,6,31,37,6,31,19.33333333,4,1,RP,,
12697,Cole Ragans,2.37,,L,186,18,45,-1,2,-3,6,10,10,0,-1,0,-1,20.5,9.4,-1,1,-2,2,30.5,19.5,-1,1,-5,5,25.5,18.7,0,1,0,2,20.5,8.4,-1,1,-1,1,25.5,14.7,-1,1,-2,2,0.0,1.0,2,1,10,5,0.0,,0,1,3,2,6,4,5,0,0,1,0,1,5,4,0,-1,0,-2,0,0,S(6),S(6),S(6),,,6.0,,,2-0,2,0,0,13,1WL-C,E,10,C,0p72,3,25,28,3,25,19.33333333,5,4,SP,,
12698,Cole Sands,1.21,,R,71,39,41,2,2,6,6,4,0,2,3,2,3,19.9,7.9,-1,1,-2,2,23.9,7.9,0,2,0,10,26.5,13.6,0,2,0,4,18.7,7.1,-1,1,-1,1,21.7,10.4,0,1,0,2,1.2,0.8,1,1,5,5,2.0,0.0,2,0,1,2,2,4,5,5,0,0,0,0,0,0,-3,-3,-6,-6,0,0,R(2) C(2),R(2) C(2),R(2),C(2),,,2.0,2.0,4-20,4,20,5,9,1WR-C,E,10,C,1p40,6,31,37,6,31,19.33333333,4,1,RP,CP,
13193,Michael King,1.81,,R,174,28,44,0,2,0,6,11,8,-1,0,-1,0,12.9,13.0,0,1,0,2,24.0,21.0,0,1,0,5,19.1,21.9,1,1,2,2,11.9,11.4,0,0,0,0,15.1,15.5,1,1,2,2,1.0,1.6,1,1,5,5,1.0,1.0,1,1,2,2,4,4,5,5,0,0,0,0,2,0,-2,-3,-4,-6,-3,-3,S(5),S(5),S(5),,,5.0,,,1-8,1,8,0,0,1WR-C,E,10,C,1p70,8,20,28,8,20,19.0,4,3,SP,,
13167,Matt Boyd,1.32,,L,40,35,36,1,1,3,3,13,8,-1,0,-1,0,3.6,10.0,2,1,4,2,16.6,18.0,1,1,5,5,10.8,19.4,2,1,4,2,1.2,9.0,2,1,2,1,1.2,15.4,2,1,4,2,2.4,1.0,0,1,0,5,,2.0,4,2,-1,1,-2,2,0,5,1,0,1,0,0,0,-3,-3,-6,-6,0,0,S(5),S(5),S(5),,,5.0,,,2-36,2,36,9,0,1WL-C,E,10,C,4p20,14,16,30,14,16,18.66666667,1,3,SP,,
12983,John Schreiber,0.46,,R,52,20,21,-1,-1,-3,-3,6,14,1,-2,1,-2,23.1,9.7,-1,1,-2,2,29.1,23.7,0,0,0,0,37.9,10.3,-1,2,-2,4,23.1,9.7,-2,1,-2,1,37.9,10.3,-2,1,-4,2,0.0,0.0,2,2,10,10,0.0,0.0,0,0,3,2,6,4,5,5,0,0,0,0,12,12,3,3,6,6,-1,-1,R(1) C(1),R(1) C(1),R(1),C(1),,,1.0,1.0,4-28,4,28,0,3,1WR-C,E,10,C,2p40,10,24,34,10,24,18.66666667,3,1,RP,CP,
13203,Michael Wacha,1.89,,R,167,25,19,0,-1,0,-3,3,8,2,0,2,0,18.1,16.7,-1,0,-2,0,21.1,24.7,1,0,5,0,32.1,24.9,0,0,0,0,16.5,15.1,-1,0,-1,0,25.7,18.5,-1,0,-2,0,1.6,1.6,1,1,5,5,2.0,2.0,2,2,1,1,2,2,5,5,0,0,0,0,11,11,3,3,6,6,-1,-1,S(6),S(6),S(6),,,6.0,,,1-0,1,0,0,3,1WR-C,E,10,C,1p70,15,10,25,15,10,18.66666667,4,3,SP,,
12805,Erik Miller,0.29,,L,67,43,42,2,2,6,6,22,19,-3,-3,-3,-3,6.0,7.9,2,1,4,2,28.0,26.9,0,0,0,0,12.0,21.9,2,1,4,2,6.0,4.7,1,2,1,2,12.0,9.1,1,1,2,2,0.0,3.2,2,-1,10,-5,,,0,6,3,-2,6,-4,0,0,1,1,1,1,5,2,0,-2,0,-4,1,1,S(1) R(1),S(1) R(1),S(1),R(1),,1.0,1.0,,3-21,3,21,0,2,1WL-C,E,10,C,0p72,31,-1,30,31,-1,18.66666667,5,4,SP,RP,
13341,Ryan Thompson,0.72,,R,66,6,26,-2,0,-6,0,0,6,3,1,3,1,21.7,20.0,-1,-1,-2,-2,21.7,26.0,1,0,5,0,31.9,28.4,0,0,0,0,21.5,19.2,-2,-1,-2,-1,31.1,25.2,-1,-1,-2,-2,0.2,0.8,2,1,10,5,0.0,1.0,0,1,3,2,6,4,5,5,0,0,0,0,9,9,3,3,6,6,9,9,R(1) C(1),R(1) C(1),R(1),C(1),,,1.0,1.0,2-22,2,22,0,6,1WR-C,E,10,C,1p60,18,11,29,18,11,18.33333333,4,1,RP,CP,
13380,Sonny Gray,0.97,,R,166,38,44,1,2,3,6,5,3,2,2,2,2,17.8,11.1,0,1,0,2,22.8,14.1,0,2,0,10,39.2,21.2,-1,1,-2,2,15.4,9.5,0,1,0,1,29.6,14.8,-1,1,-2,2,2.4,1.6,0,1,0,5,4.0,3.0,4,3,-1,0,-2,0,5,5,0,0,0,0,5,10,0,3,0,6,4,4,S(6),S(6),S(6),,,6.0,,,3-0,3,0,2,9,1WR-C,E,10,C,1p70,-1,36,35,-1,36,18.33333333,4,3,SP,,
12631,Bryan Woo,1.78,,R,121,21,22,-1,-1,-3,-3,0,0,3,3,3,3,12.5,8.9,0,1,0,2,12.5,8.9,2,2,10,10,21.1,16.7,1,1,2,2,10.3,7.1,1,1,1,1,12.3,9.5,1,1,2,2,2.2,1.8,0,0,0,0,3.0,2.0,3,2,0,1,0,2,5,5,0,0,0,0,5,5,0,0,0,0,-1,-1,S(6),S(6),S(6),,,6.0,,,3-0,3,0,0,0,1WR-C,E,10,C,3p50,15,19,34,15,19,18.33333333,2,0,SP,,
12571,Bailey Ober,1.46,,R,179,34,34,1,1,3,3,1,8,3,0,3,0,9.5,11.0,1,1,2,2,10.5,19.1,2,1,10,5,22.0,29.0,1,0,2,0,6.9,7.6,1,1,1,1,11.6,15.4,1,1,2,2,2.6,3.4,-1,-1,-5,-5,,,4,5,-1,-2,-2,-4,0,0,1,1,1,1,6,6,1,1,2,2,-5,-5,S(6),S(6),S(6),,,6.0,,,2-8,2,8,0,0,1WR-C,E,10,C,1p70,19,7,26,19,7,18.0,4,3,SP,,
12675,Chris Martin,0.22,,R,44,41,31,2,0,6,0,0,0,3,3,3,3,21.4,17.4,-1,0,-2,0,21.4,17.4,1,1,5,5,23.8,26.3,0,0,0,0,20.6,14.6,-1,0,-1,0,20.6,15.1,0,1,0,2,0.8,2.8,2,-1,10,-5,1.0,4.0,1,4,2,-1,4,-2,5,5,0,0,0,0,8,10,2,3,4,6,3,3,R(1) C(1),R(1) C(1),R(1),C(1),,,1.0,1.0,2-33,2,33,0,10,1WR-C,E,10,C,4p40,29,9,38,29,9,17.66666667,1,1,RP,CP,
12605,Brenan Hanifee,1.47,,R,29,23,13,-1,-2,-3,-6,14,0,-2,3,-2,3,9.9,19.1,1,-1,2,-2,23.9,19.1,0,1,0,5,25.7,26.6,0,0,0,0,8.5,19.1,1,-1,1,-1,20.1,26.6,0,-1,0,-2,1.4,0.0,1,2,5,10,,0.0,2,0,1,2,2,4,0,5,1,0,1,0,8,8,2,2,4,4,3,3,S(1) R(1),S(1) R(1),S(1),R(1),,1.0,1.0,,3-50,3,50,0,0,1WR-C,E,10,C,1p30,10,15,25,10,15,17.66666667,4,2,SP,RP,
13431,Trent Thornton,0.2,,R,72,39,29,2,0,6,0,2,8,2,0,2,0,22.6,11.0,-1,1,-2,2,24.6,19.0,0,1,0,5,40.6,21.4,-1,1,-2,2,21.4,8.8,-1,1,-1,1,35.8,12.6,-2,1,-4,2,1.2,2.2,1,0,5,0,1.0,4.0,1,4,2,-1,4,-2,5,5,0,0,0,0,5,5,0,0,0,0,1,1,R(1) C(0),R(1) C(0),R(1),C(0),,,1.0,0.0,4-20,4,20,0,12,1WR-C,E,10,C,0p72,8,10,18,8,10,17.66666667,5,4,RP,CP,
12773,Dylan Floro,0.56,,R,69,8,15,-2,-2,-6,-6,3,6,2,1,2,1,18.3,20.1,-1,-1,-2,-2,21.3,26.1,1,0,5,0,22.9,25.1,1,0,2,0,17.3,19.7,-1,-1,-1,-1,18.9,23.5,0,-1,0,-2,1.0,0.4,1,2,5,10,0.0,0.0,0,0,3,2,6,4,5,5,0,0,0,0,12,12,3,3,6,6,5,5,R(1),R(1),R(1),,,,1.0,,3-0,3,0,0,2,1WL-C,E,10,C,1p60,17,10,27,17,10,17.33333333,4,1,RP,,
12910,Jake Cousins,0.88,,R,38,50,44,3,2,9,6,28,16,-3,-3,-3,-3,0.0,7.0,3,2,6,4,28.0,23.0,0,0,0,0,0.0,21.6,3,1,6,2,0.0,3.4,3,2,3,2,0.0,7.2,3,2,6,4,0.0,3.6,2,-2,10,-10,,,0,7,3,-3,6,-6,0,0,1,1,1,1,0,3,-3,-1,-6,-2,1,1,R(1) C(0),R(1) C(0),R(1),C(0),,,1.0,0.0,3-0,3,0,0,20,1WR-C,E,10,C,1p30,38,-2,36,38,-2,17.33333333,4,2,RP,CP,
12731,Danny Young,0.0,,L,38,45,36,2,1,6,3,18,13,-3,-2,-3,-2,8.4,11.3,1,1,2,2,26.5,24.3,0,0,0,0,8.4,25.5,2,0,4,0,8.4,8.9,1,1,1,1,8.4,15.9,1,1,2,2,0.0,2.4,2,0,10,0,0.0,3.0,0,3,3,0,6,0,5,5,0,0,0,0,1,3,-2,-1,-4,-2,-1,-1,R(1),R(1),R(1),,,,1.0,,4-51,4,51,0,20,1WL-C,E,10,C,1p30,24,4,28,24,4,16.66666667,4,2,RP,,
13286,Pete Fairbanks,0.85,,R,45,26,29,0,0,0,0,9,9,0,0,0,0,20.4,5.4,-1,2,-2,4,29.4,14.4,0,2,0,10,22.1,9.3,1,2,2,4,19.8,4.2,-1,2,-1,2,19.7,4.5,0,2,0,4,0.6,1.2,2,1,10,5,1.0,1.0,1,1,2,2,4,4,5,5,0,0,0,0,2,2,-2,-2,-4,-4,0,0,R(1) C(5),R(1) C(5),R(1),C(5),,,1.0,5.0,3-0,3,0,8,10,1WR-C,E,10,C,5p40,9,29,38,9,29,16.66666667,0,1,RP,CP,
12829,Garrett Cleavinger,0.64,,L,60,37,33,1,1,3,3,16,18,-2,-3,-2,-3,15.4,6.3,0,2,0,4,31.5,24.3,-1,0,-5,0,19.5,13.1,1,2,2,4,15.4,4.7,0,2,0,2,19.5,6.7,0,2,0,4,0.0,1.6,2,1,10,5,0.0,1.0,0,1,3,2,6,4,5,5,0,0,0,0,1,0,-2,-3,-4,-6,9,9,R(1) C(2),R(1) C(2),R(1),C(2),,,1.0,2.0,5-0,5,0,0,6,1WR-C,E,10,C,1p50,10,17,27,10,17,16.33333333,4,0,RP,CP,
13339,Ryan Pepiot,1.21,,R,130,35,30,1,0,3,0,14,5,-2,2,-2,2,8.4,11.5,1,1,2,2,22.4,16.5,1,1,5,5,18.3,20.5,1,1,2,2,6.4,9.1,1,1,1,1,10.3,10.9,1,1,2,2,2.0,2.4,0,0,0,0,3.0,3.0,3,3,0,0,0,0,5,5,0,0,0,0,4,2,-1,-2,-2,-4,0,0,S(5),S(5),S(5),,,5.0,,,3-0,3,0,0,6,1WR-C,E,10,C,1p65,11,10,21,11,10,16.33333333,4,2,SP,,
13067,Keegan Akin,1.01,,L,79,38,48,1,2,3,6,4,4,2,2,2,2,9.9,9.3,1,1,2,2,13.9,13.3,2,2,10,10,20.5,24.9,1,0,2,0,9.5,5.7,1,2,1,2,18.9,10.5,0,1,0,2,0.4,3.6,2,-2,10,-10,0.0,,0,7,3,-3,6,-6,5,0,0,1,0,1,0,0,-3,-3,-6,-6,-6,-6,R(2) C(0),R(2) C(0),R(2),C(0),,,2.0,0.0,2-0,2,0,0,12,1WL-C,E,10,C,1p50,30,3,33,30,3,16.0,4,0,RP,CP,
12787,Eli Morgan,1.89,,R,42,9,29,-2,0,-6,0,0,9,3,0,3,0,11.3,7.1,1,2,2,4,11.3,16.1,2,2,10,10,23.5,16.0,0,1,0,2,9.7,6.3,1,1,1,1,17.1,12.8,0,1,0,2,1.6,0.8,1,1,5,5,2.0,2.0,2,2,1,1,2,2,5,5,0,0,0,0,0,0,-3,-3,-6,-6,9,9,R(2),R(2),R(2),,,,2.0,,3-0,3,0,0,0,1WR-C,E,10,C,5p30,11,20,31,11,20,16.0,0,2,RP,,
12572,Beau Brieske,0.5,,R,68,30,30,0,0,0,0,16,10,-2,-1,-2,-1,8.1,14.6,1,0,2,0,24.2,24.6,0,0,0,0,16.4,27.5,1,0,2,0,8.1,13.2,1,0,1,0,16.4,21.9,0,0,0,0,0.0,1.4,2,1,10,5,0.0,1.0,0,1,3,2,6,4,5,5,0,0,0,0,6,4,1,-1,2,-2,0,0,S(1) R(1) C(0),S(1) R(1) C(0),S(1),R(1),C(0),1.0,1.0,0.0,2-0,2,0,0,0,1WR-C,E,10,C,1p60,21,6,27,21,6,16.0,4,1,SP,RP,CP
12915,Jake Junis,2.01,,R,67,16,20,-2,-1,-6,-3,0,0,3,3,3,3,8.1,11.4,1,1,2,2,8.1,11.4,2,2,10,10,25.4,23.7,0,1,0,2,3.8,10.2,2,1,2,1,8.2,18.9,1,0,2,0,4.3,1.2,-2,1,-10,5,4.0,0.0,4,0,-1,2,-2,4,5,5,0,0,0,0,11,12,3,3,6,6,1,1,S(5) R(3) C(0),S(5) R(3) C(0),S(5),R(3),C(0),5.0,3.0,0.0,2-0,2,0,0,3,1WR-C,E,10,C,5p40,7,30,37,7,30,15.66666667,0,1,SP,RP,CP
12589,Bowden Francis,1.39,,R,104,12,35,-2,1,-6,3,5,2,2,3,2,3,6.6,8.0,2,1,4,2,11.6,10.0,2,2,10,10,19.8,21.9,1,1,2,2,3.0,4.8,2,2,2,2,5.4,9.1,2,1,4,2,3.6,3.2,-2,-1,-10,-5,7.0,,7,6,-3,-2,-6,-4,5,0,0,1,0,1,12,12,3,3,6,6,-4,-4,S(6) R(3),S(6) R(3),S(6),R(3),,6.0,3.0,,2-0,2,0,4,0,1WR-C,E,10,C,2p50,8,22,30,8,22,15.66666667,3,0,SP,RP,
13289,Pierce Johnson,0.6,,R,56,43,27,2,0,6,0,14,14,-2,-2,-2,-2,6.5,18.0,2,0,4,0,20.5,31.9,1,-1,5,-5,15.1,26.5,1,0,2,0,4.9,16.6,1,-1,1,-1,8.7,20.9,1,0,2,0,1.6,1.4,1,1,5,5,3.0,1.0,3,1,0,2,0,4,5,5,0,0,0,0,5,12,0,3,0,6,3,3,R(1) C(1),R(1) C(1),R(1),C(1),,,1.0,1.0,2-0,2,0,0,7,1WR-C,E,10,C,2p50,23,7,30,23,7,15.33333333,3,0,RP,CP,
12610,Brent Honeywell,1.15,,R,38,20,0,-1,-3,-3,-9,12,4,-1,2,-1,2,9.3,24.0,1,-1,2,-2,21.3,28.0,1,0,5,0,17.3,35.1,1,-1,2,-2,9.3,22.6,1,-2,1,-2,17.3,29.5,0,-1,0,-2,0.0,1.4,2,1,10,5,,2.0,0,2,3,1,6,2,0,5,1,0,1,0,12,12,3,3,6,6,3,3,R(2) C(0),R(2) C(0),R(2),C(0),,,2.0,0.0,2-0,2,0,9,12,1WR-C,E,10,C,1p20,29,-2,27,29,-2,15.33333333,4,3,RP,CP,
12873,Hogan Harris,1.97,,L,72,24,17,-1,-1,-3,-3,25,12,-3,-2,-3,-2,11.6,8.9,1,1,2,2,36.6,20.9,-1,1,-5,5,26.6,11.9,0,2,0,4,10.0,8.5,1,1,1,1,20.2,10.3,0,1,0,2,1.6,0.4,1,2,5,10,3.0,1.0,3,1,0,2,0,4,5,5,0,0,0,0,8,12,2,3,4,6,-3,-3,S(5) R(3),S(5) R(3),S(5),R(3),,5.0,3.0,,2-20,2,20,5,9,1WR-C,E,10,C,1p40,1,29,30,1,29,15.33333333,4,1,SP,RP,
12779,Eduard Bazardo,0.0,,R,28,33,49,1,2,3,6,12,7,-1,1,-1,1,15.0,3.9,0,2,0,4,27.0,10.9,0,2,0,10,24.0,6.9,0,2,0,4,12.0,3.9,0,2,0,2,12.0,6.9,1,2,2,4,3.0,0.0,-1,2,-5,10,6.0,0.0,6,0,-3,2,-6,4,5,5,0,0,0,0,5,10,0,3,0,6,1,1,R(2),R(2),R(2),,,,2.0,,2-0,2,0,0,20,1WR-C,E,10,C,5p20,-7,51,44,-7,51,15.33333333,0,3,RP,,
13076,Kevin Ginkel,0.55,,R,70,42,27,2,0,6,0,4,2,2,3,2,3,20.9,20.5,-1,-1,-2,-2,24.9,22.5,0,0,0,0,32.8,30.4,0,0,0,0,19.7,20.1,-1,-1,-1,-1,28.0,28.8,-1,-1,-2,-2,1.2,0.4,1,2,5,10,2.0,1.0,2,1,1,2,2,4,5,5,0,0,0,0,3,6,-1,1,-2,2,2,2,R(1) C(2),R(1) C(2),R(1),C(2),,,1.0,2.0,3-0,3,0,0,13,1WL-C,E,10,C,1p60,8,14,22,8,14,15.0,4,1,RP,CP,
12511,AJ Minter,1.54,,L,34,33,32,1,1,3,3,0,14,3,-2,3,-2,12.3,4.9,1,2,2,4,12.3,18.9,2,1,10,5,36.5,12.1,-1,2,-2,4,4.3,2.5,2,2,2,2,4.5,2.5,2,2,4,4,8.0,2.4,-3,0,-15,0,8.0,,8,4,-3,-1,-6,-2,5,0,0,1,0,1,10,12,3,3,6,6,-2,-2,R(1) C(0),R(1) C(0),R(1),C(0),,,1.0,0.0,3-0,3,0,0,0,1WL-C,E,10,C,5p30,7,25,32,7,25,15.0,0,2,RP,CP,
12692,Clay Holmes,0.53,,R,63,17,45,-1,2,-3,6,8,9,0,0,0,0,21.1,17.4,-1,0,-2,0,29.1,26.3,0,0,0,0,21.3,28.0,1,0,2,0,21.1,17.2,-1,-1,-1,-1,21.3,27.2,0,-1,0,-2,0.0,0.2,2,2,10,10,0.0,0.0,0,0,3,2,6,4,5,5,0,0,0,0,3,1,-1,-2,-2,-4,-1,-1,R(1) C(5),R(1) C(5),R(1),C(5),,,1.0,5.0,4-0,4,0,0,14,1WR-C,E,10,C,1p50,10,13,23,10,13,15.0,4,0,RP,CP,
13014,Jose Berrios,1.03,,R,192,21,15,-1,-2,-3,-6,9,3,0,2,0,2,7.1,18.1,1,0,2,0,16.1,21.1,1,1,5,5,20.3,27.5,1,0,2,0,3.9,15.7,2,0,2,0,7.5,17.9,1,0,2,0,3.2,2.4,-1,0,-5,0,6.0,3.0,6,3,-3,0,-6,0,5,5,0,0,0,0,12,12,3,3,6,6,-1,-1,S(6),S(6),S(6),,,6.0,,,3-15,3,15,0,0,1WR-C,E,10,C,0p72,5,7,12,5,7,14.66666667,5,4,SP,,
12750,Declan Cronin,0.31,,R,70,21,31,-1,0,-3,0,4,10,2,-1,2,-1,27.9,17.1,-2,0,-4,0,31.9,27.1,-1,0,-5,0,42.1,21.6,-1,1,-2,2,27.9,17.1,-2,-1,-2,-1,42.1,21.6,-2,0,-4,0,0.0,0.0,2,2,10,10,0.0,0.0,0,0,3,2,6,4,5,5,0,0,0,0,12,12,3,3,6,6,3,3,R(2),R(2),R(2),,,,2.0,,4-20,4,20,0,2,1WR-C,E,10,C,1p40,4,20,24,4,20,14.33333333,4,1,RP,,
13422,Tommy Kahnle,0.9,,R,43,37,26,1,0,3,0,11,16,-1,-3,-1,-3,4.5,10.5,2,1,4,2,15.5,26.5,1,0,5,0,11.4,26.2,2,0,4,0,3.3,7.9,2,1,2,1,6.6,15.8,2,1,4,2,1.2,2.6,1,-1,5,-5,,,0,4,3,-1,6,-2,0,0,1,1,1,1,8,7,2,2,4,4,-2,-2,R(1) C(0),R(1) C(0),R(1),C(0),,,1.0,0.0,3-0,3,0,0,4,1WR-C,E,10,C,4p40,37,0,37,37,0,14.33333333,1,1,RP,CP,
13299,Randy Rodriguez,0.0,,R,52,33,25,1,0,3,0,11,8,-1,0,-1,0,18.0,13.0,0,1,0,2,29.0,21.0,0,1,0,5,28.3,23.3,0,1,0,2,17.2,12.6,-1,0,-1,0,25.1,21.7,-1,0,-2,0,0.8,0.4,2,2,10,10,1.0,0.0,1,0,2,2,4,4,5,5,0,0,0,0,2,2,-2,-2,-4,-4,0,0,R(2),R(2),R(2),,,,2.0,,2-0,2,0,0,17,1WR-C,E,10,C,5p30,9,19,28,9,19,14.33333333,0,2,RP,,
12702,Collin Snider,1.04,,R,42,27,43,0,2,0,6,2,8,2,0,2,0,22.5,8.9,-1,1,-2,2,24.5,16.8,0,1,0,5,29.7,23.0,0,1,0,2,22.5,5.7,-2,2,-2,2,29.7,10.2,-1,1,-2,2,0.0,3.2,2,-1,10,-5,0.0,6.0,0,6,3,-2,6,-4,5,5,0,0,0,0,9,2,3,-2,6,-4,1,1,R(1),R(1),R(1),,,,1.0,,3-34,3,34,0,5,1WR-C,E,10,C,2p40,18,6,24,18,6,14.0,3,1,RP,,
12822,Fraser Ellard,0.4,,L,24,32,36,1,1,3,3,7,17,1,-3,1,-3,14.6,3.0,0,2,0,4,21.5,20.0,1,1,5,5,24.0,11.4,0,2,0,4,13.4,0.2,0,2,0,2,19.2,0.2,0,2,0,4,1.2,2.8,1,-1,5,-5,2.0,,2,5,1,-2,2,-4,5,0,0,1,0,1,0,0,-3,-3,-6,-6,-1,-1,R(1) C(0),R(1) C(0),R(1),C(0),,,1.0,0.0,3-51,3,51,0,20,1WL-C,E,10,C,1p20,10,5,15,10,5,13.66666667,4,3,RP,CP,
12553,Anthony Bender,0.49,,R,53,15,43,-2,2,-6,6,11,6,-1,1,-1,1,27.2,8.6,-2,1,-4,2,38.2,14.6,-2,2,-10,10,38.2,14.2,-1,2,-2,4,27.2,8.6,-2,1,-2,1,38.2,14.2,-2,1,-4,2,0.0,0.0,2,2,10,10,0.0,0.0,0,0,3,2,6,4,5,5,0,0,0,0,9,9,3,3,6,6,4,4,R(1) C(0),R(1) C(0),R(1),C(0),,,1.0,0.0,4-0,4,0,0,8,1WR-C,E,10,C,2p50,-7,46,39,-7,46,13.66666667,3,0,RP,CP,
13134,Luis Ortiz,1.99,,R,136,17,18,-1,-1,-3,-3,8,6,0,1,0,1,8.6,10.8,1,1,2,2,16.6,16.9,1,1,5,5,25.4,17.4,0,1,0,2,4.8,10.8,2,1,2,1,10.2,17.4,1,0,2,0,3.8,0.0,-2,2,-10,10,,0.0,7,0,-3,2,-6,4,0,5,1,0,1,0,12,12,3,3,6,6,-4,-4,S(6) R(3) C(0),S(6) R(3) C(0),S(6),R(3),C(0),6.0,3.0,0.0,3-42,3,42,3,2,1WR-C,E,10,C,1p60,-1,28,27,-1,28,13.66666667,4,1,SP,RP,CP
13086,Kris Bubic,1.27,,L,30,42,50,2,3,6,9,0,0,3,3,3,3,24.5,10.5,-2,1,-4,2,24.5,10.5,0,2,0,10,34.6,19.3,-1,1,-2,2,23.1,10.5,-2,1,-2,1,29.0,19.3,-1,0,-2,0,1.4,0.0,1,2,5,10,3.0,,3,0,0,2,0,4,5,0,0,1,0,1,0,1,-3,-2,-6,-4,-2,-2,R(1) C(0),R(1) C(0),R(1),C(0),,,1.0,0.0,3-47,3,47,0,7,1WL-C,E,10,C,5p30,-2,38,36,-2,38,13.33333333,0,2,RP,CP,
12928,Jared Koenig,1.16,,L,62,21,33,-1,1,-3,3,1,11,3,-1,3,-1,12.5,20.0,0,-1,0,-2,13.5,31.0,2,-1,10,-5,16.7,22.5,1,1,2,2,11.1,20.0,0,-1,0,-1,11.1,22.5,1,0,2,0,1.4,0.0,1,2,5,10,1.0,0.0,1,0,2,2,4,4,5,5,0,0,0,0,2,2,-2,-2,-4,-4,1,1,S(1) R(1) C(0),S(1) R(1) C(0),S(1),R(1),C(0),1.0,1.0,0.0,4-47,4,47,0,0,1WR-C,E,10,C,2p50,19,6,25,19,6,13.33333333,3,0,SP,RP,CP
13398,Tanner Bibee,1.12,,R,174,32,34,1,1,3,3,6,4,1,2,1,2,18.0,10.1,0,1,0,2,24.0,14.1,0,2,0,10,32.0,20.3,0,1,0,2,16.0,8.9,-1,1,-1,1,24.0,15.5,-1,1,-2,2,2.0,1.2,0,1,0,5,3.0,2.0,3,2,0,1,0,2,5,5,0,0,0,0,1,2,-2,-2,-4,-4,-4,-4,S(5),S(5),S(5),,,5.0,,,1-16,1,16,0,2,1WR-C,E,10,C,1p70,-3,25,22,-3,25,13.33333333,4,3,SP,,
13075,Kevin Gausman,0.45,,R,181,20,24,-1,0,-3,0,7,7,1,1,1,1,14.4,16.6,0,0,0,0,21.4,23.6,1,0,5,0,25.0,31.0,0,0,0,0,13.8,14.4,0,0,0,0,22.6,22.2,0,0,0,0,0.6,2.2,2,0,10,0,2.0,3.0,2,3,1,0,2,0,5,5,0,0,0,0,4,6,-1,1,-2,2,2,2,S(6),S(6),S(6),,,6.0,,,3-8,3,8,4,3,1WL-C,E,10,C,1p70,13,3,16,13,3,13.33333333,4,3,SP,,
12845,Gerrit Cole,1.89,,R,95,37,22,1,-1,3,-3,8,6,0,1,0,1,11.6,15.6,1,0,2,0,19.6,21.5,1,1,5,5,20.0,27.7,1,0,2,0,10.4,12.6,0,0,0,0,15.2,15.7,1,1,2,2,1.2,3.0,1,-1,5,-5,0.0,4.0,0,4,3,-1,6,-2,5,5,0,0,0,0,8,7,2,2,4,4,5,5,S(6),S(6),S(6),,,6.0,,,3-0,3,0,0,0,1WR-C,E,10,C,4p40,29,2,31,29,2,13.0,1,1,SP,,
13130,Luis Gil,1.53,,R,152,27,40,0,2,0,6,18,18,-3,-3,-3,-3,9.9,2.8,1,2,2,4,27.8,20.9,0,1,0,5,25.5,8.1,0,2,0,4,7.5,1.6,1,2,1,2,15.9,3.3,0,2,0,4,2.4,1.2,0,1,0,5,,,2,2,1,1,2,2,0,0,1,1,1,1,0,0,-3,-3,-6,-6,-3,-3,S(5),S(5),S(5),,,5.0,,,2-28,2,28,5,8,1WR-C,E,10,C,1p70,-3,24,21,-3,24,13.0,4,3,SP,,
12510,Adrian Morejon,0.59,,L,64,31,33,0,1,0,3,8,6,0,1,0,1,20.2,20.0,-1,-1,-2,-2,28.2,26.0,0,0,0,0,31.0,32.0,0,0,0,0,20.2,20.0,-1,-1,-1,-1,31.0,32.0,-1,-2,-2,-4,0.0,0.0,2,2,10,10,0.0,0.0,0,0,3,2,6,4,5,5,0,0,0,0,4,3,-1,-1,-2,-2,5,5,R(1) C(1),R(1) C(1),R(1),C(1),,,1.0,1.0,5-0,5,0,5,20,1WL-C,E,10,C,1p50,9,9,18,9,9,13.0,4,0,RP,CP,
12767,Drew Rasmussen,1.0,,R,29,52,28,3,0,9,0,1,5,3,2,3,2,8.3,27.5,1,-2,2,-4,9.3,32.5,2,-1,10,-5,10.3,35.0,2,-1,4,-2,8.3,27.5,1,-2,1,-2,10.3,35.0,1,-2,2,-4,0.0,0.0,2,2,10,10,0.0,0.0,0,0,3,2,6,4,5,5,0,0,0,0,1,1,-2,-2,-4,-4,4,4,S(1) R(1) C(0),S(1) R(1) C(0),S(1),R(1),C(0),1.0,1.0,0.0,3-50,3,50,0,8,1WR-C,E,10,C,5p30,43,-5,38,43,-5,13.0,0,2,SP,RP,CP
12875,Hunter Brown,1.38,,R,170,35,24,1,0,3,0,11,7,-1,1,-1,1,9.5,25.4,1,-2,2,-4,20.5,32.4,1,-1,5,-5,16.3,30.2,1,0,2,0,8.1,23.8,1,-2,1,-2,10.7,23.8,1,-1,2,-2,1.4,1.6,1,1,5,5,2.0,1.0,2,1,1,2,2,4,5,5,0,0,0,0,4,6,-1,1,-2,2,2,2,S(6),S(6),S(6),,,6.0,,,4-8,4,8,2,5,1WR-C,E,10,C,1p70,19,-1,18,19,-1,12.66666667,4,3,SP,,
12927,Jared Jones,1.11,,R,122,40,25,2,0,6,0,9,6,0,1,0,1,13.6,13.1,0,1,0,2,22.6,19.0,0,1,0,5,33.6,31.1,-1,0,-2,0,11.4,9.7,0,1,0,1,24.8,17.5,-1,0,-2,0,2.2,3.4,0,-1,0,-5,,,3,6,0,-2,0,-4,0,0,1,1,1,1,9,9,3,3,6,6,-5,-5,S(5),S(5),S(5),,,5.0,,,3-12,3,12,0,5,1WL-C,E,10,C,2p65,9,7,16,9,7,12.66666667,3,2,SP,,
13404,Tayler Saucedo,0.3,,L,39,29,23,0,-1,0,-3,14,9,-2,0,-2,0,8.6,23.5,1,-1,2,-2,22.6,32.5,0,-1,0,-5,14.9,32.5,1,0,2,0,8.6,22.1,1,-2,1,-2,14.9,26.9,1,-1,2,-2,0.0,1.4,2,1,10,5,0.0,1.0,0,1,3,2,6,4,5,5,0,0,0,0,8,8,2,2,4,4,7,7,R(1) C(2),R(1) C(2),R(1),C(2),,,1.0,2.0,2-38,2,38,0,5,1WL-C,E,10,C,2p30,25,-1,24,25,-1,12.66666667,3,2,RP,CP,
13228,Nathan Eovaldi,1.21,,R,171,26,29,0,0,0,0,3,6,2,1,2,1,19.0,12.1,-1,1,-2,2,22.0,18.1,1,1,5,5,34.3,20.6,-1,1,-2,2,16.6,10.1,-1,1,-1,1,24.7,12.6,-1,1,-2,2,2.4,2.0,0,0,0,0,3.0,3.0,3,3,0,0,0,0,5,5,0,0,0,0,6,5,1,0,2,0,-1,-1,S(6),S(6),S(6),,,6.0,,,2-8,2,8,0,3,1WR-C,E,10,C,1p70,2,13,15,2,13,12.66666667,4,3,SP,,
13344,Ryan Yarbrough,0.88,,L,99,24,5,-1,-3,-3,-9,3,11,2,-1,2,-1,3.2,10.2,2,1,4,2,6.2,21.2,2,1,10,5,9.8,20.5,2,1,4,2,1.0,8.2,2,1,2,1,1.0,12.5,2,1,4,2,2.2,2.0,0,0,0,0,3.0,2.0,3,2,0,1,0,2,5,5,0,0,0,0,2,3,-2,-1,-4,-2,0,0,R(3) C(0),R(3) C(0),R(3),C(0),,,3.0,0.0,1-43,1,43,0,0,1WR-C,E,10,C,1p60,19,2,21,19,2,12.66666667,4,1,RP,CP,
13026,Jose Soriano,1.39,,R,113,19,24,-1,0,-3,0,7,19,1,-3,1,-3,7.8,19.3,1,-1,2,-2,14.8,38.3,2,-2,10,-10,9.8,28.2,2,0,4,0,7.8,18.5,1,-1,1,-1,9.8,25.0,1,-1,2,-2,0.0,0.8,2,1,10,5,0.0,1.0,0,1,3,2,6,4,5,5,0,0,0,0,12,7,3,2,6,4,-4,-4,S(5) R(3),S(5) R(3),S(5),R(3),,5.0,3.0,,2-26,2,26,0,14,1WR-C,E,10,C,3p60,39,-5,34,39,-5,12.66666667,2,1,SP,RP,
13376,Shota Imanaga,1.56,,L,173,34,28,1,0,3,0,0,0,3,3,3,3,11.2,13.9,1,0,2,0,11.2,13.9,2,2,10,10,19.0,24.9,1,0,2,0,8.6,11.1,1,1,1,1,8.6,13.7,1,1,2,2,2.6,2.8,-1,-1,-5,-5,5.0,5.0,5,5,-2,-2,-4,-4,5,5,0,0,0,0,2,2,-2,-2,-4,-4,-6,-6,S(6),S(6),S(6),,,6.0,,,2-0,2,0,0,3,1WL-C,E,10,C,1p70,10,3,13,10,3,12.33333333,4,3,SP,,
13329,Ryan Burr,0.0,,R,33,41,45,2,2,6,6,16,7,-2,1,-2,1,14.1,12.8,0,1,0,2,30.1,19.8,-1,1,-5,5,27.8,29.6,0,0,0,0,13.7,10.6,0,1,0,1,26.2,20.8,-1,0,-2,0,0.4,2.2,2,0,10,0,,4.0,1,4,2,-1,4,-2,0,5,1,0,1,0,0,0,-3,-3,-6,-6,0,0,S(1) R(1),S(1) R(1),S(1),R(1),,1.0,1.0,,3-44,3,44,0,0,1WR-C,E,10,C,1p30,6,7,13,6,7,12.33333333,4,2,SP,RP,
13384,Spencer Schwellenbach,1.96,,R,124,24,38,-1,1,-3,3,3,0,2,3,2,3,20.2,10.1,-1,1,-2,2,23.2,10.1,0,2,0,10,39.2,23.5,-1,1,-2,2,18.6,7.9,-1,1,-1,1,32.8,14.7,-2,1,-4,2,1.6,2.2,1,0,5,0,3.0,3.0,3,3,0,0,0,0,5,5,0,0,0,0,7,5,2,0,4,0,-3,-3,S(6),S(6),S(6),,,6.0,,,2-0,2,0,0,5,1WR-C,E,10,C,1p60,-1,23,22,-1,23,12.0,4,1,SP,,
12623,Bryan Baker,0.0,,R,23,21,35,-1,1,-3,3,13,4,-1,2,-1,2,14.9,15.6,0,0,0,0,27.8,19.6,0,1,0,5,31.9,39.5,0,-1,0,-2,13.3,12.6,0,0,0,0,25.5,27.5,-1,-1,-2,-2,1.6,3.0,1,-1,5,-5,1.0,6.0,1,6,2,-2,4,-4,5,5,0,0,0,0,13,11,3,3,6,6,7,7,R(1),R(1),R(1),,,,1.0,,4-0,4,0,0,0,1WR-C,E,10,C,1p20,9,3,12,9,3,12.0,4,3,RP,,
12964,Joe Boyle,0.0,,R,48,25,37,0,1,0,3,33,28,-3,-3,-3,-3,12.2,3.8,1,2,2,4,45.1,31.8,-2,-1,-10,-5,19.4,5.6,1,2,2,4,12.1,3.2,0,2,0,2,19.0,3.2,0,2,0,4,0.1,0.6,2,2,10,10,0.0,2.0,0,2,3,1,6,2,5,5,0,0,0,0,1,0,-2,-3,-4,-6,9,9,S(5) R(3),S(5) R(3),S(5),R(3),,5.0,3.0,,4-30,4,30,6,20,1WR-C,E,10,C,2p30,3,15,18,3,15,12.0,3,2,SP,RP,
13467,Victor Gonzalez,0.21,,L,23,0,0,-3,-3,-9,-9,13,26,-1,-3,-1,-3,0.0,6.1,3,2,6,4,13.0,32.1,2,-1,10,-5,0.0,19.2,3,1,6,2,0.0,2.3,3,2,3,2,0.0,4.0,3,2,6,4,0.0,3.8,2,-2,10,-10,,,0,6,3,-2,6,-4,0,0,1,1,1,1,7,7,2,2,4,4,-1,-1,R(1) C(1),R(1) C(1),R(1),C(1),,,1.0,1.0,2-0,2,0,0,0,1WL-C,E,10,C,1p20,42,-14,28,42,-14,11.66666667,4,3,RP,CP,
12982,John King,0.96,,L,60,12,7,-2,-2,-6,-6,0,6,3,1,3,1,20.1,21.7,-1,-1,-2,-2,20.1,27.7,1,0,5,0,26.7,25.5,0,0,0,0,17.9,21.5,-1,-1,-1,-1,17.9,24.7,0,-1,0,-2,2.2,0.2,0,2,0,10,3.0,0.0,3,0,0,2,0,4,5,5,0,0,0,0,12,12,3,3,6,6,7,7,R(2),R(2),R(2),,,,2.0,,4-24,4,24,5,11,1WL-C,E,10,C,1p40,5,10,15,5,10,11.66666667,4,1,RP,,
12648,Calvin Faucher,0.64,,R,54,32,39,1,2,3,6,22,8,-3,0,-3,0,11.8,15.6,1,0,2,0,33.8,23.6,-1,0,-5,0,28.7,25.5,0,0,0,0,11.8,15.6,0,0,0,0,28.7,25.5,-1,-1,-2,-2,0.0,0.0,2,2,10,10,0.0,0.0,0,0,3,2,6,4,5,5,0,0,0,0,0,4,-3,-1,-6,-2,1,1,R(1) C(3),R(1) C(3),R(1),C(3),,,1.0,3.0,4-0,4,0,0,20,1WR-C,E,10,C,2p50,5,16,21,5,16,11.66666667,3,0,RP,CP,
13370,Shane Baz,1.99,,R,79,19,26,-1,0,-3,0,14,6,-2,1,-2,1,4.1,13.5,2,0,4,0,18.1,19.5,1,1,5,5,11.9,17.1,2,1,4,2,1.5,12.7,2,0,2,0,1.5,13.9,2,1,4,2,2.6,0.8,-1,1,-5,5,4.0,1.0,4,1,-1,2,-2,4,5,5,0,0,0,0,4,5,-1,0,-2,0,-3,-3,S(5),S(5),S(5),,,5.0,,,2-0,2,0,0,5,1WR-C,E,10,C,4p40,5,19,24,5,19,11.66666667,1,1,SP,,
13269,Pablo Lopez,1.21,,R,185,27,37,0,1,0,3,2,4,2,2,2,2,20.4,14.6,-1,0,-2,0,22.4,18.6,1,1,5,5,31.4,27.7,0,0,0,0,18.2,12.0,-1,0,-1,0,22.6,17.3,0,0,0,0,2.2,2.6,0,-1,0,-5,4.0,4.0,4,4,-1,-1,-2,-2,5,5,0,0,0,0,5,5,0,0,0,0,-1,-1,S(6),S(6),S(6),,,6.0,,,3-8,3,8,0,3,1WL-C,E,10,C,0p72,2,3,5,2,3,11.33333333,5,4,SP,,
13044,JT Chargois,1.19,,R,36,55,0,3,-3,9,-9,2,15,2,-3,2,-3,8.0,2.0,1,2,2,4,10.0,17.0,2,1,10,5,32.0,6.5,0,2,0,4,0.0,0.6,3,2,3,2,0.0,0.9,3,2,6,4,8.0,1.4,-3,1,-15,5,,1.0,8,1,-3,2,-6,4,0,5,1,0,1,0,2,2,-2,-2,-4,-4,1,1,R(1),R(1),R(1),,,,1.0,,3-0,3,0,0,0,1WS-C,E,10,C,5p30,8,12,20,8,12,11.33333333,0,2,RP,,
12533,Andre Pallante,0.99,,R,121,16,14,-2,-2,-6,-6,12,12,-1,-2,-1,-2,10.0,21.0,1,-1,2,-2,22.0,33.0,1,-1,5,-5,10.6,32.8,2,-1,4,-2,10.0,19.6,1,-1,1,-1,10.6,27.2,1,-1,2,-2,0.0,1.4,2,1,10,5,0.0,1.0,0,1,3,2,6,4,5,5,0,0,0,0,9,9,3,3,6,6,8,8,S(5) R(3),S(5) R(3),S(5),R(3),,5.0,3.0,,4-0,4,0,5,20,1WR-C,E,10,C,1p60,29,-5,24,29,-5,11.33333333,4,1,SP,RP,
12677,Chris Roycroft,0.0,,R,34,20,25,-1,0,-3,0,28,9,-3,0,-3,0,18.8,12.6,-1,1,-2,2,46.8,21.5,-2,1,-10,5,35.6,15.1,-1,1,-2,2,18.8,12.6,-1,0,-1,0,35.6,15.1,-2,1,-4,2,0.0,0.0,2,2,10,10,0.0,0.0,0,0,3,2,6,4,5,5,0,0,0,0,6,6,1,1,2,2,2,2,R(2),R(2),R(2),,,,2.0,,4-42,4,42,0,5,1WR-C,E,10,C,1p20,-7,27,20,-7,27,11.33333333,4,3,RP,,
12903,Jacob Webb,0.76,,R,57,39,21,2,-1,6,-3,12,18,-1,-3,-1,-3,0.8,12.4,2,1,4,2,12.8,30.4,2,-1,10,-5,0.8,25.1,2,0,4,0,0.8,11.4,2,0,2,0,0.8,21.1,2,0,4,0,0.0,1.0,2,1,10,5,,2.0,0,2,3,1,6,2,0,5,1,0,1,0,0,0,-3,-3,-6,-6,0,0,R(1) C(1),R(1) C(1),R(1),C(1),,,1.0,1.0,2-0,2,0,0,0,1WR-C,E,10,C,2p50,40,-8,32,40,-8,11.0,3,0,RP,CP,
13004,Jorge Alcala,1.15,,R,58,38,23,1,-1,3,-3,9,10,0,-1,0,-1,4.4,7.0,2,2,4,4,13.4,17.0,2,1,10,5,14.3,19.9,1,1,2,2,1.6,4.8,2,2,2,2,3.1,11.1,2,1,4,2,2.8,2.2,-1,0,-5,0,,,4,4,-1,-1,-2,-2,0,0,1,1,1,1,0,0,-3,-3,-6,-6,5,5,R(1),R(1),R(1),,,,1.0,,4-0,4,0,0,16,1WR-C,E,10,C,1p50,13,4,17,13,4,11.0,4,0,RP,,
12970,Joe Ryan,1.53,,R,135,28,41,0,2,0,6,0,2,3,3,3,3,9.3,14.6,1,0,2,0,9.3,16.6,2,1,10,5,23.3,35.8,0,-1,0,-2,7.1,12.0,1,0,1,0,14.5,25.4,1,-1,2,-2,2.2,2.6,0,-1,0,-5,4.0,5.0,4,5,-1,-2,-2,-4,5,5,0,0,0,0,6,5,1,0,2,0,0,0,S(6),S(6),S(6),,,6.0,,,4-21,4,21,3,3,1WR-C,E,10,C,2p60,18,1,19,18,1,10.66666667,3,1,SP,,
13396,Taj Bradley,1.04,,R,138,37,30,1,0,3,0,9,9,0,0,0,0,18.6,10.9,-1,1,-2,2,27.6,19.9,0,1,0,5,30.1,21.1,0,1,0,2,17.0,7.5,-1,1,-1,1,23.7,7.5,-1,2,-2,4,1.6,3.4,1,-1,5,-5,3.0,5.0,3,5,0,-2,0,-4,5,5,0,0,0,0,5,9,0,3,0,6,-2,-2,S(6),S(6),S(6),,,6.0,,,3-0,3,0,0,6,1WR-C,E,10,C,1p60,3,11,14,3,11,10.66666667,4,1,SP,,
13503,Yimi Garcia,0.62,,R,39,48,46,2,2,6,6,7,3,1,2,1,2,14.3,0.0,0,3,0,6,21.3,3.0,1,3,5,15,56.0,0.0,-2,3,-4,6,0.6,0.0,2,3,2,3,1.2,0.0,2,3,4,6,13.7,0.0,-3,2,-15,10,,,8,0,-3,2,-6,4,0,0,1,1,1,1,0,0,-3,-3,-6,-6,5,5,R(1) C(3),R(1) C(3),R(1),C(3),,,1.0,3.0,2-0,2,0,0,5,1WR-C,E,10,C,5p40,-12,53,41,-12,53,10.66666667,0,1,RP,CP,
13512,Yusei Kikuchi,0.72,,L,176,33,37,1,1,3,3,4,4,2,2,2,2,15.1,18.3,0,0,0,0,19.0,22.3,1,1,5,5,24.0,28.0,0,0,0,0,12.3,15.9,0,0,0,0,12.8,18.4,1,0,2,0,2.8,2.4,-1,0,-5,0,5.0,3.0,5,3,-2,0,-4,0,5,5,0,0,0,0,2,2,-2,-2,-4,-4,-3,-3,S(6),S(6),S(6),,,6.0,,,3-0,3,0,0,4,1WL-C,E,10,C,0p72,-1,6,5,-1,6,10.33333333,5,4,SP,,
12838,Gavin Stone,0.96,,R,140,25,13,0,-2,0,-6,10,1,0,3,0,3,9.4,23.4,1,-1,2,-2,19.4,24.4,1,0,5,0,17.1,36.8,1,-1,2,-2,8.6,20.6,1,-1,1,-1,13.9,25.6,1,-1,2,-2,0.8,2.8,2,-1,10,-5,0.0,3.0,0,3,3,0,6,0,5,5,0,0,0,0,7,7,2,2,4,4,0,0,S(5),S(5),S(5),,,5.0,,,2-0,2,0,0,14,1WR-C,E,10,C,1p70,32,-11,21,32,-11,10.33333333,4,3,SP,,
12890,Jack Flaherty,1.72,,R,162,37,43,1,2,3,6,2,6,2,1,2,1,11.2,11.9,1,1,2,2,13.2,17.9,2,1,10,5,19.8,27.4,1,0,2,0,9.4,8.3,1,1,1,1,12.6,13.0,1,1,2,2,1.8,3.6,0,-2,0,-10,2.0,7.0,2,7,1,-3,2,-6,5,5,0,0,0,0,2,0,-2,-3,-4,-6,0,0,S(6),S(6),S(6),,,6.0,,,3-0,3,0,0,8,1WR-C,E,10,C,1p70,20,-5,15,20,-5,10.33333333,4,3,SP,,
12920,Jalen Beeks,0.0,,L,70,24,10,-1,-2,-3,-6,13,7,-1,1,-1,1,6.1,28.7,2,-2,4,-4,19.1,35.7,1,-2,5,-10,11.5,34.8,2,-1,4,-2,6.1,27.5,1,-2,1,-2,11.5,30.0,1,-1,2,-2,0.0,1.2,2,1,10,5,0.0,2.0,0,2,3,1,6,2,5,5,0,0,0,0,8,8,2,2,4,4,-3,-3,R(1) C(2),R(1) C(2),R(1),C(2),,,1.0,2.0,4-21,4,21,0,20,1WL-C,E,10,C,0p72,32,-14,18,32,-14,10.33333333,5,4,RP,CP,
13470,Victor Vodnik,0.78,,R,74,8,29,-2,0,-6,0,23,10,-3,-1,-3,-1,12.2,20.2,1,-1,2,-2,35.2,30.2,-1,-1,-5,-5,15.7,31.1,1,0,2,0,12.2,18.8,0,-1,0,-1,15.7,25.5,0,-1,0,-2,0.0,1.4,2,1,10,5,0.0,2.0,0,2,3,1,6,2,5,5,0,0,0,0,10,10,3,3,6,6,-2,-2,R(2) C(3),R(2) C(3),R(2),C(3),,,2.0,3.0,4-0,4,0,0,11,1WR-C,E,10,C,1p40,12,2,14,12,2,10.33333333,4,1,RP,CP,
13355,Scott Alexander,0.89,,L,39,20,20,-1,-1,-3,-3,0,7,3,1,3,1,7.6,16.3,1,0,2,0,7.6,23.3,2,0,10,0,13.4,30.4,1,0,2,0,7.6,13.5,1,0,1,0,13.4,19.2,1,0,2,0,0.0,2.8,2,-1,10,-5,,6.0,0,6,3,-2,6,-4,0,5,1,0,1,0,8,8,2,2,4,4,1,1,R(1),R(1),R(1),,,,1.0,,3-0,3,0,0,11,1WL-C,E,10,C,5p30,38,-7,31,38,-7,10.0,0,2,RP,,
12841,George Kirby,0.9,,R,191,30,21,0,-1,0,-3,0,0,3,3,3,3,19.4,16.0,-1,0,-2,0,19.4,16.0,1,2,5,10,35.2,25.2,-1,0,-2,0,17.0,14.8,-1,0,-1,0,25.6,20.4,-1,0,-2,0,2.4,1.2,0,1,0,5,4.0,2.0,4,2,-1,1,-2,2,5,5,0,0,0,0,2,2,-2,-2,-4,-4,5,5,S(6*),S(6),S(6),,,6.0,,,5-8,5,8,2,5,1WR-C,E,10,C,0p72,-5,13,8,-5,13,10.0,5,4,SP,,
13417,TJ McFarland,0.51,,L,57,20,3,-1,-3,-3,-9,0,9,3,0,3,0,16.6,19.8,0,-1,0,-2,16.6,28.8,1,-1,5,-5,25.8,30.4,0,0,0,0,16.6,18.0,-1,-1,-1,-1,25.8,23.2,-1,0,-2,0,0.0,1.8,2,0,10,0,0.0,3.0,0,3,3,0,6,0,5,5,0,0,0,0,12,12,3,3,6,6,3,3,R(1),R(1),R(1),,,,1.0,,4-0,4,0,0,0,1WL-C,E,10,C,0p72,24,-11,13,24,-11,9.666666667,5,4,RP,,
12655,Carlos Rodon,0.98,,L,175,33,33,1,1,3,3,8,9,0,0,0,0,13.3,12.4,0,1,0,2,21.3,21.4,1,1,5,5,22.4,28.2,1,0,2,0,11.9,8.8,0,1,0,1,16.8,13.8,0,1,0,2,1.4,3.6,1,-2,5,-10,1.0,5.0,1,5,2,-2,4,-4,5,5,0,0,0,0,2,0,-2,-3,-4,-6,2,2,S(6),S(6),S(6),,,6.0,,,4-0,4,0,4,3,1WL-C,E,10,C,0p72,15,-7,8,15,-7,9.333333333,5,4,SP,,
13352,Sam Long,0.79,,L,43,27,32,0,1,0,3,6,15,1,-3,1,-3,11.6,7.4,1,2,2,4,17.6,22.5,1,0,5,0,18.8,17.2,1,1,2,2,9.8,5.4,1,2,1,2,11.6,9.2,1,1,2,2,1.8,2.0,0,0,0,0,4.0,3.0,4,3,-1,0,-2,0,5,5,0,0,0,0,0,0,-3,-3,-6,-6,-2,-2,R(1) C(0),R(1) C(0),R(1),C(0),,,1.0,0.0,3-0,3,0,10,16,1WL-C,E,10,C,1p40,5,4,9,5,4,9.333333333,4,1,RP,CP,
13101,Kyle Nicolas,0.18,,R,55,20,29,-1,0,-3,0,23,16,-3,-3,-3,-3,4.2,19.8,2,-1,4,-2,27.2,35.8,0,-2,0,-10,10.4,21.0,2,1,4,2,3.2,19.8,2,-1,2,-1,6.4,21.0,2,0,4,0,1.0,0.0,1,2,5,10,,0.0,1,0,2,2,4,4,0,5,1,0,1,0,6,4,1,-1,2,-2,-4,-4,R(1),R(1),R(1),,,,1.0,,3-0,3,0,7,20,1WR-C,E,10,C,1p50,20,-2,18,20,-2,9.333333333,4,0,RP,,
13509,Yuki Matsui,0.61,,L,63,40,31,2,0,6,0,10,12,0,-2,0,-2,12.1,6.6,1,2,2,4,22.1,18.5,1,1,5,5,30.4,19.4,0,1,0,2,9.5,4.6,1,2,1,2,20.0,11.4,0,1,0,2,2.6,2.0,-1,0,-5,0,,,3,3,0,0,0,0,0,0,1,1,1,1,0,0,-3,-3,-6,-6,-3,-3,R(1),R(1),R(1),,,,1.0,,3-23,3,23,0,20,1WL-C,E,10,C,1p50,4,8,12,4,8,9.333333333,4,0,RP,,
13068,Keegan Thompson,1.42,,R,30,32,42,1,2,3,6,15,29,-2,-3,-2,-3,8.8,0.0,1,3,2,6,23.8,29.0,0,-1,0,-5,26.7,0.0,0,3,0,6,4.7,0.0,2,3,2,3,10.3,0.0,1,3,2,6,4.1,0.0,-2,2,-10,10,,,8,0,-3,2,-6,4,0,0,1,1,1,1,5,5,0,0,0,0,-1,-1,R(2) C(1),R(2) C(1),R(2),C(1),,,2.0,1.0,3-51,3,51,0,0,1WR-C,E,10,C,5p20,-8,34,26,-8,34,9.0,0,3,RP,CP,
12743,David Peterson,2.16,,L,121,39,13,2,-2,6,-6,2,14,2,-2,2,-2,15.1,19.1,0,-1,0,-2,17.1,33.1,1,-1,5,-5,20.5,26.5,1,0,2,0,13.3,19.1,0,-1,0,-1,13.3,26.5,1,-1,2,-2,1.8,0.0,0,2,0,10,2.0,0.0,2,0,1,2,2,4,5,5,0,0,0,0,6,8,1,2,2,4,-4,-4,S(6),S(6),S(6),,,6.0,,,2-51,2,51,3,7,1WL-C,E,10,C,3p50,21,0,21,21,0,9.0,2,0,SP,,
12852,Grant Holmes,1.16,,R,68,25,35,0,1,0,3,0,2,3,3,3,3,25.8,15.4,-2,0,-4,0,25.8,17.5,0,1,0,5,34.5,27.5,-1,0,-2,0,25.8,11.4,-2,0,-2,0,34.5,11.5,-2,1,-4,2,0.0,4.0,2,-2,10,-10,0.0,7.0,0,7,3,-3,6,-6,5,5,0,0,0,0,6,7,1,2,2,4,2,2,S(4) R(3),S(4) R(3),S(4),R(3),,4.0,3.0,,4-0,4,0,0,6,1WL-C,E,10,C,1p40,9,1,10,9,1,8.666666667,4,1,SP,RP,
12499,Adam Cimber,0.0,,R,24,30,10,0,-2,0,-6,20,17,-3,-3,-3,-3,17.8,11.5,0,1,0,2,37.8,28.5,-2,-1,-10,-5,25.3,11.5,0,2,0,4,17.8,11.5,-1,0,-1,0,25.3,11.5,-1,1,-2,2,0.0,0.0,2,2,10,10,0.0,0.0,0,0,3,2,6,4,5,5,0,0,0,0,4,9,-1,3,-2,6,-2,-2,R(1),R(1),R(1),,,,1.0,,2-0,2,0,0,8,1WR-C,E,10,C,3p20,-2,14,12,-2,14,8.333333333,2,3,RP,,
13232,Nestor Cortes Jr,0.67,,L,174,32,22,1,-1,3,-3,5,3,2,2,2,2,12.3,19.3,1,-1,2,-2,17.3,22.3,1,1,5,5,16.5,37.8,1,-1,2,-2,11.9,16.5,0,-1,0,-1,14.9,26.6,1,-1,2,-2,0.4,2.8,2,-1,10,-5,0.0,5.0,0,5,3,-2,6,-4,5,5,0,0,0,0,5,4,0,-1,0,-2,-4,-4,S(5),S(5),S(5),,,5.0,,,2-0,2,0,2,2,1WR-C,E,10,C,1p70,32,-14,18,32,-14,8.333333333,4,3,SP,,
13508,Yu Darvish,1.84,,R,82,28,25,0,0,0,0,4,8,2,0,2,0,10.2,13.1,1,1,2,2,14.2,21.1,2,1,10,5,17.2,32.0,1,0,2,0,8.2,9.7,1,1,1,1,9.2,18.4,1,0,2,0,2.0,3.4,0,-1,0,-5,3.0,,3,5,0,-2,0,-4,5,0,0,1,0,1,6,6,1,1,2,2,4,4,S(5),S(5),S(5),,,5.0,,,3-0,3,0,0,5,1WR-C,E,10,C,5p50,21,2,23,21,2,8.333333333,0,0,SP,,
12914,Jake Irvin,0.91,,R,188,18,20,-1,-1,-3,-3,8,3,0,2,0,2,14.3,16.3,0,0,0,0,22.4,19.3,1,1,5,5,31.9,29.4,0,0,0,0,10.9,14.1,0,0,0,0,18.3,20.6,0,0,0,0,3.4,2.2,-2,0,-10,0,5.0,3.0,5,3,-2,0,-4,0,5,5,0,0,0,0,11,12,3,3,6,6,-4,-4,S(6),S(6),S(6),,,6.0,,,3-15,3,15,2,5,1WR-C,E,10,C,0p72,-6,10,4,-6,10,8.333333333,5,4,SP,,
13282,Pedro Avila,0.21,,R,83,27,24,0,0,0,0,18,11,-3,-1,-3,-1,4.8,21.5,2,-1,4,-2,22.9,32.5,0,-1,0,-5,5.0,36.9,2,-1,4,-2,4.8,19.1,2,-1,2,-1,5.0,27.3,2,-1,4,-2,0.0,2.4,2,0,10,0,0.0,4.0,0,4,3,-1,6,-2,5,5,0,0,0,0,8,10,2,3,4,6,-5,-5,R(2) C(0),R(2) C(0),R(2),C(0),,,2.0,0.0,2-0,2,0,0,19,1WR-C,E,10,C,1p50,31,-9,22,31,-9,8.333333333,4,0,RP,CP,
13330,Ryan Feltner,0.51,,R,162,17,22,-1,-1,-3,-3,6,8,1,0,1,0,20.7,18.5,-1,0,-2,0,26.7,26.5,0,0,0,0,33.5,26.6,-1,0,-2,0,18.9,16.3,-1,0,-1,0,26.3,17.8,-1,0,-2,0,1.8,2.2,0,0,0,0,2.0,2.0,2,2,1,1,2,2,5,5,0,0,0,0,12,11,3,3,6,6,6,6,S(5),S(5),S(5),,,5.0,,,4-0,4,0,0,5,1WR-C,E,10,C,1p70,-1,5,4,-1,5,8.0,4,3,SP,,
13097,Kyle Leahy,0.3,,R,49,21,7,-1,-2,-3,-6,4,2,2,3,2,3,22.4,9.5,-1,1,-2,2,26.4,11.5,0,2,0,10,47.3,12.5,-2,2,-4,4,19.2,9.5,-1,1,-1,1,34.5,12.5,-2,1,-4,2,3.2,0.0,-1,2,-5,10,5.0,0.0,5,0,-2,2,-4,4,5,5,0,0,0,0,12,12,3,3,6,6,-3,-3,R(2) C(0),R(2) C(0),R(2),C(0),,,2.0,0.0,3-30,3,30,0,15,1WS-C,E,10,C,1p30,-15,36,21,-15,36,8.0,4,2,RP,CP,
13362,Sean Manaea,1.49,,L,182,37,28,1,0,3,0,7,11,1,-1,1,-1,17.7,7.2,0,2,0,4,24.7,18.1,0,1,0,5,33.2,14.7,-1,2,-2,4,13.4,5.8,0,1,0,1,16.0,9.1,0,1,0,2,4.3,1.4,-2,1,-10,5,7.0,1.0,7,1,-3,2,-6,4,5,5,0,0,0,0,3,7,-1,2,-2,4,2,2,S(6),S(6),S(6),,,6.0,,,4-16,4,16,0,4,1WR-C,E,10,C,0p72,-16,28,12,-16,28,7.666666667,5,4,SP,,
12666,Chad Green,0.63,,R,53,35,14,1,-2,3,-6,4,3,2,2,2,2,12.1,10.4,1,1,2,2,16.1,13.4,1,2,5,10,34.0,16.5,-1,1,-2,2,6.6,8.6,1,1,1,1,12.0,9.3,1,1,2,2,5.5,1.8,-3,0,-15,0,8.0,2.0,8,2,-3,1,-6,2,5,5,0,0,0,0,10,12,3,3,6,6,3,3,R(1) C(5),R(1) C(5),R(1),C(5),,,1.0,5.0,3-0,3,0,0,4,1WL-C,E,10,C,3p50,-2,21,19,-2,21,7.666666667,2,0,RP,CP,
12552,Anthony Banda,0.48,,L,50,36,25,1,0,3,0,5,4,2,2,2,2,12.9,16.1,0,0,0,0,17.9,20.1,1,1,5,5,19.4,28.1,1,0,2,0,12.9,13.1,0,0,0,0,19.4,16.1,0,1,0,2,0.0,3.0,2,-1,10,-5,0.0,5.0,0,5,3,-2,6,-4,5,5,0,0,0,0,0,0,-3,-3,-6,-6,3,3,S(1) R(1) C(1),S(1) R(1) C(1),S(1),R(1),C(1),1.0,1.0,1.0,4-0,4,0,0,4,1WL-C,E,10,C,2p40,22,-6,16,22,-6,7.333333333,3,1,SP,RP,CP
12791,Elvis Peguero,0.37,,R,51,27,17,0,-1,0,-3,5,21,2,-3,2,-3,26.1,20.0,-2,-1,-4,-2,31.1,41.0,-1,-2,-5,-10,31.0,23.1,0,1,0,2,26.1,19.0,-2,-1,-2,-1,31.0,19.1,-1,0,-2,0,0.0,1.0,2,1,10,5,0.0,1.0,0,1,3,2,6,4,5,5,0,0,0,0,11,10,3,3,6,6,1,1,R(1) C(1),R(1) C(1),R(1),C(1),,,1.0,1.0,4-28,4,28,7,20,1WR-C,E,10,C,1p40,11,-2,9,11,-2,7.333333333,4,1,RP,CP,
13202,Michael Tonkin,0.0,,R,79,23,36,-1,1,-3,3,12,10,-1,-1,-1,-1,16.1,15.3,0,0,0,0,28.1,25.4,0,0,0,0,28.2,20.1,0,1,0,2,14.7,15.1,0,0,0,0,22.6,19.3,0,0,0,0,1.4,0.2,1,2,5,10,1.0,0.0,1,0,2,2,4,4,5,5,0,0,0,0,0,0,-3,-3,-6,-6,1,1,R(2) C(1),R(2) C(1),R(2),C(1),,,2.0,1.0,4-0,4,0,4,11,1WR-C,E,10,C,1p50,-1,12,11,-1,12,7.333333333,4,0,RP,CP,
12984,JoJo Romero,0.73,,L,59,44,11,2,-2,6,-6,6,6,1,1,1,1,6.4,19.5,2,-1,4,-2,12.4,25.5,2,0,10,0,8.8,37.5,2,-1,4,-2,6.2,15.9,1,0,1,0,8.0,23.1,1,0,2,0,0.2,3.6,2,-2,10,-10,0.0,6.0,0,6,3,-2,6,-4,5,5,0,0,0,0,8,8,2,2,4,4,-4,-4,R(1) C(0),R(1) C(0),R(1),C(0),,,1.0,0.0,2-0,2,0,0,3,1WL-C,E,10,C,1p50,48,-19,29,48,-19,7.333333333,4,0,RP,CP,
12826,Gabe Speier,0.0,,L,24,41,33,2,1,6,3,23,18,-3,-3,-3,-3,5.0,17.0,2,0,4,0,27.9,35.0,0,-2,0,-10,7.6,28.0,2,0,4,0,4.2,16.2,2,0,2,0,4.4,24.8,2,-1,4,-2,0.8,0.8,2,1,10,5,2.0,1.0,2,1,1,2,2,4,5,5,0,0,0,0,0,3,-3,-1,-6,-2,9,9,R(1),R(1),R(1),,,,1.0,,4-0,4,0,0,9,1WL-C,E,10,C,5p20,23,-5,18,23,-5,7.333333333,0,3,RP,,
13248,Nick Sandlin,0.0,,R,58,42,35,2,1,6,3,3,23,2,-3,2,-3,9.1,7.3,1,2,2,4,12.0,30.3,2,-1,10,-5,19.3,22.7,1,1,2,2,6.7,2.5,1,2,1,2,9.7,3.5,1,2,2,4,2.4,4.8,0,-2,0,-10,3.0,,3,8,0,-3,0,-6,5,0,0,1,0,1,7,4,2,-1,4,-2,1,1,R(1) C(0),R(1) C(0),R(1),C(0),,,1.0,0.0,2-0,2,0,0,3,1WR-C,E,10,C,1p50,29,-10,19,29,-10,7.0,4,0,RP,CP,
13397,Tanner Banks,0.07,,L,72,39,24,2,0,6,0,3,11,2,-1,2,-1,14.6,19.6,0,-1,0,-2,17.5,30.7,1,-1,5,-5,23.8,25.0,0,0,0,0,13.6,18.8,0,-1,0,-1,19.8,21.8,0,0,0,0,1.0,0.8,1,1,5,5,0.0,1.0,0,1,3,2,6,4,5,5,0,0,0,0,0,0,-3,-3,-6,-6,6,6,R(1) C(1),R(1) C(1),R(1),C(1),,,1.0,1.0,3-51,3,51,0,0,1WR-C,E,10,C,1p60,18,-6,12,18,-6,7.0,4,1,RP,CP,
12568,Austin Voth,0.0,,R,61,16,42,-2,2,-6,6,3,11,2,-1,2,-1,11.8,5.7,1,2,2,4,14.8,16.7,2,1,10,5,27.7,15.9,0,1,0,2,9.4,2.3,1,2,1,2,18.1,2.3,0,2,0,4,2.4,3.4,0,-1,0,-5,4.0,5.0,4,5,-1,-2,-2,-4,5,5,0,0,0,0,0,0,-3,-3,-6,-6,1,1,R(1),R(1),R(1),,,,1.0,,2-23,2,23,0,0,1WR-C,E,10,C,1p50,1,7,8,1,7,7.0,4,0,RP,,
12813,Evan Phillips,0.0,,R,55,24,44,-1,2,-3,6,6,7,1,1,1,1,16.9,12.4,0,1,0,2,22.9,19.4,0,1,0,5,33.1,18.4,-1,1,-2,2,13.7,12.2,0,0,0,0,20.3,17.6,0,0,0,0,3.2,0.2,-1,2,-5,10,5.0,0.0,5,0,-2,2,-4,4,5,5,0,0,0,0,5,7,0,2,0,4,0,0,R(1) C(4),R(1) C(4),R(1),C(4),,,1.0,4.0,3-26,3,26,0,3,1WR-C,E,10,C,1p50,-13,34,21,-13,34,6.666666667,4,0,RP,CP,
12971,Joel Payamps,0.89,,R,59,28,34,0,1,0,3,0,8,3,0,3,0,14.9,2.8,0,2,0,4,14.9,10.9,2,2,10,10,41.0,4.7,-1,2,-2,4,9.9,2.8,1,2,1,2,21.0,4.7,0,2,0,4,5.0,0.0,-3,2,-15,10,,0.0,6,0,-3,2,-6,4,0,5,1,0,1,0,0,0,-3,-3,-6,-6,0,0,R(1) C(2),R(1) C(2),R(1),C(2),,,1.0,2.0,2-50,2,50,0,0,1WR-C,E,10,C,1p50,-14,35,21,-14,35,6.333333333,4,0,RP,CP,
12784,Edwin Diaz,0.45,,R,54,35,67,1,3,3,9,23,1,-3,3,-3,3,7.2,4.1,1,2,2,4,30.2,5.1,-1,3,-5,15,20.8,7.1,1,2,2,4,3.6,3.1,2,2,2,2,6.4,3.1,2,2,4,4,3.6,1.0,-2,1,-10,5,7.0,0.0,7,0,-3,2,-6,4,5,5,0,0,0,0,0,0,-3,-3,-6,-6,9,9,R(1) C(4),R(1) C(4),R(1),C(4),,,1.0,4.0,5-27,5,27,0,13,1WR-C,E,10,C,2p50,-17,44,27,-17,44,6.333333333,3,0,RP,CP,
12746,Davis Martin,0.81,,R,50,24,21,-1,-1,-3,-3,11,18,-1,-3,-1,-3,18.0,16.5,0,0,0,0,29.0,34.5,0,-1,0,-5,19.3,25.6,1,0,2,0,17.6,14.7,-1,0,-1,0,17.7,18.4,0,0,0,0,0.4,1.8,2,0,10,0,0.0,3.0,0,3,3,0,6,0,5,5,0,0,0,0,6,7,1,2,2,4,-3,-3,S(5) R(3),S(5) R(3),S(5),R(3),,5.0,3.0,,2-28,2,28,0,8,1WL-C,E,10,C,1p30,15,-7,8,15,-7,6.333333333,4,2,SP,RP,
13418,Tobias Myers,0.88,,R,138,17,31,-1,0,-3,0,8,2,0,3,0,3,22.7,16.8,-1,0,-2,0,30.7,18.8,-1,1,-5,5,30.4,28.6,0,0,0,0,20.5,14.4,-1,0,-1,0,21.6,19.0,0,0,0,0,2.2,2.4,0,0,0,0,2.0,3.0,2,3,1,0,2,0,5,5,0,0,0,0,6,7,1,2,2,4,-2,-2,S(5) R(3),S(5) R(3),S(5),R(3),,5.0,3.0,,3-31,3,31,14,6,1WR-C,E,10,C,1p70,-7,12,5,-7,12,6.333333333,4,3,SP,RP,
12691,Clarke Schmidt,1.76,,R,85,44,22,2,-1,6,-3,11,10,-1,-1,-1,-1,16.0,14.1,0,0,0,0,27.0,24.1,0,0,0,0,23.3,24.4,0,0,0,0,14.0,13.3,0,0,0,0,15.3,21.2,1,0,2,0,2.0,0.8,0,1,0,5,1.0,0.0,1,0,2,2,4,4,5,5,0,0,0,0,0,8,-3,2,-6,4,-2,-2,S(5),S(5),S(5),,,5.0,,,3-17,3,17,0,5,1WR-C,E,10,C,5p50,5,9,14,5,9,6.333333333,0,0,SP,,
13522,Zack Littell,0.8,,R,156,20,25,-1,0,-3,0,2,1,2,3,2,3,22.2,24.8,-1,-2,-2,-4,24.2,25.8,0,0,0,0,32.7,33.9,0,-1,0,-2,20.6,22.6,-1,-2,-1,-2,26.3,25.1,-1,-1,-2,-2,1.6,2.2,1,0,5,0,3.0,3.0,3,3,0,0,0,0,5,5,0,0,0,0,7,7,2,2,4,4,-3,-3,S(5),S(5),S(5),,,5.0,,,3-10,3,10,0,0,1WR-C,E,10,C,1p70,3,-3,0,3,-3,6.0,4,3,SP,,
13301,Ranger Suarez,0.77,,L,151,26,26,0,0,0,0,0,7,3,1,3,1,23.4,17.2,-1,0,-2,0,23.4,24.2,0,0,0,0,42.8,25.2,-1,0,-2,0,21.4,16.4,-1,0,-1,0,34.8,22.0,-2,0,-4,0,2.0,0.8,0,1,0,5,2.0,1.0,2,1,1,2,2,4,5,5,0,0,0,0,4,4,-1,-1,-2,-2,0,0,S(5),S(5),S(5),,,5.0,,,1-0,1,0,5,0,1WL-C,E,10,C,1p70,-6,8,2,-6,8,5.666666667,4,3,SP,,
13087,Kutter Crawford,0.98,,R,184,27,25,0,0,0,0,5,6,2,1,2,1,8.9,13.5,1,0,2,0,13.9,19.5,2,1,10,5,24.1,32.2,0,0,0,0,4.1,10.3,2,1,2,1,4.9,19.4,2,0,4,0,4.8,3.2,-3,-1,-15,-5,,5.0,8,5,-3,-2,-6,-4,0,5,1,0,1,0,4,4,-1,-1,-2,-2,-2,-2,S(6),S(6),S(6),,,6.0,,,2-0,2,0,0,4,1WR-C,E,12,C,0p72,-2,-4,-6,-2,-4,5.666666667,5,4,SP,,
12947,Jeffrey Springs,2.05,,L,33,25,33,0,1,0,3,0,11,3,-1,3,-1,15.5,15.1,0,0,0,0,15.5,26.1,1,0,5,0,23.3,21.8,0,1,0,2,12.9,13.7,0,0,0,0,12.9,16.2,1,1,2,2,2.6,1.4,-1,1,-5,5,4.0,2.0,4,2,-1,1,-2,2,5,5,0,0,0,0,3,2,-1,-2,-2,-4,3,3,S(5),S(5),S(5),,,5.0,,,3-0,3,0,0,0,1WL-C,E,10,C,6p20,1,9,10,1,9,5.666666667,-1,3,SP,,
13361,Sean Hjelle,0.32,,R,81,20,28,-1,0,-3,0,0,0,3,3,3,3,15.3,26.8,0,-2,0,-4,15.3,26.8,2,0,10,0,38.1,29.3,-1,0,-2,0,8.3,26.8,1,-2,1,-2,10.1,29.3,1,-1,2,-2,7.0,0.0,-3,2,-15,10,8.0,0.0,8,0,-3,2,-6,4,5,5,0,0,0,0,11,11,3,3,6,6,-1,-1,R(2),R(2),R(2),,,,2.0,,2-0,2,0,0,0,1WR-C,E,10,C,2p50,-4,15,11,-4,15,5.333333333,3,0,RP,,
13343,Ryan Weathers,1.9,,L,87,29,23,0,-1,0,-3,13,3,-1,2,-1,2,10.8,13.3,1,0,2,0,23.8,16.3,0,1,0,5,18.5,28.4,1,0,2,0,10.8,10.1,0,1,0,1,18.5,15.6,0,1,0,2,0.0,3.2,2,-1,10,-5,,5.0,0,5,3,-2,6,-4,0,5,1,0,1,0,5,5,0,0,0,0,-1,-1,S(5),S(5),S(5),,,5.0,,,3-0,3,0,4,4,1WR-C,E,10,C,5p50,20,-2,18,20,-2,5.333333333,0,0,SP,,
12650,Camilo Doval,0.0,,R,59,25,44,0,2,0,6,25,18,-3,-3,-3,-3,16.0,10.9,0,1,0,2,41.0,29.0,-2,-1,-10,-5,27.1,23.7,0,1,0,2,15.2,10.9,0,1,0,1,23.9,23.7,-1,-1,-2,-2,0.8,0.0,2,2,10,10,2.0,,2,0,1,2,2,4,5,0,0,1,0,1,4,4,-1,-1,-2,-2,9,9,R(1) C(5),R(1) C(5),R(1),C(5),,,1.0,5.0,4-48,4,48,0,20,1WR-C,E,10,C,1p50,-5,14,9,-5,14,5.333333333,4,0,RP,CP,
12997,Jordan Hicks,0.62,,R,110,13,25,-2,0,-6,0,22,5,-3,2,-3,2,20.8,17.1,-1,0,-2,0,42.8,22.0,-2,1,-10,5,28.6,30.8,0,0,0,0,20.0,15.5,-1,0,-1,0,25.4,24.4,-1,-1,-2,-2,0.8,1.6,2,1,10,5,2.0,3.0,2,3,1,0,2,0,5,5,0,0,0,0,10,12,3,3,6,6,2,2,S(5) R(3) C(0),S(5) R(3) C(0),S(5),R(3),C(0),5.0,3.0,0.0,2-13,2,13,6,13,1WR-C,E,10,C,2p60,-6,16,10,-6,16,5.333333333,3,1,SP,RP,CP
13350,Sam Hentges,0.49,,L,24,47,36,2,1,6,3,0,6,3,1,3,1,22.8,9.0,-1,1,-2,2,22.8,15.0,0,2,0,10,49.4,21.8,-2,1,-4,2,20.0,6.6,-1,1,-1,1,38.2,12.2,-2,1,-4,2,2.8,2.4,-1,0,-5,0,,,4,4,-1,-1,-2,-2,0,0,1,1,1,1,4,12,-1,3,-2,6,-1,-1,R(1),R(1),R(1),,,,1.0,,2-0,2,0,0,0,1WL-C,E,10,C,5p20,-10,26,16,-10,26,5.0,0,3,RP,,
12954,Jesus Luzardo,1.01,,L,67,29,20,0,-1,0,-3,14,8,-2,0,-2,0,8.9,14.3,1,0,2,0,22.9,22.3,0,1,0,5,22.9,26.5,1,0,2,0,5.7,12.3,1,0,1,0,10.1,18.5,1,0,2,0,3.2,2.0,-1,0,-5,0,5.0,3.0,5,3,-2,0,-4,0,5,5,0,0,0,0,11,10,3,3,6,6,-1,-1,S(5),S(5),S(5),,,5.0,,,2-0,2,0,0,10,1WL-C,E,10,C,5p40,2,8,10,2,8,5.0,0,1,SP,,
12699,Colin Holderman,0.65,,R,51,26,36,0,1,0,3,27,8,-3,0,-3,0,12.5,5.8,0,2,0,4,39.5,13.8,-2,2,-10,10,25.4,13.6,0,2,0,4,11.7,3.2,0,2,0,2,22.2,3.2,0,2,0,4,0.8,2.6,2,-1,10,-5,,4.0,1,4,2,-1,4,-2,0,5,1,0,1,0,0,0,-3,-3,-6,-6,5,5,R(1),R(1),R(1),,,,1.0,,4-0,4,0,0,8,1WR-C,E,10,C,3p40,-4,14,10,-4,14,5.0,2,1,RP,,
12654,Carlos Hernandez,0.48,,R,30,20,23,-1,-1,-3,-3,16,22,-2,-3,-2,-3,15.4,6.8,0,2,0,4,31.4,28.8,-1,-1,-5,-5,28.9,12.0,0,2,0,4,15.4,6.8,0,1,0,1,28.9,12.0,-1,1,-2,2,0.0,0.0,2,2,10,10,0.0,,0,0,3,2,6,4,5,0,0,1,0,1,0,0,-3,-3,-6,-6,9,9,R(2),R(2),R(2),,,,2.0,,4-0,4,0,0,7,1WR-C,E,10,C,5p20,-2,9,7,-2,9,4.666666667,0,3,RP,,
13414,Tim Hill,0.22,,L,67,0,0,-3,-3,-9,-9,6,4,1,2,1,2,24.8,29.9,-2,-2,-4,-4,30.8,33.8,-1,-1,-5,-5,30.8,29.9,0,0,0,0,24.8,29.9,-2,-3,-2,-3,30.8,29.9,-1,-1,-2,-2,0.0,0.0,2,2,10,10,0.0,0.0,0,0,3,2,6,4,5,5,0,0,0,0,9,9,3,3,6,6,-2,-2,R(1),R(1),R(1),,,,1.0,,3-43,3,43,0,0,1WR-C,E,10,C,1p60,1,-1,0,1,-1,4.666666667,4,1,RP,,
12539,Andrew Chafin,0.26,,L,56,32,42,1,2,3,6,18,15,-3,-3,-3,-3,20.5,11.3,-1,1,-2,2,38.5,26.3,-2,0,-10,0,26.5,13.1,0,2,0,4,19.3,10.7,-1,1,-1,1,21.7,10.7,0,1,0,2,1.2,0.6,1,2,5,10,1.0,1.0,1,1,2,2,4,4,5,5,0,0,0,0,0,2,-3,-2,-6,-4,0,0,R(1) C(0),R(1) C(0),R(1),C(0),,,1.0,0.0,4-0,4,0,0,20,1WR-C,E,10,C,1p50,-10,22,12,-10,22,4.666666667,4,0,RP,CP,
12634,Bryce Jarvis,0.58,,R,59,1,12,-3,-2,-9,-6,20,15,-3,-3,-3,-3,15.6,12.3,0,1,0,2,35.6,27.3,-1,0,-5,0,20.1,21.8,1,1,2,2,15.6,9.9,0,1,0,1,20.1,12.2,0,1,0,2,0.0,2.4,2,0,10,0,0.0,4.0,0,4,3,-1,6,-2,5,5,0,0,0,0,12,12,3,3,6,6,-1,-1,R(2),R(2),R(2),,,,2.0,,3-0,3,0,0,14,1WL-C,E,10,C,5p40,7,2,9,7,2,4.666666667,0,1,RP,,
12854,Grayson Rodriguez,1.08,,R,117,37,29,1,0,3,0,8,6,0,1,0,1,8.6,22.5,1,-1,2,-2,16.6,28.5,1,-1,5,-5,15.3,38.9,1,-1,2,-2,7.8,19.7,1,-1,1,-1,12.1,27.7,1,-1,2,-2,0.8,2.8,2,-1,10,-5,1.0,5.0,1,5,2,-2,4,-4,5,5,0,0,0,0,9,9,3,3,6,6,-2,-2,S(6),S(6),S(6),,,6.0,,,2-0,2,0,0,11,1WL-C,E,10,C,3p50,35,-14,21,35,-14,4.333333333,2,0,SP,,
13223,Mitchell Parker,0.3,,L,151,30,17,0,-1,0,-3,2,7,2,1,2,1,25.8,16.0,-2,0,-4,0,27.8,22.9,0,0,0,0,33.3,28.5,-1,0,-2,0,25.8,13.8,-2,0,-2,0,33.3,19.7,-2,0,-4,0,0.0,2.2,2,0,10,0,0.0,4.0,0,4,3,-1,6,-2,5,5,0,0,0,0,3,4,-1,-1,-2,-2,-4,-4,S(5),S(5),S(5),,,5.0,,,5-47,5,47,0,10,1WL-C,E,10,C,1p70,4,-6,-2,4,-6,4.333333333,4,3,SP,,
13090,Kyle Finnegan,0.68,,R,64,38,13,1,-2,3,-6,9,8,0,0,0,0,8.7,21.5,1,-1,2,-2,17.7,29.5,1,-1,5,-5,22.4,30.8,1,0,2,0,5.1,20.1,1,-1,1,-1,8.0,25.2,1,-1,2,-2,3.6,1.4,-2,1,-10,5,5.0,2.0,5,2,-2,1,-4,2,5,5,0,0,0,0,9,9,3,3,6,6,3,3,R(1) C(6),R(1) C(6),R(1),C(6),,,1.0,6.0,4-0,4,0,0,6,1WR-C,E,10,C,1p50,7,-3,4,7,-3,4.333333333,4,0,RP,CP,
12492,Aaron Bummer,0.31,,L,55,42,36,2,1,6,3,7,6,1,1,1,1,22.9,25.5,-1,-2,-2,-4,29.9,31.5,-1,-1,-5,-5,29.1,32.5,0,0,0,0,22.9,25.5,-2,-2,-2,-2,29.1,32.5,-1,-2,-2,-4,0.0,0.0,2,2,10,10,0.0,0.0,0,0,3,2,6,4,5,5,0,0,0,0,0,0,-3,-3,-6,-6,8,8,R(1),R(1),R(1),,,,1.0,,4-26,4,26,0,7,1WL-C,E,10,C,1p50,6,-3,3,6,-3,4.0,4,0,RP,,
13347,Ryne Stanek,0.0,,R,55,35,36,1,1,3,3,14,12,-2,-2,-2,-2,13.8,10.9,0,1,0,2,27.8,22.9,0,0,0,0,21.6,25.6,1,0,2,0,12.2,7.7,0,1,0,1,15.2,12.8,1,1,2,2,1.6,3.2,1,-1,5,-5,2.0,5.0,2,5,1,-2,2,-4,5,5,0,0,0,0,3,4,-1,-1,-2,-2,-2,-2,R(1) C(3),R(1) C(3),R(1),C(3),,,1.0,3.0,3-0,3,0,0,11,1WR-C,E,10,C,1p50,10,-5,5,10,-5,4.0,4,0,RP,CP,
13221,Mitch Spence,0.47,,R,151,28,9,0,-2,0,-6,1,10,3,-1,3,-1,22.6,17.3,-1,0,-2,0,23.6,27.3,0,0,0,0,42.4,28.7,-1,0,-2,0,20.4,15.5,-1,0,-1,0,33.6,21.5,-2,0,-4,0,2.2,1.8,0,0,0,0,5.0,3.0,5,3,-2,0,-4,0,5,5,0,0,0,0,9,10,3,3,6,6,2,2,S(5) R(3),S(5) R(3),S(5),R(3),,5.0,3.0,,3-10,3,10,2,11,1WR-C,E,10,C,1p70,-4,-1,-5,-4,-1,4.0,4,3,SP,RP,
13220,Mitch Keller,0.61,,R,178,28,17,0,-1,0,-3,3,9,2,0,2,0,18.0,16.2,0,0,0,0,21.0,25.2,1,0,5,0,37.1,25.2,-1,0,-2,0,15.2,15.8,0,0,0,0,25.9,23.6,-1,-1,-2,-2,2.8,0.4,-1,2,-5,10,5.0,1.0,5,1,-2,2,-4,4,5,5,0,0,0,0,4,4,-1,-1,-2,-2,6,6,S(6),S(6),S(6),,,6.0,,,4-0,4,0,3,0,1WR-C,E,10,C,1p70,-8,7,-1,-8,7,4.0,4,3,SP,,
13501,Yennier Cano,0.38,,R,60,8,41,-2,2,-6,6,6,15,1,-3,1,-3,25.3,11.5,-2,1,-4,2,31.3,26.5,-1,0,-5,0,44.1,14.0,-2,2,-4,4,23.1,10.9,-2,1,-2,1,35.3,11.6,-2,1,-4,2,2.2,0.6,0,2,0,10,4.0,1.0,4,1,-1,2,-2,4,5,5,0,0,0,0,12,3,3,-1,6,-2,3,3,R(1) C(2),R(1) C(2),R(1),C(2),,,1.0,2.0,2-0,2,0,5,0,1WR-C,E,10,C,0p72,-20,24,4,-20,24,3.666666667,5,4,RP,CP,
12879,Hunter Harvey,0.0,,R,51,27,35,0,1,0,3,2,10,2,-1,2,-1,21.4,17.8,-1,0,-2,0,23.4,27.8,0,0,0,0,39.1,40.3,-1,-1,-2,-2,20.8,16.0,-1,0,-1,0,36.7,33.1,-2,-2,-4,-4,0.6,1.8,2,0,10,0,0.0,2.0,0,2,3,1,6,2,5,5,0,0,0,0,8,3,2,-1,4,-2,9,9,R(1) C(0),R(1) C(0),R(1),C(0),,,1.0,0.0,5-0,5,0,0,8,1WR-C,E,10,C,4p40,13,-4,9,13,-4,3.666666667,1,1,RP,CP,
13302,Reed Garrett,0.1,,R,57,41,36,2,1,6,3,12,22,-1,-3,-1,-3,17.7,12.5,0,1,0,2,29.7,34.5,-1,-1,-5,-5,25.0,19.2,0,1,0,2,16.7,11.1,-1,1,-1,1,21.0,13.6,0,1,0,2,1.0,1.4,1,1,5,5,2.0,1.0,2,1,1,2,2,4,5,5,0,0,0,0,0,0,-3,-3,-6,-6,0,0,R(1) C(2),R(1) C(2),R(1),C(2),,,1.0,2.0,2-26,2,26,0,11,1WR-C,E,10,C,3p50,0,5,5,0,5,3.666666667,2,0,RP,CP,
12541,Andrew Kittredge,0.61,,R,71,25,27,0,0,0,0,2,7,2,1,2,1,26.6,6.7,-2,2,-4,4,28.6,13.7,0,2,0,10,55.9,11.8,-2,2,-4,4,21.1,5.5,-1,2,-1,2,33.9,7.0,-2,2,-4,4,5.5,1.2,-3,1,-15,5,8.0,1.0,8,1,-3,2,-6,4,5,5,0,0,0,0,8,10,2,3,4,6,5,5,R(1) C(0),R(1) C(0),R(1),C(0),,,1.0,0.0,4-20,4,20,0,0,1WR-C,E,10,C,0p72,-28,40,12,-28,40,3.666666667,5,4,RP,CP,
12714,Craig Kimbrel,0.0,,R,52,43,42,2,2,6,6,21,20,-3,-3,-3,-3,6.3,9.4,2,1,4,2,27.3,29.4,0,-1,0,-5,19.0,18.4,1,1,2,2,2.0,9.4,2,1,2,1,1.8,18.4,2,0,4,0,4.3,0.0,-2,2,-10,10,,0.0,7,0,-3,2,-6,4,0,5,1,0,1,0,0,0,-3,-3,-6,-6,9,9,R(1) C(5),R(1) C(5),R(1),C(5),,,1.0,5.0,4-28,4,28,6,12,1WR-C,E,10,C,1p50,-6,11,5,-6,11,3.666666667,4,0,RP,CP,
13129,Luis Garcia,0.0,,R,59,27,17,0,-1,0,-3,6,0,1,3,1,3,20.7,19.3,-1,-1,-2,-2,26.7,19.3,0,1,0,5,33.2,32.6,-1,0,-2,0,19.1,16.9,-1,-1,-1,-1,26.8,23.0,-1,0,-2,0,1.6,2.4,1,0,5,0,2.0,4.0,2,4,1,-1,2,-2,5,5,0,0,0,0,5,5,0,0,0,0,6,6,R(1) C(2),R(1) C(2),R(1),C(2),,,1.0,2.0,3-0,3,0,0,19,1WR-C,E,10,C,2p50,1,0,1,1,0,3.333333333,3,0,RP,CP,
13461,Tylor Megill,0.48,,R,78,39,28,2,0,6,0,15,10,-2,-1,-2,-1,15.0,17.1,0,0,0,0,30.0,27.0,-1,0,-5,0,22.7,27.1,1,0,2,0,14.8,15.3,0,0,0,0,21.9,19.9,0,0,0,0,0.2,1.8,2,0,10,0,0.0,3.0,0,3,3,0,6,0,5,5,0,0,0,0,0,1,-3,-2,-6,-4,-2,-2,S(5),S(5),S(5),,,5.0,,,2-0,2,0,0,11,1WR-C,E,10,C,3p40,11,-5,6,11,-5,3.333333333,2,1,SP,,
12695,Cody Bradford,1.3,,L,76,16,23,-2,-1,-6,-3,0,2,3,3,3,3,15.9,13.4,0,0,0,0,15.9,15.4,1,2,5,10,31.8,25.4,0,0,0,0,15.9,10.4,-1,1,-1,1,31.8,13.4,-2,1,-4,2,0.0,3.0,2,-1,10,-5,0.0,4.0,0,4,3,-1,6,-2,5,5,0,0,0,0,0,0,-3,-3,-6,-6,0,0,S(6),S(6),S(6),,,6.0,,,2-19,2,19,0,2,1WL-C,E,10,C,5p40,7,0,7,7,0,3.333333333,0,1,SP,,
13240,Nick Lodolo,0.94,,L,115,26,31,0,0,0,0,17,9,-2,0,-2,0,17.8,13.0,0,1,0,2,34.8,22.0,-1,1,-5,5,18.4,29.0,1,0,2,0,17.8,10.4,-1,1,-1,1,18.4,18.6,0,0,0,0,0.0,2.6,2,-1,10,-5,0.0,,0,2,3,1,6,2,5,0,0,1,0,1,0,0,-3,-3,-6,-6,1,1,S(6),S(6),S(6),,,6.0,,,3-12,3,12,0,1,1WL-C,E,10,C,3p50,4,0,4,4,0,3.333333333,2,0,SP,,
13434,Trevor Richards,0.0,,R,65,18,29,-1,0,-3,0,17,22,-2,-3,-2,-3,5.8,5.4,2,2,4,4,22.8,27.4,0,0,0,0,9.8,17.0,2,1,4,2,5.8,1.6,1,2,1,2,9.8,1.8,1,2,2,4,0.0,3.8,2,-2,10,-10,,6.0,0,6,3,-2,6,-4,0,5,1,0,1,0,0,0,-3,-3,-6,-6,0,0,S(1) R(1) C(0),S(1) R(1) C(0),S(1),R(1),C(0),1.0,1.0,0.0,4-51,4,51,0,20,1WR-C,E,10,C,1p60,17,-11,6,17,-11,3.333333333,4,1,SP,RP,CP
13356,Scott Barlow,0.17,,R,55,45,32,2,1,6,3,21,18,-3,-3,-3,-3,4.3,14.5,2,0,4,0,25.3,32.5,0,-1,0,-5,9.0,28.1,2,0,4,0,3.3,12.7,2,0,2,0,5.0,20.9,2,0,4,0,1.0,1.8,1,0,5,0,,4.0,0,4,3,-1,6,-2,0,5,1,0,1,0,0,0,-3,-3,-6,-6,8,8,R(1) C(1),R(1) C(1),R(1),C(1),,,1.0,1.0,5-0,5,0,0,7,1WR-C,E,10,C,1p50,23,-13,10,23,-13,3.0,4,0,RP,CP,
13064,Kaleb Ort,0.88,,R,25,35,35,1,1,3,3,1,0,3,3,3,3,9.1,9.1,1,1,2,2,10.1,9.1,2,2,10,10,36.1,36.1,-1,-1,-2,-2,0.1,0.1,2,2,2,2,0.1,0.1,2,2,4,4,9.0,9.0,-3,-3,-15,-15,,,8,8,-3,-3,-6,-6,0,0,1,1,1,1,0,0,-3,-3,-6,-6,-1,-1,R(2),R(2),R(2),,,,2.0,,3-51,3,51,0,10,1WR-C,E,10,C,1p20,-4,-4,-8,-4,-4,3.0,4,3,RP,,
13274,Patrick Sandoval,0.0,,L,80,42,23,2,-1,6,-3,20,10,-3,-1,-3,-1,4.9,24.6,2,-2,4,-4,24.9,34.6,0,-2,0,-10,9.0,34.3,2,-1,4,-2,3.7,23.4,2,-2,2,-2,4.2,29.5,2,-1,4,-2,1.2,1.2,1,1,5,5,1.0,1.0,1,1,2,2,4,4,5,5,0,0,0,0,3,11,-1,3,-2,6,-3,-3,S(5),S(5),S(5),,,5.0,,,2-18,2,18,9,16,1WL-C,E,10,C,5p40,24,-9,15,24,-9,3.0,0,1,SP,,
13448,Tyler Ferguson,0.65,,R,51,21,56,-1,3,-3,9,21,11,-3,-1,-3,-1,17.8,0.0,0,3,0,6,38.8,11.0,-2,2,-10,10,47.6,0.0,-2,3,-4,6,13.5,0.0,0,3,0,3,30.4,0.0,-1,3,-2,6,4.3,0.0,-2,2,-10,10,,,8,0,-3,2,-6,4,0,0,1,1,1,1,8,9,2,3,4,6,-4,-4,R(1) C(1),R(1) C(1),R(1),C(1),,,1.0,1.0,3-0,3,0,8,4,1WR-C,E,10,C,1p40,-33,60,27,-33,60,3.0,4,1,RP,CP,
13043,JP Sears,0.69,,L,181,22,14,-1,-2,-3,-6,0,7,3,1,3,1,11.9,16.8,1,0,2,0,11.9,23.8,2,0,10,0,28.4,34.7,0,-1,0,-2,9.1,13.4,1,0,1,0,17.2,21.1,0,0,0,0,2.8,3.4,-1,-1,-5,-5,6.0,6.0,6,6,-3,-2,-6,-4,5,5,0,0,0,0,8,8,2,2,4,4,4,4,S(6),S(6),S(6),,,6.0,,,4-8,4,8,2,0,1WR-C,E,10,C,0p72,6,-12,-6,6,-12,3.0,5,4,SP,,
12570,Bailey Falter,0.54,,L,142,7,13,-2,-2,-6,-6,2,9,2,0,2,0,22.3,14.8,-1,0,-2,0,24.3,23.9,0,0,0,0,39.3,27.6,-1,0,-2,0,20.5,13.0,-1,0,-1,0,32.1,20.4,-2,0,-4,0,1.8,1.8,0,0,0,0,2.0,4.0,2,4,1,-1,2,-2,5,5,0,0,0,0,12,14,3,3,6,6,1,1,S(5),S(5),S(5),,,5.0,,,3-0,3,0,0,0,1WR-C,E,10,C,1p70,-5,-2,-7,-5,-2,3.0,4,3,SP,,
13170,Matt Festa,0.0,,R,24,16,35,-2,1,-6,3,2,10,2,-1,2,-1,25.8,10.4,-2,1,-4,2,27.8,20.4,0,1,0,5,52.5,21.9,-2,1,-4,2,25.8,8.0,-2,1,-2,1,52.5,12.3,-3,1,-6,2,0.0,2.4,2,0,10,0,0.0,3.0,0,3,3,0,6,0,5,5,0,0,0,0,0,0,-3,-3,-6,-6,9,9,R(1),R(1),R(1),,,,1.0,,4-0,4,0,0,0,1WR-C,E,10,C,1p20,-10,8,-2,-10,8,3.0,4,3,RP,,
12825,Freddy Peralta,1.12,,R,174,37,34,1,1,3,3,12,12,-1,-2,-1,-2,11.7,15.5,1,0,2,0,23.7,27.5,0,0,0,0,17.1,29.8,1,0,2,0,10.7,11.7,0,0,0,0,13.1,14.6,1,1,2,2,1.0,3.8,1,-2,5,-10,1.0,7.0,1,7,2,-3,4,-6,5,5,0,0,0,0,0,4,-3,-1,-6,-2,2,2,S(5),S(5),S(5),,,5.0,,,3-8,3,8,2,10,1WR-C,E,10,C,0p72,11,-15,-4,11,-15,2.666666667,5,4,SP,,
13345,Ryder Ryan,0.0,,R,21,11,22,-2,-1,-6,-3,29,1,-3,3,-3,3,20.3,15.1,-1,0,-2,0,49.3,16.1,-3,2,-15,10,34.3,31.5,-1,0,-2,0,19.1,14.1,-1,0,-1,0,29.5,27.5,-1,-1,-2,-2,1.2,1.0,1,1,5,5,2.0,1.0,2,1,1,2,2,4,5,5,0,0,0,0,9,12,3,3,6,6,3,3,R(2),R(2),R(2),,,,2.0,,3-0,3,0,0,0,1WR-C,E,10,C,1p20,-18,23,5,-18,23,2.666666667,4,3,RP,,
13092,Kyle Gibson,0.29,,R,170,20,22,-1,-1,-3,-3,15,7,-2,1,-2,1,19.0,15.2,-1,0,-2,0,34.0,22.2,-1,1,-5,5,34.6,23.8,-1,1,-2,2,16.8,13.0,-1,0,-1,0,25.8,15.0,-1,1,-2,2,2.2,2.2,0,0,0,0,4.0,3.0,4,3,-1,0,-2,0,5,5,0,0,0,0,10,12,3,3,6,6,-2,-2,S(6),S(6),S(6),,,6.0,,,3-0,3,0,0,6,1WR-C,E,10,C,1p70,-13,13,0,-13,13,2.666666667,4,3,SP,,
12758,DJ Herz,0.59,,L,89,30,38,0,1,0,3,11,12,-1,-2,-1,-2,12.8,9.9,0,1,0,2,23.8,21.9,0,1,0,5,21.9,17.1,1,1,2,2,10.0,8.3,1,1,1,1,10.7,10.7,1,1,2,2,2.8,1.6,-1,1,-5,5,4.0,2.0,4,2,-1,1,-2,2,5,5,0,0,0,0,0,0,-3,-3,-6,-6,-4,-4,S(5),S(5),S(5),,,5.0,,,3-0,3,0,4,12,1WR-C,E,10,C,1p50,-9,14,5,-9,14,2.666666667,4,0,SP,,
12891,Jack Kochanowicz,0.96,,R,65,0,0,-3,-3,-9,-9,0,0,3,3,3,3,28.5,18.2,-2,0,-4,0,28.5,18.2,0,1,0,5,40.8,30.5,-1,0,-2,0,28.5,14.1,-2,0,-2,0,40.8,14.1,-2,1,-4,2,0.0,4.1,2,-2,10,-10,0.0,6.0,0,6,3,-2,6,-4,5,5,0,0,0,0,12,12,3,3,6,6,-3,-3,S(6),S(6),S(6),,,6.0,,,3-0,3,0,0,3,1WL-C,E,10,C,1p30,4,-7,-3,4,-7,2.666666667,4,2,SP,,
12924,James Paxton,0.07,,L,100,11,11,-2,-2,-6,-6,2,19,2,-3,2,-3,22.8,13.6,-1,0,-2,0,24.8,32.6,0,-1,0,-5,28.0,25.9,0,0,0,0,22.4,11.6,-2,0,-2,0,26.4,17.9,-1,0,-2,0,0.4,2.0,2,0,10,0,0.0,2.0,0,2,3,1,6,2,5,5,0,0,0,0,7,9,2,3,4,6,0,0,S(5),S(5),S(5),,,5.0,,,2-14,2,14,0,8,1WL-C,E,10,C,2p50,10,-6,4,10,-6,2.333333333,3,0,SP,,
13340,Ryan Pressly,0.2,,R,57,32,22,1,-1,3,-3,9,7,0,1,0,1,18.9,24.2,-1,-2,-2,-4,27.9,31.2,0,-1,0,-5,26.9,41.0,0,-1,0,-2,18.9,23.0,-1,-2,-1,-2,26.9,36.2,-1,-2,-2,-4,0.0,1.2,2,1,10,5,0.0,2.0,0,2,3,1,6,2,5,5,0,0,0,0,7,6,2,1,4,2,-2,-2,R(1) C(2),R(1) C(2),R(1),C(2),,,1.0,2.0,4-0,4,0,0,20,1WR-C,E,10,C,2p50,18,-10,8,18,-10,2.333333333,3,0,RP,CP,
13195,Michael Lorenzen,1.5,,R,130,20,10,-1,-2,-3,-6,19,13,-3,-2,-3,-2,4.2,17.0,2,0,4,0,23.2,30.0,0,-1,0,-5,8.3,32.0,2,0,4,0,3.0,14.4,2,0,2,0,3.5,21.6,2,0,4,0,1.2,2.6,1,-1,5,-5,,5.0,1,5,2,-2,4,-4,0,5,1,0,1,0,12,12,3,3,6,6,0,0,S(5) R(3),S(5) R(3),S(5),R(3),,5.0,3.0,,2-22,2,22,0,4,1WR-C,E,13,C,2p65,24,-16,8,24,-16,2.333333333,3,2,SP,RP,
12881,Hunter Stratton,0.76,,R,38,19,24,-1,0,-3,0,0,2,3,3,3,3,29.5,10.0,-2,1,-4,2,29.5,12.0,-1,2,-5,10,44.9,13.3,-2,2,-4,4,29.5,9.0,-2,1,-2,1,44.9,9.3,-3,1,-6,2,0.0,1.0,2,1,10,5,0.0,2.0,0,2,3,1,6,2,5,5,0,0,0,0,0,0,-3,-3,-6,-6,-2,-2,R(1) C(0),R(1) C(0),R(1),C(0),,,1.0,0.0,3-51,3,51,0,12,1WR-C,E,10,C,5p30,-11,23,12,-11,23,2.333333333,0,2,RP,CP,
12968,Joe Musgrove,0.92,,R,100,30,29,0,0,0,0,5,3,2,2,2,2,15.1,21.7,0,-1,0,-2,20.1,24.7,1,0,5,0,21.0,40.7,1,-1,2,-2,14.9,17.9,0,-1,0,-1,20.2,25.5,0,-1,0,-2,0.2,3.8,2,-2,10,-10,0.0,7.0,0,7,3,-3,6,-6,5,5,0,0,0,0,12,9,3,3,6,6,-1,-1,S(6),S(6),S(6),,,6.0,,,1-14,1,14,0,0,1WR-C,E,12,C,3p50,31,-15,16,31,-15,2.333333333,2,0,SP,,
12630,Bryan Sammons,0.79,,L,27,0,21,-3,-1,-9,-3,10,11,0,-1,0,-1,5.6,6.3,2,2,4,4,15.6,17.3,1,1,5,5,22.1,25.0,1,0,2,0,0.1,0.0,2,3,2,3,0.1,-0.2,2,2,4,4,5.5,6.3,-3,-3,-15,-15,,,8,8,-3,-3,-6,-6,0,0,1,1,1,1,9,9,3,3,6,6,-1,-1,R(4),R(4),R(4),,,,4.0,,3-0,3,0,0,0,1WL-C,E,10,C,1p20,-6,-2,-8,-6,-2,2.333333333,4,3,RP,,
13137,Luis Severino,0.79,,R,182,19,25,-1,0,-3,0,7,10,1,-1,1,-1,22.0,13.6,-1,0,-2,0,29.0,23.6,0,0,0,0,32.6,20.4,0,1,0,2,18.8,12.6,-1,0,-1,0,19.8,16.4,0,0,0,0,3.2,1.0,-1,1,-5,5,6.0,0.0,6,0,-3,2,-6,4,5,5,0,0,0,0,6,7,1,2,2,4,0,0,S(6),S(6),S(6),,,6.0,,,3-40,3,40,4,7,1WR-C,E,10,C,1p70,-14,14,0,-14,14,2.333333333,4,3,SP,,
12593,Brady Singer,1.29,,R,180,24,25,-1,0,-3,0,11,2,-1,3,-1,3,23.4,10.4,-1,1,-2,2,34.4,12.4,-1,2,-5,10,40.5,16.0,-1,1,-2,2,20.8,9.4,-1,1,-1,1,30.1,12.0,-1,1,-2,2,2.6,1.0,-1,1,-5,5,5.0,1.0,5,1,-2,2,-4,4,5,5,0,0,0,0,4,7,-1,2,-2,4,-1,-1,S(5),S(5),S(5),,,5.0,,,2-8,2,8,0,2,1WR-C,E,10,C,0p72,-27,33,6,-27,33,2.0,5,4,SP,,
12603,Brayan Bello,0.69,,R,162,18,30,-1,0,-3,0,15,7,-2,1,-2,1,15.5,15.6,0,0,0,0,30.5,22.5,-1,0,-5,0,29.9,21.6,0,1,0,2,12.9,14.8,0,0,0,0,19.5,18.4,0,0,0,0,2.6,0.8,-1,1,-5,5,4.0,0.0,4,0,-1,2,-2,4,5,5,0,0,0,0,6,6,1,1,2,2,0,0,S(5),S(5),S(5),,,5.0,,,2-18,2,18,2,7,1WR-C,E,10,C,1p70,-15,14,-1,-15,14,1.666666667,4,3,SP,,
13357,Scott Blewett,1.7,,R,20,32,13,1,-2,3,-6,11,5,-1,2,-1,2,17.7,9.0,0,1,0,2,28.7,14.0,0,2,0,10,46.5,16.0,-2,1,-4,2,11.7,9.0,0,1,0,1,22.5,16.0,0,1,0,2,6.0,0.0,-3,2,-15,10,8.0,,8,0,-3,2,-6,4,5,0,0,1,0,1,3,12,-1,3,-2,6,1,1,R(3),R(3),R(3),,,,3.0,,3-0,3,0,0,0,1WR-C,E,10,C,1p20,-25,34,9,-25,34,1.666666667,4,3,RP,,
12496,Aaron Nola,1.63,,R,199,22,32,-1,1,-3,3,6,3,1,2,1,2,14.7,21.5,0,-1,0,-2,20.7,24.5,1,0,5,0,30.6,33.8,0,-1,0,-2,11.1,19.7,0,-1,0,-1,16.2,26.6,0,-1,0,-2,3.6,1.8,-2,0,-10,0,4.0,3.0,4,3,-1,0,-2,0,5,5,0,0,0,0,5,3,0,-1,0,-2,0,0,S(6*),S(6),S(6),,,6.0,,,3-0,3,0,0,1,1WR-C,E,10,C,0p72,-9,-4,-13,-9,-4,1.666666667,5,4,SP,,
13176,Matt Waldron,0.29,,R,147,21,23,-1,-1,-3,-3,8,3,0,2,0,2,19.5,19.0,-1,-1,-2,-2,27.5,22.0,0,1,0,5,36.3,29.9,-1,0,-2,0,17.1,16.8,-1,-1,-1,-1,26.7,21.1,-1,0,-2,0,2.4,2.2,0,0,0,0,3.0,4.0,3,4,0,-1,0,-2,5,5,0,0,0,0,6,7,1,2,2,4,2,2,S(6),S(6),S(6),,,6.0,,,4-0,4,0,2,7,1WR-C,E,10,C,1p65,-8,3,-5,-8,3,1.666666667,4,2,SP,,
12612,Brent Suter,0.61,,L,66,18,13,-1,-2,-3,-6,0,5,3,2,3,2,10.1,20.9,1,-1,2,-2,10.1,25.9,2,0,10,0,31.4,30.1,0,0,0,0,4.8,19.7,2,-1,2,-1,10.2,25.3,1,-1,2,-2,5.3,1.2,-3,1,-15,5,7.0,1.0,7,1,-3,2,-6,4,5,5,0,0,0,0,6,6,1,1,2,2,-5,-5,S(1) R(1) C(1),S(1) R(1) C(1),S(1),R(1),C(1),1.0,1.0,1.0,1-22,1,22,0,6,1WL-C,E,10,C,3p60,-3,2,-1,-3,2,1.666666667,2,1,SP,RP,CP
12640,Burch Smith,0.0,,R,56,16,18,-2,-1,-6,-3,2,3,2,2,2,2,32.6,22.5,-3,-1,-6,-2,34.6,25.5,-1,0,-5,0,45.8,32.3,-2,0,-4,0,31.8,20.9,-3,-1,-3,-1,42.6,25.9,-2,-1,-4,-2,0.8,1.6,2,1,10,5,1.0,3.0,1,3,2,0,4,0,5,5,0,0,0,0,11,10,3,3,6,6,2,2,R(1),R(1),R(1),,,,1.0,,3-0,3,0,6,11,1WR-C,E,10,C,1p50,-6,5,-1,-6,5,1.666666667,4,0,RP,,
13372,Shawn Dubin,0.0,,R,45,28,27,0,0,0,0,22,15,-3,-3,-3,-3,18.3,17.5,-1,0,-2,0,40.3,32.5,-2,-1,-10,-5,26.5,25.5,0,0,0,0,18.3,17.5,-1,-1,-1,-1,26.5,25.5,-1,-1,-2,-2,0.0,0.0,2,2,10,10,0.0,0.0,0,0,3,2,6,4,5,5,0,0,0,0,2,4,-2,-1,-4,-2,-3,-3,S(4) R(3) C(1),S(4) R(3) C(1),S(4),R(3),C(1),4.0,3.0,1.0,3-0,3,0,0,4,1WR-C,E,10,C,2p30,-6,1,-5,-6,1,1.333333333,3,2,SP,RP,CP
13190,Michael Grove,0.0,,R,51,52,20,3,-1,9,-3,3,11,2,-1,2,-1,11.3,17.7,1,0,2,0,14.3,28.7,2,-1,10,-5,23.0,27.0,0,0,0,0,9.5,15.7,1,0,1,0,15.8,19.0,0,0,0,0,1.8,2.0,0,0,0,0,2.0,2.0,2,2,1,1,2,2,5,5,0,0,0,0,0,2,-3,-2,-6,-4,-1,-1,S(1) R(1),S(1) R(1),S(1),R(1),,1.0,1.0,,3-0,3,0,0,8,1WR-C,E,10,C,4p40,20,-11,9,20,-11,1.333333333,1,1,SP,RP,
13109,Landon Knack,0.98,,R,69,30,26,0,0,0,0,5,5,2,2,2,2,9.7,10.5,1,1,2,2,14.7,15.5,2,2,10,10,25.2,27.3,0,0,0,0,6.9,5.5,1,2,1,2,14.0,7.3,1,2,2,4,2.8,5.0,-1,-3,-5,-15,,8.0,5,8,-2,-3,-4,-6,0,5,1,0,1,0,0,0,-3,-3,-6,-6,3,3,S(5) R(4) C(0),S(5) R(4) C(0),S(5),R(4),C(0),5.0,4.0,0.0,4-0,4,0,5,2,1WL-C,E,10,C,1p40,3,-7,-4,3,-7,1.333333333,4,1,SP,RP,CP
13247,Nick Pivetta,0.93,,R,146,44,30,2,0,6,0,5,3,2,2,2,2,7.9,17.7,1,0,2,0,12.9,20.7,2,1,10,5,21.3,42.1,1,-2,2,-4,5.1,12.2,1,0,1,0,10.1,20.1,1,0,2,0,2.8,5.5,-1,-3,-5,-15,,8.0,5,8,-2,-3,-4,-6,0,5,1,0,1,0,4,6,-1,1,-2,2,0,0,S(5) R(4),S(5) R(4),S(5),R(4),,5.0,4.0,,2-10,2,10,0,6,1WR-C,E,10,C,1p70,15,-16,-1,15,-16,1.333333333,4,3,SP,RP,
12600,Brandon Pfaadt,0.25,,R,182,19,38,-1,1,-3,3,3,3,2,2,2,2,27.6,13.6,-2,0,-4,0,30.6,16.5,-1,1,-5,5,43.2,24.6,-2,0,-4,0,25.6,11.2,-2,0,-2,0,35.2,15.0,-2,1,-4,2,2.0,2.4,0,0,0,0,5.0,4.0,5,4,-2,-1,-4,-2,5,5,0,0,0,0,9,6,3,1,6,2,-1,-1,S(6),S(6),S(6),,,6.0,,,3-8,3,8,0,0,1WR-C,E,10,C,0p72,-18,12,-6,-18,12,1.0,5,4,SP,,
12952,Jesse Chavez,0.48,,R,63,12,28,-2,0,-6,0,15,0,-2,3,-2,3,18.6,16.5,-1,0,-2,0,33.6,16.5,-1,1,-5,5,23.2,39.5,0,-1,0,-2,18.4,11.2,-1,0,-1,0,22.4,18.3,0,0,0,0,0.2,5.3,2,-3,10,-15,0.0,8.0,0,8,3,-3,6,-6,5,5,0,0,0,0,10,10,3,3,6,6,3,3,R(2),R(2),R(2),,,,2.0,,3-23,3,23,5,0,1WR-C,E,10,C,1p40,6,-9,-3,6,-9,1.0,4,1,RP,,
12549,Angel Chivilli,0.18,,R,32,15,28,-2,0,-6,0,12,2,-1,3,-1,3,15.9,16.9,0,0,0,0,27.9,18.9,0,1,0,5,33.3,43.1,-1,-2,-2,-4,13.9,8.1,0,1,0,1,25.3,7.9,-1,2,-2,4,2.0,8.8,0,-3,0,-15,2.0,8.0,2,8,1,-3,2,-6,5,5,0,0,0,0,13,13,3,3,6,6,-2,-2,R(1) C(0),R(1) C(0),R(1),C(0),,,1.0,0.0,3-0,3,0,0,0,1WR-C,E,10,C,1p30,-3,-6,-9,-3,-6,1.0,4,2,RP,CP,
13321,Ron Marinaccio,0.37,,R,23,37,27,1,0,3,0,11,19,-1,-3,-1,-3,7.1,11.7,1,1,2,2,18.2,30.6,1,-1,5,-5,19.0,30.1,1,0,2,0,4.3,7.6,2,1,2,1,7.8,13.7,1,1,2,2,2.8,4.1,-1,-2,-5,-10,3.0,7.0,3,7,0,-3,0,-6,5,5,0,0,0,0,11,6,3,1,6,2,9,9,R(2),R(2),R(2),,,,2.0,,4-51,4,51,13,0,1WR-C,E,10,C,1p20,16,-17,-1,16,-17,1.0,4,3,RP,,
13146,MacKenzie Gore,0.22,,L,166,21,33,-1,1,-3,3,14,10,-2,-1,-2,-1,20.4,18.6,-1,-1,-2,-2,34.3,28.6,-1,-1,-5,-5,37.4,25.7,-1,0,-2,0,17.8,18.4,-1,-1,-1,-1,27.0,24.9,-1,-1,-2,-2,2.6,0.2,-1,2,-5,10,4.0,0.0,4,0,-1,2,-2,4,5,5,0,0,0,0,12,10,3,3,6,6,5,5,S(5),S(5),S(5),,,5.0,,,4-26,4,26,0,18,1WL-C,E,10,C,0p72,-18,12,-6,-18,12,1.0,5,4,SP,,
13346,Ryne Nelson,0.61,,R,151,16,22,-2,-1,-6,-3,3,2,2,3,2,3,17.2,27.8,0,-2,0,-4,20.2,29.8,1,-1,5,-5,36.5,45.0,-1,-2,-2,-4,15.0,26.8,0,-2,0,-2,27.7,41.0,-1,-2,-2,-4,2.2,1.0,0,1,0,5,5.0,2.0,5,2,-2,1,-4,2,5,5,0,0,0,0,12,14,3,3,6,6,-3,-3,S(6) R(4) C(0),S(6) R(4) C(0),S(6),R(4),C(0),6.0,4.0,0.0,2-10,2,10,0,5,1WR-C,E,10,C,2p65,-1,-6,-7,-1,-6,0.6666666667,3,2,SP,RP,CP
12774,Dylan Lee,0.94,,L,60,43,44,2,2,6,6,0,9,3,0,3,0,24.4,6.5,-2,2,-4,4,24.4,15.5,0,2,0,10,48.9,13.8,-2,2,-4,4,20.8,5.1,-1,2,-1,2,34.5,8.2,-2,2,-4,4,3.6,1.4,-2,1,-10,5,5.0,2.0,5,2,-2,1,-4,2,5,5,0,0,0,0,0,3,-3,-1,-6,-2,-4,-4,R(2),R(2),R(2),,,,2.0,,2-0,2,0,0,0,1WL-C,E,10,C,1p40,-24,35,11,-24,35,0.6666666667,4,1,RP,,
12749,Dean Kremer,0.29,,R,130,25,22,0,-1,0,-3,15,8,-2,0,-2,0,9.9,14.2,1,0,2,0,24.9,22.2,0,1,0,5,20.2,22.1,1,1,2,2,6.9,13.0,1,0,1,0,8.2,17.3,1,0,2,0,3.0,1.2,-1,1,-5,5,5.0,2.0,5,2,-2,1,-4,2,5,5,0,0,0,0,0,2,-3,-2,-6,-4,-1,-1,S(5),S(5),S(5),,,5.0,,,1-22,1,22,3,1,1WR-C,E,10,C,2p65,-10,7,-3,-10,7,0.6666666667,3,2,SP,,
13020,Jose Leclerc,0.0,,R,67,19,53,-1,3,-3,9,27,9,-3,0,-3,0,22.8,8.3,-1,1,-2,2,49.8,17.3,-3,1,-15,5,24.5,18.3,0,1,0,2,22.2,6.3,-2,1,-2,1,22.1,10.3,0,1,0,2,0.6,2.0,2,0,10,0,0.0,2.0,0,2,3,1,6,2,5,5,0,0,0,0,0,0,-3,-3,-6,-6,5,5,R(1) C(0),R(1) C(0),R(1),C(0),,,1.0,0.0,2-21,2,21,9,16,1WR-C,E,10,C,1p60,-15,17,2,-15,17,0.6666666667,4,1,RP,CP,
13374,Shelby Miller,0.0,,R,56,37,13,1,-2,3,-6,1,8,3,0,3,0,4.6,12.0,2,1,4,2,5.6,20.0,2,1,10,5,13.1,33.5,1,-1,2,-2,2.6,7.2,2,1,2,1,5.1,14.3,2,1,4,2,2.0,4.8,0,-2,0,-10,,,2,8,1,-3,2,-6,0,0,1,1,1,1,2,2,-2,-2,-4,-4,2,2,R(1) C(1),R(1) C(1),R(1),C(1),,,1.0,1.0,4-0,4,0,0,3,1WR-C,E,10,C,2p50,27,-17,10,27,-17,0.6666666667,3,0,RP,CP,
13178,Matthew Liberatore,0.25,,L,86,22,21,-1,-1,-3,-3,0,13,3,-2,3,-2,18.3,17.5,-1,0,-2,0,18.3,30.5,1,-1,5,-5,25.5,36.5,0,-1,0,-2,17.7,14.3,-1,0,-1,0,23.1,23.7,0,-1,0,-2,0.6,3.2,2,-1,10,-5,0.0,6.0,0,6,3,-2,6,-4,5,5,0,0,0,0,10,9,3,3,6,6,0,0,S(4) R(3),S(4) R(3),S(4),R(3),,4.0,3.0,,2-17,2,17,0,7,1WL-C,E,10,C,1p50,24,-17,7,24,-17,0.6666666667,4,0,SP,RP,
12658,Carson Fulmer,0.41,,R,87,17,28,-1,0,-3,0,10,15,0,-3,0,-3,23.3,9.3,-1,1,-2,2,33.3,24.3,-1,0,-5,0,42.8,20.0,-1,1,-2,2,21.1,7.9,-1,1,-1,1,34.0,14.4,-2,1,-4,2,2.2,1.4,0,1,0,5,3.0,2.0,3,2,0,1,0,2,5,5,0,0,0,0,9,9,3,3,6,6,-4,-4,S(5) R(3),S(5) R(3),S(5),R(3),,5.0,3.0,,3-33,3,33,9,12,1WR-C,E,10,C,3p50,-11,17,6,-11,17,0.3333333333,2,0,SP,RP,
12649,Cam Booser,0.54,,L,43,22,30,-1,0,-3,0,9,10,0,-1,0,-1,22.0,10.2,-1,1,-2,2,31.0,20.2,-1,1,-5,5,27.2,23.2,0,1,0,2,21.8,7.4,-2,1,-2,1,26.4,12.0,-1,1,-2,2,0.2,2.8,2,-1,10,-5,0.0,5.0,0,5,3,-2,6,-4,5,5,0,0,0,0,0,0,-3,-3,-6,-6,-3,-3,R(1) C(0),R(1) C(0),R(1),C(0),,,1.0,0.0,3-34,3,34,0,0,1WL-C,E,10,C,2p40,-4,-4,-8,-4,-4,0.0,3,1,RP,CP,
13128,Luis Castillo,0.92,,R,175,19,38,-1,1,-3,3,6,4,1,2,1,2,21.9,11.6,-1,1,-2,2,27.9,15.6,0,2,0,10,44.8,21.0,-2,1,-4,2,16.9,10.8,-1,1,-1,1,24.8,17.8,-1,0,-2,0,5.0,0.8,-3,1,-15,5,8.0,0.0,8,0,-3,2,-6,4,5,5,0,0,0,0,7,9,2,3,4,6,1,1,S(6),S(6),S(6),,,6.0,,,3-8,3,8,0,0,1WR-C,E,10,C,1p70,-28,35,7,-28,35,0.0,4,3,SP,,
12709,Cooper Criswell,0.31,,R,99,17,11,-1,-2,-3,-6,9,6,0,1,0,1,18.8,22.0,-1,-1,-2,-2,27.8,28.0,0,0,0,0,26.9,40.8,0,-1,0,-2,18.8,18.8,-1,-1,-1,-1,26.9,28.0,-1,-1,-2,-2,0.0,3.2,2,-1,10,-5,0.0,5.0,0,5,3,-2,6,-4,5,5,0,0,0,0,12,12,3,3,6,6,-3,-3,S(4) R(3),S(4) R(3),S(4),R(3),,4.0,3.0,,3-0,3,0,0,4,1WR-C,E,10,C,1p60,14,-15,-1,14,-15,-0.3333333333,4,1,SP,RP,
13093,Kyle Harrison,0.22,,L,124,35,22,1,-1,3,-3,5,10,2,-1,2,-1,20.1,17.4,-1,0,-2,0,25.1,27.4,0,0,0,0,32.5,31.6,0,0,0,0,17.7,14.8,-1,0,-1,0,22.9,21.2,0,0,0,0,2.4,2.6,0,-1,0,-5,4.0,5.0,4,5,-1,-2,-2,-4,5,5,0,0,0,0,6,8,1,2,2,4,4,4,S(5),S(5),S(5),,,5.0,,,3-0,3,0,3,3,1WR-C,E,10,C,2p65,2,-9,-7,2,-9,-0.3333333333,3,2,SP,,
12689,Cionel Perez,0.0,,L,54,14,21,-2,-1,-6,-3,18,17,-3,-3,-3,-3,11.4,18.1,1,0,2,0,29.4,35.2,0,-2,0,-10,22.2,27.1,1,0,2,0,11.4,18.1,0,-1,0,-1,22.2,27.1,0,-1,0,-2,0.0,0.0,2,2,10,10,,0.0,0,0,3,2,6,4,0,5,1,0,1,0,1,1,-2,-2,-4,-4,-2,-2,R(1) C(1),R(1) C(1),R(1),C(1),,,1.0,1.0,3-0,3,0,0,20,1WR-C,E,10,C,2p50,8,-9,-1,8,-9,-0.3333333333,3,0,RP,CP,
12661,Casey Mize,0.04,,R,102,21,6,-1,-2,-3,-6,6,5,1,2,1,2,22.8,28.9,-1,-2,-2,-4,28.8,33.9,0,-1,0,-5,35.0,41.2,-1,-1,-2,-2,21.8,27.3,-2,-2,-2,-2,31.0,34.8,-1,-2,-2,-4,1.0,1.6,1,1,5,5,1.0,2.0,1,2,2,1,4,2,5,5,0,0,0,0,9,11,3,3,6,6,3,3,S(5) R(3),S(5) R(3),S(5),R(3),,5.0,3.0,,3-0,3,0,3,3,1WR-C,E,10,C,3p60,5,-8,-3,5,-8,-0.6666666667,2,1,SP,RP,
12782,Edward Cabrera,0.54,,R,96,22,41,-1,2,-3,6,22,13,-3,-2,-3,-2,7.9,6.6,1,2,2,4,29.9,19.6,-1,1,-5,5,18.5,15.8,1,1,2,2,5.5,3.8,1,2,1,2,8.9,4.6,1,2,2,4,2.4,2.8,0,-1,0,-5,4.0,4.0,4,4,-1,-1,-2,-2,5,5,0,0,0,0,3,0,-1,-3,-2,-6,9,9,S(5),S(5),S(5),,,5.0,,,5-51,5,51,3,1,1WR-C,E,10,C,3p50,-8,8,0,-8,8,-0.6666666667,2,0,SP,,
12544,Andrew Nardi,0.19,,L,50,64,37,3,1,9,3,3,13,2,-2,2,-2,7.8,14.3,1,0,2,0,10.8,27.3,2,0,10,0,18.3,36.6,1,-1,2,-2,5.8,11.5,1,0,1,0,10.3,25.4,1,-1,2,-2,2.0,2.8,0,-1,0,-5,,5.0,2,5,1,-2,2,-4,0,5,1,0,1,0,0,0,-3,-3,-6,-6,2,2,R(1),R(1),R(1),,,,1.0,,3-0,3,0,0,4,1WL-C,E,10,C,3p40,25,-18,7,25,-18,-0.6666666667,2,1,RP,,
12646,Caleb Ferguson,0.0,,L,54,25,39,0,2,0,6,25,5,-3,2,-3,2,9.0,24.3,1,-2,2,-4,34.0,29.3,-1,-1,-5,-5,12.6,37.4,2,-1,4,-2,7.8,23.1,1,-2,1,-2,7.8,32.6,1,-2,2,-4,1.2,1.2,1,1,5,5,2.0,2.0,2,2,1,1,2,2,5,5,0,0,0,0,0,0,-3,-3,-6,-6,-4,-4,R(1) C(0),R(1) C(0),R(1),C(0),,,1.0,0.0,4-0,4,0,0,11,1WR-C,E,10,C,1p50,2,-8,-6,2,-8,-0.6666666667,4,0,RP,CP,
12609,Brennan Bernardino,0.28,,L,51,36,27,1,0,3,0,5,11,2,-1,2,-1,12.3,22.5,1,-1,2,-2,17.3,33.5,1,-1,5,-5,30.7,28.6,0,0,0,0,8.3,22.5,1,-2,1,-2,14.7,28.6,1,-1,2,-2,4.0,0.0,-2,2,-10,10,8.0,0.0,8,0,-3,2,-6,4,5,5,0,0,0,0,0,1,-3,-2,-6,-4,-3,-3,S(1) R(1),S(1) R(1),S(1),R(1),,1.0,1.0,,1-51,1,51,0,20,1WL-C,E,10,C,2p40,-7,-2,-9,-7,-2,-1.333333333,3,1,SP,RP,
12667,Chad Kuhl,0.16,,R,53,23,29,-1,0,-3,0,9,19,0,-3,0,-3,27.7,12.9,-2,1,-4,2,36.7,31.9,-2,-1,-10,-5,42.7,17.6,-1,1,-2,2,26.5,12.3,-2,0,-2,0,37.9,15.2,-2,1,-4,2,1.2,0.6,1,2,5,10,2.0,0.0,2,0,1,2,2,4,5,5,0,0,0,0,6,4,1,-1,2,-2,-4,-4,S(4) R(3) C(0),S(4) R(3) C(0),S(4),R(3),C(0),4.0,3.0,0.0,2-0,2,0,0,20,1WR-C,E,10,C,1p30,-16,10,-6,-16,10,-1.333333333,4,2,SP,RP,CP
13100,Kyle Muller,0.58,,L,49,16,13,-2,-2,-6,-6,0,0,3,3,3,3,19.9,18.8,-1,-1,-2,-2,19.9,18.8,1,1,5,5,47.3,23.3,-2,1,-4,2,13.9,18.7,0,-1,0,-1,23.3,22.9,0,0,0,0,6.0,0.1,-3,2,-15,10,8.0,1.0,8,1,-3,2,-6,4,5,5,0,0,0,0,9,9,3,3,6,6,3,3,R(3),R(3),R(3),,,,3.0,,3-30,3,30,0,4,1WR-C,E,10,C,3p30,-19,21,2,-19,21,-1.666666667,2,2,RP,,
12866,Hayden Birdsong,0.21,,R,72,33,42,1,2,3,6,24,18,-3,-3,-3,-3,6.8,8.9,1,1,2,2,30.8,26.9,-1,0,-5,0,14.5,29.0,1,0,2,0,6.0,2.9,1,2,1,2,11.3,5.0,1,2,2,4,0.8,6.0,2,-3,10,-15,1.0,,1,8,2,-3,4,-6,5,0,0,1,0,1,0,0,-3,-3,-6,-6,-2,-2,S(5),S(5),S(5),,,5.0,,,3-20,3,20,0,12,1WR-C,E,10,C,1p40,10,-15,-5,10,-15,-1.666666667,4,1,SP,,
12816,Fernando Cruz,0.22,,R,67,37,57,1,3,3,9,20,14,-3,-2,-3,-2,15.1,6.7,0,2,0,4,35.2,20.7,-1,1,-5,5,37.8,14.1,-1,2,-2,4,10.8,5.9,0,1,0,1,20.6,10.9,0,1,0,2,4.3,0.8,-2,1,-10,5,,,4,0,-1,2,-2,4,0,0,1,1,1,1,0,0,-3,-3,-6,-6,7,7,S(1) R(1),S(1) R(1),S(1),R(1),,1.0,1.0,,3-0,3,0,0,20,1WR-C,E,10,C,1p60,-24,27,3,-24,27,-2.0,4,1,SP,RP,
13157,Mark Leiter,0.0,,R,58,45,37,2,1,6,3,7,12,1,-2,1,-2,18.0,14.1,0,0,0,0,25.0,26.1,0,0,0,0,24.8,28.5,0,0,0,0,17.4,10.3,-1,1,-1,1,22.4,13.3,0,1,0,2,0.6,3.8,2,-2,10,-10,1.0,6.0,1,6,2,-2,4,-4,5,5,0,0,0,0,0,0,-3,-3,-6,-6,1,1,R(1),R(1),R(1),,,,1.0,,2-26,2,26,0,18,1WR-C,E,10,C,1p50,14,-16,-2,14,-16,-2.0,4,0,RP,,
13462,Tyrone Taylor,1.68,,R,19,48,37,2,1,6,3,14,7,-2,1,-2,1,4.6,10.5,2,1,4,2,18.6,17.5,1,1,5,5,15.9,32.0,1,0,2,0,1.2,5.0,2,2,2,2,2.3,10.0,2,1,4,2,3.4,5.5,-2,-3,-10,-15,,,6,8,-3,-3,-6,-6,0,0,1,1,1,1,0,0,-3,-3,-6,-6,0,0,R(1) C(0),R(1) C(0),R(1),C(0),,,1.0,0.0,3-0,3,0,0,20,1WR-C,E,10,C,1p60,0,-11,-11,0,-11,-2.333333333,4,1,RP,CP,
12669,Charlie Morton,0.36,,R,165,35,17,1,-1,3,-3,20,4,-3,2,-3,2,13.1,21.0,0,-1,0,-2,33.2,25.0,-1,0,-5,0,22.8,41.0,1,-1,2,-2,11.7,17.0,0,-1,0,-1,17.2,25.0,0,-1,0,-2,1.4,4.0,1,-2,5,-10,1.0,6.0,1,6,2,-2,4,-4,5,5,0,0,0,0,3,9,-1,3,-2,6,-2,-2,S(6),S(6),S(6),,,6.0,,,2-26,2,26,2,2,1WR-C,E,10,C,1p70,4,-16,-12,4,-16,-2.333333333,4,3,SP,,
13022,Jose Quintana,0.66,,L,170,14,18,-2,-1,-6,-3,4,13,2,-2,2,-2,20.6,14.4,-1,0,-2,0,24.6,27.4,0,0,0,0,40.4,24.3,-1,0,-2,0,17.4,12.4,-1,0,-1,0,27.6,16.3,-1,0,-2,0,3.2,2.0,-1,0,-5,0,6.0,2.0,6,2,-3,1,-6,2,5,5,0,0,0,0,12,11,3,3,6,6,-1,-1,S(5),S(5),S(5),,,5.0,,,2-0,2,0,0,9,1WR-C,E,10,C,1p70,-16,3,-13,-16,3,-2.666666667,4,3,SP,,
12757,Dillon Tate,0.0,,R,37,0,17,-3,-1,-9,-3,13,6,-1,1,-1,1,13.9,31.1,0,-2,0,-4,26.9,37.1,0,-2,0,-10,18.0,38.3,1,-1,2,-2,13.9,31.1,0,-3,0,-3,18.0,38.3,0,-2,0,-4,0.0,0.0,2,2,10,10,0.0,0.0,0,0,3,2,6,4,5,5,0,0,0,0,1,1,-2,-2,-4,-4,2,2,R(1) C(0),R(1) C(0),R(1),C(0),,,1.0,0.0,3-0,3,0,0,0,1WR-C,E,10,C,1p30,4,-15,-11,4,-15,-2.666666667,4,2,RP,CP,
13054,Justin Anderson,0.27,,R,53,12,36,-2,1,-6,3,17,22,-2,-3,-2,-3,19.3,5.5,-1,2,-2,4,36.3,27.5,-1,0,-5,0,27.8,9.8,0,2,0,4,17.3,5.5,-1,2,-1,2,19.8,9.8,0,1,0,2,2.0,0.0,0,2,0,10,3.0,0.0,3,0,0,2,0,4,5,5,0,0,0,0,1,0,-2,-3,-4,-6,5,5,R(1) C(0),R(1) C(0),R(1),C(0),,,1.0,0.0,4-0,4,0,0,3,1WL-C,E,10,C,1p50,-20,20,0,-20,20,-2.666666667,4,0,RP,CP,
12992,Jonathan Cannon,0.83,,R,124,11,17,-2,-1,-6,-3,4,13,2,-2,2,-2,22.0,14.1,-1,0,-2,0,26.0,27.1,0,0,0,0,40.3,24.8,-1,0,-2,0,18.8,12.3,-1,0,-1,0,27.5,17.6,-1,0,-2,0,3.2,1.8,-1,0,-5,0,4.0,3.0,4,3,-1,0,-2,0,5,5,0,0,0,0,12,12,3,3,6,6,0,0,S(6) R(4) C(0),S(6) R(4) C(0),S(6),R(4),C(0),6.0,4.0,0.0,2-0,2,0,3,3,1WR-C,E,10,C,1p60,-12,1,-11,-12,1,-2.666666667,4,1,SP,RP,CP
12554,Anthony Molina,0.0,,R,60,13,8,-2,-2,-6,-6,19,1,-3,3,-3,3,22.0,33.2,-1,-3,-2,-6,41.0,34.2,-2,-1,-10,-5,28.7,48.2,0,-2,0,-4,21.6,32.6,-2,-3,-2,-3,27.1,45.8,-1,-3,-2,-6,0.4,0.6,2,2,10,10,0.0,1.0,0,1,3,2,6,4,5,5,0,0,0,0,8,8,2,2,4,4,2,2,R(2),R(2),R(2),,,,2.0,,5-0,5,0,0,18,1WR-C,E,10,C,1p40,-5,-9,-14,-5,-9,-2.666666667,4,1,RP,,
12959,Jhony Brito,0.2,,R,44,24,0,-1,-3,-3,-9,3,1,2,3,2,3,10.6,39.0,1,-3,2,-6,13.6,40.0,2,-2,10,-10,23.3,39.0,0,-1,0,-2,8.0,39.0,1,-3,1,-3,12.9,39.0,1,-2,2,-4,2.6,0.0,-1,2,-5,10,4.0,0.0,4,0,-1,2,-2,4,5,5,0,0,0,0,5,5,0,0,0,0,4,4,R(2),R(2),R(2),,,,2.0,,4-33,4,33,0,4,1WR-C,E,10,C,1p30,7,-17,-10,7,-17,-3.0,4,2,RP,,
13382,Spencer Bivens,0.89,,R,49,14,16,-2,-2,-6,-6,4,1,2,3,2,3,22.2,12.5,-1,1,-2,2,26.2,13.5,0,2,0,10,44.0,25.2,-2,0,-4,0,14.9,10.9,0,1,0,1,14.8,18.8,1,0,2,0,7.3,1.6,-3,1,-15,5,8.0,4.0,8,4,-3,-1,-6,-2,5,5,0,0,0,0,12,13,3,3,6,6,1,1,S(4) R(3) C(0),S(4) R(3) C(0),S(4),R(3),C(0),4.0,3.0,0.0,3-0,3,0,0,0,1WR-C,E,10,C,1p30,-23,19,-4,-23,19,-3.0,4,2,SP,RP,CP
13309,Richard Lovelady,0.17,,L,34,12,15,-2,-2,-6,-6,9,4,0,2,0,2,17.0,25.4,0,-2,0,-4,26.0,29.4,0,-1,0,-5,23.3,35.4,0,-1,0,-2,16.0,24.0,-1,-2,-1,-2,19.3,29.8,0,-1,0,-2,1.0,1.4,1,1,5,5,0.0,1.0,0,1,3,2,6,4,5,5,0,0,0,0,5,5,0,0,0,0,3,3,R(1) C(1),R(1) C(1),R(1),C(1),,,1.0,1.0,5-0,5,0,0,6,1WL-C,E,10,C,5p30,4,-10,-6,4,-10,-3.333333333,0,2,RP,CP,
12537,Andrew Abbott,1.79,,L,138,15,18,-2,-1,-6,-3,4,12,2,-2,2,-2,19.5,12.1,-1,1,-2,2,23.5,24.1,0,0,0,0,27.6,30.4,0,0,0,0,18.7,7.8,-1,1,-1,1,24.4,13.2,-1,1,-2,2,0.8,4.3,2,-2,10,-10,0.0,,0,5,3,-2,6,-4,5,0,0,1,0,1,2,2,-2,-2,-4,-4,0,0,S(5),S(5),S(5),,,5.0,,,3-0,3,0,0,7,1WL-C,E,10,C,1p70,3,-17,-14,3,-17,-3.333333333,4,3,SP,,
12979,Joey Wentz,0.11,,L,67,40,21,2,-1,6,-3,13,17,-1,-3,-1,-3,14.3,13.7,0,0,0,0,27.3,30.7,0,-1,0,-5,17.6,23.7,1,1,2,2,14.3,10.7,0,1,0,1,17.6,11.7,0,1,0,2,0.0,3.0,2,-1,10,-5,0.0,5.0,0,5,3,-2,6,-4,5,5,0,0,0,0,0,0,-3,-3,-6,-6,8,8,R(2) C(0),R(2) C(0),R(2),C(0),,,2.0,0.0,5-21,5,21,9,9,1WL-C,E,10,C,1p40,17,-21,-4,17,-21,-3.333333333,4,1,RP,CP,
12540,Andrew Heaney,0.23,,L,160,20,28,-1,0,-3,0,9,3,0,2,0,2,24.6,18.4,-2,0,-4,0,33.7,21.4,-1,1,-5,5,34.2,30.2,-1,0,-2,0,23.2,16.0,-2,0,-2,0,28.6,20.6,-1,0,-2,0,1.4,2.4,1,0,5,0,1.0,4.0,1,4,2,-1,4,-2,5,5,0,0,0,0,0,0,-3,-3,-6,-6,-3,-3,S(5),S(5),S(5),,,5.0,,,3-0,3,0,0,2,1WL-C,E,10,C,1p70,-15,-1,-16,-15,-1,-3.333333333,4,3,SP,,
13516,Zach Eflin,1.42,,R,165,24,12,-1,-2,-3,-6,0,0,3,3,3,3,14.9,26.8,0,-2,0,-4,14.9,26.8,2,0,10,0,25.8,40.0,0,-1,0,-2,12.7,24.4,0,-2,0,-2,17.0,30.4,0,-1,0,-2,2.2,2.4,0,0,0,0,3.0,3.0,3,3,0,0,0,0,5,5,0,0,0,0,1,0,-2,-3,-4,-6,-3,-3,S(6),S(6),S(6),,,6.0,,,2-0,2,0,0,2,1WR-C,E,10,C,1p70,6,-19,-13,6,-19,-3.666666667,4,3,SP,,
12781,Eduardo Salazar,0.74,,R,29,24,15,-1,-2,-3,-6,14,15,-2,-3,-2,-3,30.5,20.4,-2,-1,-4,-2,44.5,35.3,-2,-2,-10,-10,35.0,25.9,-1,0,-2,0,30.5,20.4,-3,-1,-3,-1,35.0,25.9,-2,-1,-4,-2,0.0,0.0,2,2,10,10,0.0,0.0,0,0,3,2,6,4,5,5,0,0,0,0,4,9,-1,3,-2,6,4,4,R(2),R(2),R(2),,,,2.0,,4-48,4,48,0,6,1WR-C,E,10,C,1p20,-14,-4,-18,-14,-4,-3.666666667,4,3,RP,,
12867,Hayden Wesneski,0.0,,R,68,19,31,-1,0,-3,0,5,10,2,-1,2,-1,13.4,10.1,0,1,0,2,18.4,20.2,1,1,5,5,25.4,24.4,0,0,0,0,11.4,5.6,0,2,0,2,17.4,6.4,0,2,0,4,2.0,4.5,0,-2,0,-10,4.0,8.0,4,8,-1,-3,-2,-6,5,5,0,0,0,0,2,3,-2,-1,-4,-2,-2,-2,S(4) R(3),S(4) R(3),S(4),R(3),,4.0,3.0,,3-42,3,42,6,2,1WR-C,E,10,C,5p40,-2,-6,-8,-2,-6,-3.666666667,0,1,SP,RP,
13107,Lance Lynn,0.11,,R,117,16,28,-2,0,-6,0,15,5,-2,2,-2,2,17.5,16.3,0,0,0,0,32.5,21.3,-1,1,-5,5,27.8,25.6,0,0,0,0,15.5,14.5,0,0,0,0,19.8,18.4,0,0,0,0,2.0,1.8,0,0,0,0,3.0,2.0,3,2,0,1,0,2,5,5,0,0,0,0,3,4,-1,-1,-2,-2,4,4,S(5),S(5),S(5),,,5.0,,,4-24,4,24,0,5,1WL-C,E,10,C,2p60,-15,7,-8,-15,7,-3.666666667,3,1,SP,,
12872,Hoby Milner,0.0,,L,65,26,29,0,0,0,0,0,7,3,1,3,1,30.0,19.0,-2,-1,-4,-2,30.0,26.0,-1,0,-5,0,47.5,25.5,-2,0,-4,0,27.0,19.0,-2,-1,-2,-1,35.5,25.5,-2,-1,-4,-2,3.0,0.0,-1,2,-5,10,4.0,0.0,4,0,-1,2,-2,4,5,5,0,0,0,0,8,8,2,2,4,4,-2,-2,R(1) C(0),R(1) C(0),R(1),C(0),,,1.0,0.0,1-0,1,0,0,0,1WL-C,E,10,C,1p50,-19,14,-5,-19,14,-4.0,4,0,RP,CP,
12560,Austin Adams,0.35,,R,41,40,33,2,1,6,3,20,25,-3,-3,-3,-3,13.5,13.5,0,0,0,0,33.5,38.5,-1,-2,-5,-10,31.0,23.7,0,1,0,2,11.5,13.1,0,0,0,0,23.0,22.1,0,0,0,0,2.0,0.4,0,2,0,10,,1.0,4,1,-1,2,-2,4,0,5,1,0,1,0,0,0,-3,-3,-6,-6,2,2,R(1),R(1),R(1),,,,1.0,,4-0,4,0,0,20,1WR-C,E,10,C,4p40,-9,0,-9,-9,0,-4.0,1,1,RP,,
13045,JT Ginn,0.66,,R,34,11,30,-2,0,-6,0,2,6,2,1,2,1,27.9,16.6,-2,0,-4,0,29.9,22.6,-1,0,-5,0,44.7,17.2,-2,1,-4,2,24.7,16.4,-2,0,-2,0,31.9,16.4,-2,0,-4,0,3.2,0.2,-1,2,-5,10,7.0,0.0,7,0,-3,2,-6,4,5,5,0,0,0,0,12,12,3,3,6,6,-2,-2,S(5) R(3),S(5) R(3),S(5),R(3),,5.0,3.0,,2-0,2,0,0,0,1WR-C,E,10,C,1p20,-28,23,-5,-28,23,-4.0,4,3,SP,RP,
13316,Robbie Ray,0.0,,L,31,47,47,2,2,6,6,19,18,-3,-3,-3,-3,4.2,5.0,2,2,4,4,23.2,23.0,0,0,0,0,16.8,20.0,1,1,2,2,0.0,0.0,3,3,3,3,0.0,0.0,3,3,6,6,4.2,5.0,-2,-3,-10,-15,,,7,8,-3,-3,-6,-6,0,0,1,1,1,1,0,0,-3,-3,-6,-6,9,9,S(4),S(4),S(4),,,4.0,,,4-0,4,0,0,20,1WL-C,E,10,C,6p20,-3,-8,-11,-3,-8,-4.333333333,-1,3,SP,,
13030,Jose Urena,0.41,,R,109,12,5,-2,-3,-6,-9,11,8,-1,0,-1,0,15.8,23.0,0,-1,0,-2,26.8,31.0,0,-1,0,-5,25.7,34.2,0,-1,0,-2,14.0,21.2,0,-1,0,-1,18.5,27.0,0,-1,0,-2,1.8,1.8,0,0,0,0,2.0,2.0,2,2,1,1,2,2,5,5,0,0,0,0,9,9,3,3,6,6,0,0,S(5) R(4) C(0),S(5) R(4) C(0),S(5),R(4),C(0),5.0,4.0,0.0,3-13,3,13,0,5,1WR-C,E,10,C,2p60,1,-13,-12,1,-13,-4.333333333,3,1,SP,RP,CP
12861,Gus Varland,0.44,,R,26,21,30,-1,0,-3,0,5,5,2,2,2,2,20.4,27.4,-1,-2,-2,-4,25.4,32.4,0,-1,0,-5,35.7,37.4,-1,-1,-2,-2,20.4,25.4,-1,-2,-1,-2,35.7,29.4,-2,-1,-4,-2,0.0,2.0,2,0,10,0,0.0,2.0,0,2,3,1,6,2,5,5,0,0,0,0,2,0,-2,-3,-4,-6,5,5,R(1),R(1),R(1),,,,1.0,,2-51,2,51,0,16,1WL-C,E,10,C,1p30,2,-17,-15,2,-17,-4.666666667,4,2,RP,,
12608,Brendon Little,0.11,,L,46,20,11,-1,-2,-3,-6,10,11,0,-1,0,-1,9.1,18.0,1,0,2,0,19.1,29.0,1,-1,5,-5,9.1,42.7,2,-2,4,-4,9.1,11.7,1,0,1,0,9.1,17.5,1,0,2,0,0.0,6.3,2,-3,10,-15,0.0,8.0,0,8,3,-3,6,-6,5,5,0,0,0,0,12,12,3,3,6,6,2,2,R(1) C(0),R(1) C(0),R(1),C(0),,,1.0,0.0,4-0,4,0,0,20,1WL-C,E,10,C,1p40,33,-31,2,33,-31,-4.666666667,4,1,RP,CP,
12969,Joe Ross,0.51,,R,74,17,23,-1,-1,-3,-3,9,11,0,-1,0,-1,20.5,21.9,-1,-1,-2,-2,29.5,32.9,-1,-1,-5,-5,27.9,25.4,0,0,0,0,18.9,21.3,-1,-1,-1,-1,21.5,23.0,0,0,0,0,1.6,0.6,1,2,5,10,1.0,0.0,1,0,2,2,4,4,5,5,0,0,0,0,0,0,-3,-3,-6,-6,-2,-2,S(5) R(3),S(5) R(3),S(5),R(3),,5.0,3.0,,3-0,3,0,0,2,1WR-C,E,10,C,4p40,-8,-4,-12,-8,-4,-4.666666667,1,1,SP,RP,
13521,Zack Kelly,0.51,,R,57,30,31,0,0,0,0,15,12,-2,-2,-2,-2,12.9,5.8,0,2,0,4,27.9,17.8,0,1,0,5,39.3,13.3,-1,2,-2,4,4.6,4.4,2,2,2,2,6.1,7.7,2,2,4,4,8.3,1.4,-3,1,-15,5,,,8,1,-3,2,-6,4,0,0,1,1,1,1,0,0,-3,-3,-6,-6,1,1,S(1) R(1),S(1) R(1),S(1),R(1),,1.0,1.0,,2-0,2,0,6,7,1WR-C,E,10,C,1p50,-24,21,-3,-24,21,-5.0,4,0,SP,RP,
13246,Nick Nastrini,0.0,,R,36,0,18,-3,-1,-9,-3,55,19,-3,-3,-3,-3,6.9,5.3,1,2,2,4,61.9,24.3,-3,0,-15,0,16.7,21.0,1,1,2,2,5.9,0.0,1,3,1,3,12.7,-0.2,1,2,2,4,1.0,5.3,1,-3,5,-15,,,1,8,2,-3,4,-6,0,0,1,1,1,1,5,5,0,0,0,0,9,9,S(4) R(3),S(4) R(3),S(4),R(3),,4.0,3.0,,5-0,5,0,0,16,1WR-C,E,10,C,1p20,-10,-13,-23,-10,-13,-5.0,4,3,SP,RP,
13049,Julian Aguiar,0.0,,R,32,13,0,-2,-3,-6,-9,7,11,1,-1,1,-1,11.8,14.5,1,0,2,0,18.8,25.5,1,0,5,0,37.0,32.0,-1,0,-2,0,4.0,11.3,2,0,2,0,5.8,19.2,2,0,4,0,7.8,3.2,-3,-1,-15,-5,,4.0,8,4,-3,-1,-6,-2,0,5,1,0,1,0,8,8,2,2,4,4,-2,-2,S(4),S(4),S(4),,,4.0,,,3-0,3,0,0,6,1WL-C,E,10,C,1p20,-10,-13,-23,-10,-13,-5.0,4,3,SP,,
13495,Xzavion Curry,0.34,,R,43,10,10,-2,-2,-6,-6,0,0,3,3,3,3,21.8,12.0,-1,1,-2,2,21.8,12.0,1,2,5,10,61.6,26.4,-3,0,-6,0,13.6,10.8,0,1,0,1,28.8,21.6,-1,0,-2,0,8.2,1.2,-3,1,-15,5,,,8,1,-3,2,-6,4,0,0,1,1,1,1,6,6,1,1,2,2,-1,-1,S(4) R(3),S(4) R(3),S(4),R(3),,4.0,3.0,,3-0,3,0,0,5,1WR-C,E,10,C,2p30,-26,22,-4,-26,22,-5.0,3,2,SP,RP,
12839,Gavin Williams,0.0,,R,76,32,23,1,-1,3,-3,12,13,-1,-2,-1,-2,12.6,23.0,0,-1,0,-2,24.6,36.0,0,-2,0,-10,20.7,40.6,1,-1,2,-2,12.2,21.4,0,-1,0,-1,19.1,34.2,0,-2,0,-4,0.4,1.6,2,1,10,5,0.0,2.0,0,2,3,1,6,2,5,5,0,0,0,0,2,3,-2,-1,-4,-2,-2,-2,S(5),S(5),S(5),,,5.0,,,2-19,2,19,0,5,1WL-C,E,10,C,4p40,16,-19,-3,16,-19,-5.333333333,1,1,SP,,
12883,Ian Hamilton,0.38,,R,38,16,40,-2,2,-6,6,16,8,-2,0,-2,0,21.2,21.1,-1,-1,-2,-2,37.2,29.2,-2,-1,-10,-5,31.1,29.9,0,0,0,0,21.2,21.1,-1,-1,-1,-1,31.1,29.9,-1,-1,-2,-2,0.0,0.0,2,2,10,10,0.0,0.0,0,0,3,2,6,4,5,5,0,0,0,0,0,0,-3,-3,-6,-6,0,0,R(1) C(0),R(1) C(0),R(1),C(0),,,1.0,0.0,4-0,4,0,0,0,1WR-C,E,10,C,5p30,-13,4,-9,-13,4,-5.333333333,0,2,RP,CP,
13504,Yohan Ramirez,0.0,,R,45,37,20,1,-1,3,-3,5,10,2,-1,2,-1,19.6,27.0,-1,-2,-2,-4,24.6,37.0,0,-2,0,-10,34.9,40.3,-1,-1,-2,-2,19.6,24.6,-1,-2,-1,-2,34.9,30.7,-2,-1,-4,-2,0.0,2.4,2,0,10,0,0.0,3.0,0,3,3,0,6,0,5,5,0,0,0,0,6,5,1,0,2,0,-2,-2,R(2) C(0),R(2) C(0),R(2),C(0),,,2.0,0.0,2-51,2,51,8,20,1WR-C,E,10,C,1p30,14,-24,-10,14,-24,-5.333333333,4,2,RP,CP,
12926,Jameson Taillon,1.2,,R,165,14,17,-2,-1,-6,-3,4,0,2,3,2,3,20.3,18.9,-1,-1,-2,-2,24.3,18.9,0,1,0,5,33.3,24.8,-1,0,-2,0,17.7,17.5,-1,-1,-1,-1,22.9,19.2,0,0,0,0,2.6,1.4,-1,1,-5,5,5.0,2.0,5,2,-2,1,-4,2,5,5,0,0,0,0,1,3,-2,-1,-4,-2,0,0,S(6),S(6),S(6),,,6.0,,,3-8,3,8,4,5,1WR-C,E,10,C,1p70,-22,7,-15,-22,7,-5.333333333,4,3,SP,,
13273,Patrick Corbin,0.0,,L,175,21,14,-1,-2,-3,-6,14,5,-2,2,-2,2,11.6,29.8,1,-2,2,-4,25.6,34.8,0,-2,0,-10,22.5,48.4,1,-2,2,-4,11.2,27.2,0,-2,0,-2,20.9,38.0,0,-2,0,-4,0.4,2.6,2,-1,10,-5,0.0,4.0,0,4,3,-1,6,-2,5,5,0,0,0,0,8,8,2,2,4,4,3,3,S(6),S(6),S(6),,,6.0,,,2-0,2,0,0,3,1WL-C,E,12,C,0p72,19,-31,-12,19,-31,-5.333333333,5,4,SP,,
12856,Gregory Soto,0.11,,L,53,39,30,2,0,6,0,14,15,-2,-3,-2,-3,17.8,24.6,0,-2,0,-4,31.8,39.6,-1,-2,-5,-10,33.5,29.8,-1,0,-2,0,16.2,24.6,-1,-2,-1,-2,27.1,29.8,-1,-1,-2,-2,1.6,0.0,1,2,5,10,1.0,0.0,1,0,2,2,4,4,5,5,0,0,0,0,0,0,-3,-3,-6,-6,-1,-1,R(1) C(1),R(1) C(1),R(1),C(1),,,1.0,1.0,4-0,4,0,7,15,1WL-C,E,10,C,1p50,-3,-13,-16,-3,-13,-5.666666667,4,0,RP,CP,
13125,Lucas Sims,0.29,,R,49,15,31,-2,0,-6,0,27,20,-3,-3,-3,-3,5.8,9.4,2,1,4,2,32.8,29.3,-1,-1,-5,-5,14.8,24.4,1,0,2,0,3.2,6.4,2,1,2,1,4.4,12.4,2,1,4,2,2.6,3.0,-1,-1,-5,-5,4.0,3.0,4,3,-1,0,-2,0,5,5,0,0,0,0,5,4,0,-1,0,-2,0,0,R(1) C(0),R(1) C(0),R(1),C(0),,,1.0,0.0,4-0,4,0,0,8,1WR-C,E,10,C,2p40,-9,-10,-19,-9,-10,-5.666666667,3,1,RP,CP,
12518,Alec Marsh,0.31,,R,129,20,31,-1,0,-3,0,3,11,2,-1,2,-1,18.4,14.4,-1,0,-2,0,21.3,25.4,1,0,5,0,35.5,31.6,-1,0,-2,0,16.4,10.6,-1,1,-1,1,27.5,16.4,-1,0,-2,0,2.0,3.8,0,-2,0,-10,3.0,6.0,3,6,0,-2,0,-4,5,5,0,0,0,0,5,4,0,-1,0,-2,0,0,S(5),S(5),S(5),,,5.0,,,3-44,3,44,3,4,1WR-C,E,10,C,1p65,-3,-16,-19,-3,-16,-5.666666667,4,2,SP,,
12679,Chris Stratton,0.0,,R,58,23,6,-1,-2,-3,-6,33,9,-3,0,-3,0,8.1,19.9,1,-1,2,-2,41.2,28.9,-2,-1,-10,-5,13.9,41.5,1,-1,2,-2,8.1,17.1,1,-1,1,-1,13.9,30.3,1,-1,2,-2,0.0,2.8,2,-1,10,-5,,4.0,0,4,3,-1,6,-2,0,5,1,0,1,0,7,9,2,3,4,6,0,0,R(1) C(2),R(1) C(2),R(1),C(2),,,1.0,2.0,2-0,2,0,0,3,1WR-C,E,10,C,2p50,12,-19,-7,12,-19,-5.666666667,3,0,RP,CP,
12576,Ben Lively,0.75,,R,151,17,14,-1,-2,-3,-6,12,5,-1,2,-1,2,11.9,19.8,1,-1,2,-2,23.9,24.8,0,0,0,0,26.2,34.7,0,-1,0,-2,8.5,17.6,1,-1,1,-1,12.6,25.9,1,-1,2,-2,3.4,2.2,-2,0,-10,0,5.0,4.0,5,4,-2,-1,-4,-2,5,5,0,0,0,0,5,5,0,0,0,0,0,0,S(5),S(5),S(5),,,5.0,,,3-0,3,0,2,2,1WR-C,E,10,C,1p70,-13,-13,-26,-13,-13,-6.0,4,3,SP,,
13381,Spencer Arrighetti,0.1,,R,145,39,29,2,0,6,0,18,9,-3,0,-3,0,13.7,18.7,0,-1,0,-2,31.7,27.7,-1,0,-5,0,25.0,35.0,0,-1,0,-2,12.1,15.5,0,0,0,0,18.6,22.2,0,0,0,0,1.6,3.2,1,-1,5,-5,2.0,5.0,2,5,1,-2,2,-4,5,5,0,0,0,0,0,0,-3,-3,-6,-6,1,1,S(5),S(5),S(5),,,5.0,,,4-0,4,0,0,4,1WR-C,E,10,C,1p70,-1,-19,-20,-1,-19,-6.0,4,3,SP,,
12602,Braxton Garrett,0.61,,L,37,22,22,-1,-1,-3,-3,0,0,3,3,3,3,24.8,15.6,-2,0,-4,0,24.8,15.6,0,2,0,10,38.3,26.8,-1,0,-2,0,23.0,13.6,-2,0,-2,0,31.1,18.8,-1,0,-2,0,1.8,2.0,0,0,0,0,3.0,4.0,3,4,0,-1,0,-2,5,5,0,0,0,0,1,2,-2,-2,-4,-4,0,0,S(5),S(5),S(5),,,5.0,,,2-0,2,0,0,5,1WR-C,E,10,C,6p20,-14,4,-10,-14,4,-6.0,-1,3,SP,,
13475,Wandy Peralta,0.5,,L,38,5,5,-3,-3,-9,-9,8,10,0,-1,0,-1,19.3,8.9,-1,1,-2,2,27.3,18.8,0,1,0,5,27.6,17.8,0,1,0,2,16.5,5.9,-1,1,-1,1,16.4,5.8,0,2,0,4,2.8,3.0,-1,-1,-5,-5,5.0,4.0,5,4,-2,-1,-4,-2,5,5,0,0,0,0,12,12,3,3,6,6,-3,-3,R(1),R(1),R(1),,,,1.0,,3-0,3,0,0,11,1WL-C,E,10,C,4p30,-15,3,-12,-15,3,-6.0,1,2,RP,,
12562,Austin Gomber,0.69,,L,165,15,11,-2,-2,-6,-6,0,4,3,2,3,2,13.2,23.3,0,-1,0,-2,13.2,27.3,2,0,10,0,37.9,41.4,-1,-1,-2,-2,7.2,20.5,1,-1,1,-1,13.9,30.2,1,-1,2,-2,6.0,2.8,-3,-1,-15,-5,8.0,4.0,8,4,-3,-1,-6,-2,5,5,0,0,0,0,5,7,0,2,0,4,0,0,S(6),S(6),S(6),,,6.0,,,2-8,2,8,0,3,1WL-C,E,10,C,1p70,-13,-14,-27,-13,-14,-6.666666667,4,3,SP,,
13062,Justin Wrobleski,0.0,,L,36,7,14,-2,-2,-6,-6,11,15,-1,-3,-1,-3,17.4,12.6,0,1,0,2,28.4,27.7,0,0,0,0,36.2,40.8,-1,-1,-2,-2,16.2,4.8,-1,2,-1,2,31.4,9.6,-1,1,-2,2,1.2,7.8,1,-3,5,-15,,,2,8,1,-3,2,-6,0,0,1,1,1,1,7,7,2,2,4,4,1,1,S(5) R(3) C(0),S(5) R(3) C(0),S(5),R(3),C(0),5.0,3.0,0.0,3-40,3,40,0,5,1WL-C,E,10,C,1p20,0,-21,-21,0,-21,-7.0,4,3,SP,RP,CP
12792,Emerson Hancock,0.0,,R,61,4,11,-3,-2,-9,-6,13,2,-1,3,-1,3,17.9,21.0,0,-1,0,-2,30.9,23.0,-1,0,-5,0,20.8,54.5,1,-2,2,-4,17.9,11.5,-1,0,-1,0,20.8,16.5,0,0,0,0,0.0,9.5,2,-3,10,-15,0.0,8.0,0,8,3,-3,6,-6,5,5,0,0,0,0,10,10,3,3,6,6,0,0,S(5),S(5),S(5),,,5.0,,,4-47,4,47,0,0,1WR-C,E,10,C,1p30,8,-24,-16,8,-24,-7.333333333,4,2,SP,,
12855,Greg Weissert,0.27,,R,63,23,26,-1,0,-3,0,8,3,0,2,0,2,21.8,21.0,-1,-1,-2,-2,29.8,24.0,-1,0,-5,0,35.6,24.3,-1,0,-2,0,18.4,20.8,-1,-1,-1,-1,22.0,23.5,0,-1,0,-2,3.4,0.2,-2,2,-10,10,7.0,0.0,7,0,-3,2,-6,4,5,5,0,0,0,0,8,8,2,2,4,4,0,0,R(1) C(0),R(1) C(0),R(1),C(0),,,1.0,0.0,3-0,3,0,0,6,1WR-C,E,10,C,1p50,-25,15,-10,-25,15,-7.666666667,4,0,RP,CP,
13041,Josh Winckowski,0.23,,R,76,20,11,-1,-2,-3,-6,5,8,2,0,2,0,22.6,18.0,-1,0,-2,0,27.6,26.0,0,0,0,0,35.3,28.7,-1,0,-2,0,19.6,16.8,-1,-1,-1,-1,23.3,23.9,0,-1,0,-2,3.0,1.2,-1,1,-5,5,5.0,2.0,5,2,-2,1,-4,2,5,5,0,0,0,0,3,3,-1,-1,-2,-2,-1,-1,S(4) R(3) C(1),S(4) R(3) C(1),S(4),R(3),C(1),4.0,3.0,1.0,3-0,3,0,0,2,1WR-C,E,10,C,1p40,-17,-4,-21,-17,-4,-7.666666667,4,1,SP,RP,CP
12739,David Festa,0.28,,R,64,38,34,1,1,3,3,12,8,-1,0,-1,0,14.4,20.4,0,-1,0,-2,26.4,28.4,0,0,0,0,30.5,42.8,0,-2,0,-4,12.4,17.6,0,-1,0,-1,22.5,31.6,0,-2,0,-4,2.0,2.8,0,-1,0,-5,2.0,4.0,2,4,1,-1,2,-2,5,5,0,0,0,0,2,2,-2,-2,-4,-4,5,5,S(5) R(3),S(5) R(3),S(5),R(3),,5.0,3.0,,4-0,4,0,5,6,1WR-C,E,10,C,1p40,0,-19,-19,0,-19,-7.666666667,4,1,SP,RP,
13378,Sixto Sanchez,0.0,,R,36,0,0,-3,-3,-9,-9,20,0,-3,3,-3,3,18.9,33.3,-1,-3,-2,-6,38.9,33.3,-2,-1,-10,-5,26.7,45.3,0,-2,0,-4,17.5,33.3,-1,-3,-1,-3,21.1,45.3,0,-3,0,-6,1.4,0.0,1,2,5,10,1.0,0.0,1,0,2,2,4,4,5,5,0,0,0,0,13,12,3,3,6,6,3,3,S(4) R(3),S(4) R(3),S(4),R(3),,4.0,3.0,,3-0,3,0,8,5,1WR-C,E,10,C,6p20,-10,-10,-20,-10,-10,-8.0,-1,3,SP,RP,
13366,Seranthony Dominguez,0.08,,R,59,29,36,0,1,0,3,8,10,0,-1,0,-1,11.8,10.3,1,1,2,2,19.8,20.3,1,1,5,5,28.5,24.3,0,0,0,0,7.2,7.1,1,1,1,1,10.1,11.5,1,1,2,2,4.6,3.2,-3,-1,-15,-5,7.0,6.0,7,6,-3,-2,-6,-4,5,5,0,0,0,0,0,0,-3,-3,-6,-6,9,9,R(1) C(4),R(1) C(4),R(1),C(4),,,1.0,4.0,5-0,5,0,5,20,1WR-C,E,10,C,1p50,-17,-3,-20,-17,-3,-8.333333333,4,0,RP,CP,
12973,Joey Cantillo,0.0,,L,39,22,37,-1,1,-3,3,18,9,-3,0,-3,0,17.8,13.9,0,0,0,0,35.8,22.9,-1,0,-5,0,50.3,29.3,-2,0,-4,0,9.0,12.5,1,0,1,0,15.1,23.7,1,-1,2,-2,8.8,1.4,-3,1,-15,5,8.0,2.0,8,2,-3,1,-6,2,5,5,0,0,0,0,7,8,2,2,4,4,-2,-2,S(4) R(3),S(4) R(3),S(4),R(3),,4.0,3.0,,3-0,3,0,0,20,1WL-C,E,10,C,1p20,-29,12,-17,-29,12,-8.333333333,4,3,SP,RP,
12644,Cal Quantrill,0.49,,R,148,13,12,-2,-2,-6,-6,18,10,-3,-1,-3,-1,17.8,20.6,0,-1,0,-2,35.8,30.6,-1,-1,-5,-5,33.8,32.9,-1,-1,-2,-2,16.2,17.4,-1,-1,-1,-1,27.4,20.1,-1,0,-2,0,1.6,3.2,1,-1,5,-5,2.0,5.0,2,5,1,-2,2,-4,5,5,0,0,0,0,11,11,3,3,6,6,0,0,S(5),S(5),S(5),,,5.0,,,3-0,3,0,2,8,1WL-C,E,10,C,1p70,-6,-20,-26,-6,-20,-8.333333333,4,3,SP,,
13324,Ross Stripling,0.0,,R,85,2,5,-3,-3,-9,-9,0,11,3,-1,3,-1,36.3,21.8,-3,-1,-6,-2,36.3,32.8,-1,-1,-5,-5,49.8,36.0,-2,-1,-4,-2,35.9,21.4,-3,-1,-3,-1,48.2,34.4,-3,-2,-6,-4,0.4,0.4,2,2,10,10,1.0,1.0,1,1,2,2,4,4,5,5,0,0,0,0,8,10,2,3,4,6,0,0,S(5) R(3),S(5) R(3),S(5),R(3),,5.0,3.0,,3-17,3,17,4,4,1WR-C,E,10,C,4p50,-12,-4,-16,-12,-4,-8.333333333,1,0,SP,RP,
12966,Joe Kelly,0.0,,R,32,31,31,0,0,0,0,20,11,-3,-1,-3,-1,18.5,16.0,-1,0,-2,0,38.5,27.0,-2,0,-10,0,30.5,26.2,0,0,0,0,18.5,12.6,-1,0,-1,0,30.5,12.6,-1,1,-2,2,0.0,3.4,2,-1,10,-5,0.0,5.0,0,5,3,-2,6,-4,5,5,0,0,0,0,0,1,-3,-2,-6,-4,-4,-4,R(1),R(1),R(1),,,,1.0,,2-0,2,0,20,20,1WR-C,E,10,C,5p30,-8,-12,-20,-8,-12,-8.666666667,0,2,RP,,
12737,David Bednar,0.0,,R,58,24,25,-1,0,-3,0,14,11,-2,-1,-2,-1,10.0,13.2,1,0,2,0,24.0,24.2,0,0,0,0,28.5,22.1,0,1,0,2,5.7,12.0,1,0,1,0,11.3,17.3,1,0,2,0,4.3,1.2,-2,1,-10,5,,1.0,8,1,-3,2,-6,4,0,5,1,0,1,0,0,0,-3,-3,-6,-6,9,9,R(1) C(4),R(1) C(4),R(1),C(4),,,1.0,4.0,4-0,4,0,0,7,1WL-C,E,10,C,1p50,-21,4,-17,-21,4,-8.666666667,4,0,RP,CP,
12912,Jake Diekman,0.0,,L,32,46,31,2,0,6,0,30,28,-3,-3,-3,-3,1.0,9.4,2,1,4,2,31.0,37.4,-1,-2,-5,-10,4.0,37.7,2,-1,4,-2,0.0,0.1,3,2,3,2,0.0,0.5,3,2,6,4,1.0,9.3,1,-3,5,-15,,,0,8,3,-3,6,-6,0,0,1,1,1,1,0,0,-3,-3,-6,-6,1,1,R(1) C(2),R(1) C(2),R(1),C(2),,,1.0,2.0,2-51,2,51,0,13,1WR-C,E,10,C,1p30,21,-33,-12,21,-33,-9.0,4,2,RP,CP,
13166,Matt Bowman,0.7,,R,31,5,22,-3,-1,-9,-3,11,12,-1,-2,-1,-2,13.1,11.8,0,1,0,2,24.1,23.8,0,0,0,0,29.1,28.3,0,0,0,0,9.0,9.4,1,1,1,1,12.7,18.7,1,0,2,0,4.1,2.4,-2,0,-10,0,6.0,,6,4,-3,-1,-6,-2,5,0,0,1,0,1,5,5,0,0,0,0,2,2,R(2),R(2),R(2),,,,2.0,,3-0,3,0,0,0,1WR-C,E,10,C,1p20,-23,-3,-26,-23,-3,-9.333333333,4,3,RP,,
12696,Cole Irvin,0.0,,L,111,6,12,-2,-2,-6,-6,0,5,3,2,3,2,13.6,28.6,0,-2,0,-4,13.6,33.7,2,-1,10,-5,15.2,55.5,1,-3,2,-6,13.6,24.8,0,-2,0,-2,15.2,40.3,1,-2,2,-4,0.0,3.8,2,-2,10,-10,0.0,7.0,0,7,3,-3,6,-6,5,5,0,0,0,0,7,7,2,2,4,4,-4,-4,S(5) R(3) C(0),S(5) R(3) C(0),S(5),R(3),C(0),5.0,3.0,0.0,3-0,3,0,0,3,1WL-C,E,10,C,1p60,31,-37,-6,31,-37,-9.333333333,4,1,SP,RP,CP
12929,Jared Shuster,0.59,,L,73,16,11,-2,-2,-6,-6,3,20,2,-3,2,-3,25.8,12.0,-2,1,-4,2,28.8,32.0,0,-1,0,-5,42.1,20.2,-1,1,-2,2,23.0,10.4,-2,1,-2,1,30.9,13.8,-1,1,-2,2,2.8,1.6,-1,1,-5,5,4.0,1.0,4,1,-1,2,-2,4,5,5,0,0,0,0,4,5,-1,0,-2,0,0,0,S(4) R(3),S(4) R(3),S(4),R(3),,4.0,3.0,,3-19,3,19,0,8,1WL-C,E,10,C,1p40,-23,2,-21,-23,2,-9.666666667,4,1,SP,RP,
12515,Albert Suarez,0.71,,R,134,16,19,-2,-1,-6,-3,12,4,-1,2,-1,2,21.6,17.7,-1,0,-2,0,33.6,21.7,-1,1,-5,5,37.9,30.9,-1,0,-2,0,18.8,16.5,-1,-1,-1,-1,26.7,26.1,-1,-1,-2,-2,2.8,1.2,-1,1,-5,5,4.0,2.0,4,2,-1,1,-2,2,5,5,0,0,0,0,4,4,-1,-1,-2,-2,0,0,S(5) R(3),S(5) R(3),S(5),R(3),,5.0,3.0,,2-11,2,11,3,2,1WR-C,E,10,C,1p70,-28,6,-22,-28,6,-9.666666667,4,3,SP,RP,
12701,Colin Rea,0.32,,R,168,10,19,-2,-1,-6,-3,4,4,2,2,2,2,20.6,22.5,-1,-1,-2,-2,24.6,26.5,0,0,0,0,36.9,37.5,-1,-1,-2,-2,17.4,19.5,-1,-1,-1,-1,24.1,25.5,-1,-1,-2,-2,3.2,3.0,-1,-1,-5,-5,5.0,4.0,5,4,-2,-1,-4,-2,5,5,0,0,0,0,8,4,2,-1,4,-2,1,1,S(5) R(4) C(0),S(5) R(4) C(0),S(5),R(4),C(0),5.0,4.0,0.0,4-43,4,43,0,2,1WR-C,E,10,C,1p70,-16,-17,-33,-16,-17,-9.666666667,4,3,SP,RP,CP
13217,Miles Mikolas,0.0,,R,172,15,9,-2,-2,-6,-6,0,0,3,3,3,3,25.5,25.8,-2,-2,-4,-4,25.5,25.8,0,0,0,0,45.3,46.5,-2,-2,-4,-4,23.9,22.2,-2,-2,-2,-2,38.9,32.1,-2,-2,-4,-4,1.6,3.6,1,-2,5,-10,3.0,6.0,3,6,0,-2,0,-4,5,5,0,0,0,0,12,12,3,3,6,6,-2,-2,S(6),S(6),S(6),,,6.0,,,5-17,5,17,2,0,1WR-C,E,10,C,0p72,-6,-25,-31,-6,-25,-9.666666667,5,4,SP,,
13279,Paul Sewald,0.14,,R,40,33,29,1,0,3,0,12,0,-1,3,-1,3,23.1,11.3,-1,1,-2,2,35.1,11.3,-1,2,-5,10,47.2,29.7,-2,0,-4,0,21.5,7.5,-2,1,-2,1,40.8,14.5,-2,1,-4,2,1.6,3.8,1,-2,5,-10,3.0,,3,7,0,-3,0,-6,5,0,0,1,0,1,0,1,-3,-2,-6,-4,1,1,R(1) C(5),R(1) C(5),R(1),C(5),,,1.0,5.0,3-0,3,0,0,0,1WR-C,E,10,C,5p40,-16,-1,-17,-16,-1,-10.0,0,1,RP,CP,
13447,Tyler Anderson,0.94,,L,179,13,17,-2,-1,-6,-3,17,10,-2,-1,-2,-1,10.3,14.2,1,0,2,0,27.3,24.2,0,0,0,0,26.8,24.2,0,0,0,0,6.3,12.8,1,0,1,0,10.8,18.6,1,0,2,0,4.0,1.4,-2,1,-10,5,,2.0,6,2,-3,1,-6,2,0,5,1,0,1,0,0,0,-3,-3,-6,-6,0,0,S(6),S(6),S(6),,,6.0,,,2-8,2,8,2,3,1WL-C,E,10,C,1p70,-24,-3,-27,-24,-3,-10.0,4,3,SP,,
13245,Nick Mears,0.0,,R,58,32,37,1,1,3,3,7,14,1,-2,1,-2,29.8,18.3,-2,0,-4,0,36.8,32.3,-2,-1,-10,-5,33.8,35.9,-1,-1,-2,-2,28.4,16.7,-2,-1,-2,-1,28.2,29.5,-1,-1,-2,-2,1.4,1.6,1,1,5,5,1.0,3.0,1,3,2,0,4,0,5,5,0,0,0,0,0,0,-3,-3,-6,-6,0,0,R(1),R(1),R(1),,,,1.0,,3-0,3,0,0,11,1WR-C,E,10,C,3p50,-13,-10,-23,-13,-10,-10.0,2,0,RP,,
13519,Zach Pop,0.0,,R,48,7,13,-2,-2,-6,-6,13,4,-1,2,-1,2,20.0,12.4,-1,1,-2,2,33.1,16.4,-1,1,-5,5,53.1,16.5,-2,1,-4,2,10.7,11.0,0,1,0,1,15.9,10.9,0,1,0,2,9.3,1.4,-3,1,-15,5,8.0,2.0,8,2,-3,1,-6,2,5,5,0,0,0,0,12,12,3,3,6,6,0,0,R(1) C(0),R(1) C(0),R(1),C(0),,,1.0,0.0,4-30,4,30,7,4,1WR-C,E,10,C,1p40,-33,21,-12,-33,21,-10.0,4,1,RP,CP,
13180,Max Fried,1.81,,L,174,23,27,-1,0,-3,0,11,8,-1,0,-1,0,32.6,9.8,-3,1,-6,2,43.7,17.8,-2,1,-10,5,45.0,9.8,-2,2,-4,4,29.6,9.8,-2,1,-2,1,33.0,9.8,-2,1,-4,2,3.0,0.0,-1,2,-5,10,5.0,0.0,5,0,-2,2,-4,4,5,5,0,0,0,0,1,10,-2,3,-4,6,0,0,S(6),S(6),S(6),,,6.0,,,2-0,2,0,0,7,1WL-C,E,12,C,1p70,-43,34,-9,-43,34,-10.33333333,4,3,SP,,
13313,Roansy Contreras,0.32,,R,68,11,23,-2,-1,-6,-3,10,10,0,-1,0,-1,11.9,15.6,1,0,2,0,21.9,25.6,1,0,5,0,22.3,33.8,1,-1,2,-2,8.7,12.8,1,0,1,0,9.5,22.6,1,0,2,0,3.2,2.8,-1,-1,-5,-5,5.0,4.0,5,4,-2,-1,-4,-2,5,5,0,0,0,0,0,0,-3,-3,-6,-6,4,4,S(4) R(3) C(1),S(4) R(3) C(1),S(4),R(3),C(1),4.0,3.0,1.0,4-21,4,21,0,9,1WR-C,E,10,C,1p40,-9,-19,-28,-9,-19,-10.66666667,4,1,SP,RP,CP
12857,Griffin Canning,0.08,,R,172,10,15,-2,-2,-6,-6,13,8,-1,0,-1,0,19.7,17.9,-1,0,-2,0,32.7,25.9,-1,0,-5,0,35.2,29.6,-1,0,-2,0,16.9,14.7,-1,0,-1,0,24.0,16.8,-1,0,-2,0,2.8,3.2,-1,-1,-5,-5,5.0,6.0,5,6,-2,-2,-4,-4,5,5,0,0,0,0,9,9,3,3,6,6,-4,-4,S(5),S(5),S(5),,,5.0,,,1-0,1,0,9,7,1WR-C,E,10,C,1p70,-22,-9,-31,-22,-9,-10.66666667,4,3,SP,,
13105,Kyle Tyler,0.41,,R,32,13,13,-2,-2,-6,-6,15,22,-2,-3,-2,-3,28.6,15.0,-2,0,-4,0,43.6,37.0,-2,-2,-10,-10,38.0,15.6,-1,1,-2,2,25.8,14.8,-2,0,-2,0,26.8,14.8,-1,1,-2,2,2.8,0.2,-1,2,-5,10,4.0,0.0,4,0,-1,2,-2,4,5,5,0,0,0,0,10,12,3,3,6,6,1,1,S(4) R(3),S(4) R(3),S(4),R(3),,4.0,3.0,,2-0,2,0,0,6,1WR-C,E,10,C,1p20,-29,5,-24,-29,5,-10.66666667,4,3,SP,RP,
12821,Frankie Montas,0.18,,R,151,19,31,-1,0,-3,0,16,10,-2,-1,-2,-1,19.4,10.5,-1,1,-2,2,35.4,20.5,-1,1,-5,5,37.0,20.4,-1,1,-2,2,15.3,8.7,0,1,0,1,20.6,13.2,0,1,0,2,4.1,1.8,-2,0,-10,0,4.0,1.0,4,1,-1,2,-2,4,5,5,0,0,0,0,0,1,-3,-2,-6,-4,4,4,S(5),S(5),S(5),,,5.0,,,3-0,3,0,0,3,1WR-C,E,10,C,1p70,-32,11,-21,-32,11,-10.66666667,4,3,SP,,
13369,Seth Martinez,0.33,,R,53,0,21,-3,-1,-9,-3,7,9,1,0,1,0,27.0,11.3,-2,1,-4,2,34.0,20.3,-1,1,-5,5,48.0,23.6,-2,1,-4,2,23.2,10.1,-2,1,-2,1,32.8,18.8,-2,0,-4,0,3.8,1.2,-2,1,-10,5,6.0,1.0,6,1,-3,2,-6,4,5,5,0,0,0,0,12,12,3,3,6,6,-1,-1,R(2) C(0),R(2) C(0),R(2),C(0),,,2.0,0.0,2-0,2,0,13,0,1WR-C,E,10,C,1p30,-37,22,-15,-37,22,-11.33333333,4,2,RP,CP,
12503,Adam Oller,0.43,,R,42,23,11,-1,-2,-3,-6,26,8,-3,0,-3,0,13.5,14.4,0,0,0,0,39.5,22.4,-2,0,-10,0,27.9,24.6,0,0,0,0,10.3,12.4,1,0,1,0,15.1,16.6,1,0,2,0,3.2,2.0,-1,0,-5,0,5.0,4.0,5,4,-2,-1,-4,-2,5,5,0,0,0,0,4,8,-1,2,-2,4,-3,-3,S(5),S(5),S(5),,,5.0,,,3-0,3,0,0,4,1WR-C,E,10,C,1p30,-24,-4,-28,-24,-4,-11.33333333,4,2,SP,,
13199,Michael Soroka,0.34,,R,80,29,29,0,0,0,0,24,14,-3,-2,-3,-2,5.8,9.7,2,1,4,2,29.8,23.7,-1,0,-5,0,19.0,25.3,1,0,2,0,3.6,6.1,2,1,2,1,10.2,10.9,1,1,2,2,2.2,3.6,0,-2,0,-10,4.0,5.0,4,5,-1,-2,-2,-4,5,5,0,0,0,0,0,0,-3,-3,-6,-6,5,5,S(5) R(3),S(5) R(3),S(5),R(3),,5.0,3.0,,3-36,3,36,7,5,1WR-C,E,10,C,4p40,-6,-17,-23,-6,-17,-11.33333333,1,1,SP,RP,
12672,Chris Bassitt,0.0,,R,171,17,29,-1,0,-3,0,14,9,-2,0,-2,0,25.4,15.9,-2,0,-4,0,39.4,24.9,-2,0,-10,0,38.3,19.3,-1,1,-2,2,22.6,15.9,-2,0,-2,0,27.1,19.3,-1,0,-2,0,2.8,0.0,-1,2,-5,10,5.0,0.0,5,0,-2,2,-4,4,5,5,0,0,0,0,4,5,-1,0,-2,0,0,0,S(5),S(5),S(5),,,5.0,,,3-8,3,8,4,2,1WR-C,E,10,C,1p70,-36,16,-20,-36,16,-11.66666667,4,3,SP,,
13401,Tanner Rainey,0.05,,R,51,14,19,-2,-1,-6,-3,31,9,-3,0,-3,0,8.8,15.3,1,0,2,0,39.8,24.3,-2,0,-10,0,21.3,28.5,1,0,2,0,7.8,11.7,1,0,1,0,17.3,14.1,0,1,0,2,1.0,3.6,1,-2,5,-10,,6.0,0,6,3,-2,6,-4,0,5,1,0,1,0,0,0,-3,-3,-6,-6,0,0,R(1),R(1),R(1),,,,1.0,,4-0,4,0,0,20,1WR-C,E,10,C,1p40,-8,-21,-29,-8,-21,-11.66666667,4,1,RP,,
12551,Angel Zerpa,0.32,,L,54,26,16,0,-2,0,-6,3,10,2,-1,2,-1,25.7,18.2,-2,0,-4,0,28.7,28.2,0,0,0,0,33.2,31.3,-1,0,-2,0,25.7,14.6,-2,0,-2,0,33.2,16.9,-2,0,-4,0,0.0,3.6,2,-2,10,-10,0.0,6.0,0,6,3,-2,6,-4,5,5,0,0,0,0,1,1,-2,-2,-4,-4,-1,-1,R(1),R(1),R(1),,,,1.0,,2-51,2,51,0,11,1WL-C,E,10,C,1p50,2,-25,-23,2,-25,-12.0,4,0,RP,,
12493,Aaron Civale,0.34,,R,161,28,14,0,-2,0,-6,7,8,1,0,1,0,18.8,18.8,-1,-1,-2,-2,25.8,26.8,0,0,0,0,34.7,32.3,-1,0,-2,0,15.4,15.8,0,0,0,0,21.1,20.3,0,0,0,0,3.4,3.0,-2,-1,-10,-5,6.0,5.0,6,5,-3,-2,-6,-4,5,5,0,0,0,0,5,4,0,-1,0,-2,-3,-3,S(5),S(5),S(5),,,5.0,,,2-0,2,0,0,0,1WR-C,E,10,C,1p70,-19,-19,-38,-19,-19,-12.0,4,3,SP,,
12921,James McArthur,0.0,,R,57,23,16,-1,-2,-3,-6,0,4,3,2,3,2,27.5,28.4,-2,-2,-4,-4,27.5,32.4,0,-1,0,-5,39.3,44.3,-1,-2,-2,-4,24.7,26.0,-2,-2,-2,-2,28.1,34.7,-1,-2,-2,-4,2.8,2.4,-1,0,-5,0,5.0,3.0,5,3,-2,0,-4,0,5,5,0,0,0,0,7,9,2,3,4,6,0,0,R(1) C(4),R(1) C(4),R(1),C(4),,,1.0,4.0,2-26,2,26,0,3,1WR-C,E,10,C,1p50,-15,-17,-32,-15,-17,-12.33333333,4,0,RP,CP,
12899,Jacob Barnes,0.04,,R,66,9,23,-2,-1,-6,-3,16,2,-2,3,-2,3,15.2,22.0,0,-1,0,-2,31.2,24.0,-1,0,-5,0,39.7,33.0,-1,-1,-2,-2,9.7,20.6,1,-1,1,-1,17.7,27.4,0,-1,0,-2,5.5,1.4,-3,1,-15,5,8.0,2.0,8,2,-3,1,-6,2,5,5,0,0,0,0,13,12,3,3,6,6,0,0,R(1),R(1),R(1),,,,1.0,,3-22,3,22,0,10,1WR-C,E,10,C,1p60,-29,6,-23,-29,6,-12.33333333,4,1,RP,,
13184,Max Scherzer,0.4,,R,43,12,33,-2,1,-6,3,14,0,-2,3,-2,3,20.1,14.6,-1,0,-2,0,34.2,14.6,-1,2,-5,10,36.9,31.8,-1,0,-2,0,19.1,10.4,-1,1,-1,1,32.9,15.0,-2,1,-4,2,1.0,4.2,1,-2,5,-10,1.0,7.0,1,7,2,-3,4,-6,5,5,0,0,0,0,0,0,-3,-3,-6,-6,-2,-2,S(4),S(4),S(4),,,4.0,,,3-33,3,33,0,10,1WR-C,E,10,C,6p30,-19,-3,-22,-19,-3,-12.66666667,-1,2,SP,,
13155,Marcus Stroman,0.2,,R,155,7,17,-2,-1,-6,-3,11,11,-1,-1,-1,-1,26.4,20.1,-2,-1,-4,-2,37.4,31.0,-2,-1,-10,-5,41.4,29.0,-1,0,-2,0,24.4,18.5,-2,-1,-2,-1,33.4,22.6,-2,0,-4,0,2.0,1.6,0,1,0,5,2.0,2.0,2,2,1,1,2,2,5,5,0,0,0,0,4,8,-1,2,-2,4,6,6,S(5) R(3) C(0),S(5) R(3) C(0),S(5),R(3),C(0),5.0,3.0,0.0,4-10,4,10,0,2,1WR-C,E,10,C,1p70,-29,-1,-30,-29,-1,-12.66666667,4,3,SP,RP,CP
12944,Jeff Criswell,2.25,,R,20,38,34,1,1,3,3,9,18,0,-3,0,-3,22.3,10.7,-1,1,-2,2,31.3,28.7,-1,-1,-5,-5,34.8,29.5,-1,0,-2,0,20.7,5.7,-1,2,-1,2,28.4,9.5,-1,1,-2,2,1.6,5.0,1,-3,5,-15,2.0,8.0,2,8,1,-3,2,-6,5,5,0,0,0,0,0,0,-3,-3,-6,-6,9,9,R(2),R(2),R(2),,,,2.0,,4-0,4,0,0,0,1WR-C,E,10,C,1p20,-8,-26,-34,-8,-26,-13.0,4,3,RP,,
13464,Valente Bellozo,1.64,,R,69,13,3,-2,-3,-6,-9,6,6,1,1,1,1,8.4,16.3,1,0,2,0,14.4,22.3,2,1,10,5,16.5,41.5,1,-1,2,-2,6.6,10.8,1,1,1,1,9.3,19.5,1,0,2,0,1.8,5.5,0,-3,0,-15,3.0,,3,8,0,-3,0,-6,5,0,0,1,0,1,0,0,-3,-3,-6,-6,-4,-4,S(5),S(5),S(5),,,5.0,,,2-0,2,0,0,0,1WR-C,E,10,C,1p40,6,-30,-24,6,-30,-13.0,4,1,SP,,
13070,Keider Montero,0.05,,R,98,19,11,-1,-2,-3,-6,7,9,1,0,1,0,15.1,20.6,0,-1,0,-2,22.1,29.6,1,-1,5,-5,28.4,39.2,0,-1,0,-2,11.9,16.1,0,0,0,0,15.6,21.2,0,0,0,0,3.2,4.5,-1,-2,-5,-10,6.0,7.0,6,7,-3,-3,-6,-6,5,5,0,0,0,0,9,10,3,3,6,6,0,0,S(5) R(4),S(5) R(4),S(5),R(4),,5.0,4.0,,2-0,2,0,0,4,1WR-C,E,10,C,1p50,-2,-25,-27,-2,-25,-13.33333333,4,0,SP,RP,
13182,Max Meyer,0.0,,R,57,17,14,-1,-2,-3,-6,11,5,-1,2,-1,2,17.4,20.0,0,-1,0,-2,28.4,25.0,0,0,0,0,40.2,43.0,-1,-2,-2,-4,14.2,16.0,0,0,0,0,27.4,27.0,-1,-1,-2,-2,3.2,4.0,-1,-2,-5,-10,5.0,7.0,5,7,-2,-3,-4,-6,5,5,0,0,0,0,12,11,3,3,6,6,-1,-1,S(5),S(5),S(5),,,5.0,,,3-26,3,26,0,0,1WL-C,E,10,C,2p30,-11,-22,-33,-11,-22,-13.33333333,3,2,SP,,
12733,Dany Jimenez,0.0,,R,26,24,22,-1,-1,-3,-3,22,33,-3,-3,-3,-3,8.4,5.7,1,2,2,4,30.4,38.7,-1,-2,-5,-10,28.8,22.8,0,1,0,2,2.4,0.0,2,3,2,3,4.8,0.0,2,3,4,6,6.0,5.7,-3,-3,-15,-15,,,8,8,-3,-3,-6,-6,0,0,1,1,1,1,9,9,3,3,6,6,-1,-1,R(1) C(0),R(1) C(0),R(1),C(0),,,1.0,0.0,3-51,3,51,0,0,1WR-C,E,10,C,5p20,-17,-15,-32,-17,-15,-13.33333333,0,3,RP,CP,
12769,Drew Thorpe,0.0,,R,44,6,3,-2,-3,-6,-9,21,12,-3,-2,-3,-2,9.0,6.9,1,2,2,4,30.0,19.0,-1,1,-5,5,20.0,26.3,1,0,2,0,8.0,0.6,1,2,1,2,16.0,1.1,0,2,0,4,1.0,6.3,1,-3,5,-15,,,1,8,2,-3,4,-6,0,0,1,1,1,1,2,2,-2,-2,-4,-4,9,9,S(5),S(5),S(5),,,5.0,,,4-33,4,33,7,0,1WL-C,E,10,C,6p30,-3,-20,-23,-3,-20,-13.33333333,-1,2,SP,,
12693,Clayton Kershaw,0.0,,L,30,34,9,1,-2,3,-6,0,9,3,0,3,0,21.3,31.2,-1,-2,-2,-4,21.3,40.2,1,-2,5,-10,31.7,43.2,0,-2,0,-4,18.7,31.2,-1,-3,-1,-3,21.3,43.2,0,-3,0,-6,2.6,0.0,-1,2,-5,10,3.0,0.0,3,0,0,2,0,4,5,5,0,0,0,0,2,2,-2,-2,-4,-4,-2,-2,S(4),S(4),S(4),,,4.0,,,2-48,2,48,12,14,1WL-C,E,12,C,6p20,-1,-23,-24,-1,-23,-13.66666667,-1,3,SP,,
12901,Jacob Latz,0.2,,L,44,24,18,-1,-1,-3,-3,22,18,-3,-3,-3,-3,16.5,11.8,0,1,0,2,38.6,29.8,-2,-1,-10,-5,20.3,22.6,1,1,2,2,16.5,8.2,-1,1,-1,1,20.3,8.2,0,2,0,4,0.0,3.6,2,-2,10,-10,0.0,6.0,0,6,3,-2,6,-4,5,5,0,0,0,0,2,0,-2,-3,-4,-6,-3,-3,R(1),R(1),R(1),,,,1.0,,4-0,4,0,0,20,1WR-C,E,10,C,4p40,-3,-22,-25,-3,-22,-13.66666667,1,1,RP,,
13027,Jose Suarez,0.0,,L,52,28,24,0,0,0,0,18,15,-3,-3,-3,-3,19.0,20.9,-1,-1,-2,-2,37.0,35.9,-2,-2,-10,-10,36.7,47.3,-1,-2,-2,-4,17.6,18.7,-1,-1,-1,-1,31.1,38.5,-1,-2,-2,-4,1.4,2.2,1,0,5,0,2.0,3.0,2,3,1,0,2,0,5,5,0,0,0,0,4,6,-1,1,-2,2,-6,-6,S(4) R(3) C(0),S(4) R(3) C(0),S(4),R(3),C(0),4.0,3.0,0.0,2-0,2,0,0,3,1WL-C,E,10,C,1p30,-15,-22,-37,-15,-22,-13.66666667,4,2,SP,RP,CP
12642,Cade Povich,0.0,,L,80,10,21,-2,-1,-6,-3,10,12,0,-2,0,-2,15.8,19.4,0,-1,0,-2,25.8,31.4,0,-1,0,-5,34.1,39.0,-1,-1,-2,-2,14.4,16.0,0,0,0,0,28.5,25.4,-1,-1,-2,-2,1.4,3.4,1,-1,5,-5,1.0,6.0,1,6,2,-2,4,-4,5,5,0,0,0,0,3,4,-1,-1,-2,-2,0,0,S(5),S(5),S(5),,,5.0,,,2-0,2,0,0,2,1WL-C,E,10,C,1p40,-3,-27,-30,-3,-27,-14.0,4,1,SP,,
12793,Emilio Pagan,0.31,,R,38,35,37,1,1,3,3,18,0,-3,3,-3,3,13.6,28.3,0,-2,0,-4,31.5,28.3,-1,0,-5,0,51.0,33.3,-2,-1,-4,-2,1.6,28.3,2,-2,2,-2,3.0,33.3,2,-2,4,-4,12.0,0.0,-3,2,-15,10,,0.0,8,0,-3,2,-6,4,0,5,1,0,1,0,2,4,-2,-1,-4,-2,2,2,R(1) C(0),R(1) C(0),R(1),C(0),,,1.0,0.0,3-0,3,0,9,0,1WL-C,E,10,C,5p30,-27,6,-21,-27,6,-14.0,0,2,RP,CP,
12999,Jordan Montgomery,0.0,,L,117,18,8,-1,-2,-3,-6,17,7,-2,1,-2,1,19.0,31.8,-1,-2,-2,-4,36.0,38.8,-1,-2,-5,-10,32.3,50.6,0,-2,0,-4,19.0,30.0,-1,-3,-1,-3,32.3,43.4,-2,-3,-4,-6,0.0,1.8,2,0,10,0,0.0,3.0,0,3,3,0,6,0,5,5,0,0,0,0,6,7,1,2,2,4,2,2,S(5) R(3) C(0),S(5) R(3) C(0),S(5),R(3),C(0),5.0,3.0,0.0,3-12,3,12,0,12,1WL-C,E,10,C,2p60,1,-28,-27,1,-28,-14.33333333,3,1,SP,RP,CP
12981,John Brebbia,0.0,,R,55,37,35,1,1,3,3,14,4,-2,2,-2,2,11.3,21.0,1,-1,2,-2,25.3,25.0,0,0,0,0,34.4,32.9,-1,-1,-2,-2,5.3,18.8,1,-1,1,-1,10.4,24.1,1,-1,2,-2,6.0,2.2,-3,0,-15,0,,3.0,8,3,-3,0,-6,0,0,5,1,0,1,0,0,0,-3,-3,-6,-6,0,0,R(1) C(1),R(1) C(1),R(1),C(1),,,1.0,1.0,4-0,4,0,0,3,1WL-C,E,10,C,2p50,-22,-8,-30,-22,-8,-14.33333333,3,0,RP,CP,
13300,Randy Vasquez,0.23,,R,98,0,18,-3,-1,-9,-3,6,6,1,1,1,1,41.1,19.3,-3,-1,-6,-2,47.1,25.3,-2,0,-10,0,54.5,33.5,-2,-1,-4,-2,39.5,17.3,-3,-1,-3,-1,48.1,25.5,-3,-1,-6,-2,1.6,2.0,1,0,5,0,3.0,3.0,3,3,0,0,0,0,5,5,0,0,0,0,12,12,3,3,6,6,3,3,S(5),S(5),S(5),,,5.0,,,3-0,3,0,6,10,1WR-C,E,10,C,1p50,-26,-3,-29,-26,-3,-14.33333333,4,0,SP,,
12938,Javier Assad,0.49,,R,147,23,10,-1,-2,-3,-6,13,13,-1,-2,-1,-2,17.1,21.4,0,-1,0,-2,30.1,34.3,-1,-1,-5,-5,24.3,40.6,0,-1,0,-2,15.9,18.0,-1,-1,-1,-1,19.5,27.0,0,-1,0,-2,1.2,3.4,1,-1,5,-5,1.0,6.0,1,6,2,-2,4,-4,5,5,0,0,0,0,4,4,-1,-1,-2,-2,-1,-1,S(5),S(5),S(5),,,5.0,,,3-10,3,10,0,7,1WR-C,E,10,C,1p70,-3,-31,-34,-3,-31,-14.66666667,4,3,SP,,
12986,Jon Gray,0.22,,R,103,13,21,-2,-1,-6,-3,12,0,-1,3,-1,3,24.6,21.5,-2,-1,-4,-2,36.6,21.5,-1,1,-5,5,41.2,27.8,-1,0,-2,0,22.4,20.7,-2,-1,-2,-1,32.4,24.6,-2,-1,-4,-2,2.2,0.8,0,1,0,5,2.0,0.0,2,0,1,2,2,4,5,5,0,0,0,0,0,0,-3,-3,-6,-6,-1,-1,S(5) R(3),S(5) R(3),S(5),R(3),,5.0,3.0,,2-0,2,0,0,1,1WR-C,E,10,C,3p60,-28,3,-25,-28,3,-14.66666667,2,1,SP,RP,
13227,Nate Pearson,0.0,,R,66,26,35,0,1,0,3,10,6,0,1,0,1,20.9,17.5,-1,0,-2,0,30.9,23.5,-1,0,-5,0,34.0,38.4,-1,-1,-2,-2,18.3,12.9,-1,0,-1,0,23.6,20.0,-1,0,-2,0,2.6,4.6,-1,-2,-5,-10,4.0,8.0,4,8,-1,-3,-2,-6,5,5,0,0,0,0,3,2,-1,-2,-2,-4,2,2,R(1) C(1),R(1) C(1),R(1),C(1),,,1.0,1.0,5-0,5,0,0,6,1WR-C,E,10,C,1p60,-21,-18,-39,-21,-18,-15.0,4,1,RP,CP,
12868,Hector Neris,0.0,,R,59,31,29,0,0,0,0,22,5,-3,2,-3,2,9.7,21.8,1,-1,2,-2,31.7,26.8,-1,0,-5,0,12.1,49.8,2,-2,4,-4,9.7,16.8,1,-1,1,-1,12.1,29.8,1,-1,2,-2,0.0,5.0,2,-3,10,-15,0.0,8.0,0,8,3,-3,6,-6,5,5,0,0,0,0,0,0,-3,-3,-6,-6,-1,-1,R(1) C(4),R(1) C(4),R(1),C(4),,,1.0,4.0,4-48,4,48,20,7,1WR-C,E,10,C,1p50,11,-34,-23,11,-34,-15.0,4,0,RP,CP,
12850,Graham Ashcraft,0.17,,R,77,8,14,-2,-2,-6,-6,9,7,0,1,0,1,23.9,23.1,-2,-1,-4,-2,32.8,30.1,-1,-1,-5,-5,36.3,36.5,-1,-1,-2,-2,19.9,21.5,-1,-1,-1,-1,20.3,30.1,0,-1,0,-2,4.0,1.6,-2,1,-10,5,3.0,0.0,3,0,0,2,0,4,5,5,0,0,0,0,8,8,2,2,4,4,-1,-1,S(5),S(5),S(5),,,5.0,,,2-51,2,51,0,10,1WL-C,E,10,C,4p40,-24,-4,-28,-24,-4,-15.33333333,1,1,SP,,
12715,Cristian Javier,0.52,,R,35,5,23,-3,-1,-9,-3,23,15,-3,-3,-3,-3,17.8,6.8,0,2,0,4,40.8,21.9,-2,1,-10,5,40.4,16.2,-1,1,-2,2,14.6,6.8,0,1,0,1,27.6,16.2,-1,1,-2,2,3.2,0.0,-1,2,-5,10,5.0,0.0,5,0,-2,2,-4,4,5,5,0,0,0,0,4,5,-1,0,-2,0,2,2,S(5),S(5),S(5),,,5.0,,,4-0,4,0,0,6,1WR-C,E,10,C,6p20,-37,22,-15,-37,22,-15.33333333,-1,3,SP,,
12647,Caleb Thielbar,0.0,,L,47,34,25,1,0,3,0,14,14,-2,-2,-2,-2,15.6,19.8,0,-1,0,-2,29.6,33.8,-1,-1,-5,-5,22.4,33.5,1,-1,2,-2,15.6,16.2,0,0,0,0,22.4,19.1,0,0,0,0,0.0,3.6,2,-2,10,-10,0.0,7.0,0,7,3,-3,6,-6,5,5,0,0,0,0,0,0,-3,-3,-6,-6,4,4,R(1) C(2),R(1) C(2),R(1),C(2),,,1.0,2.0,3-30,3,30,0,8,1WR-C,E,10,C,2p40,8,-33,-25,8,-33,-15.33333333,3,1,RP,CP,
12704,Colten Brewer,0.0,,R,21,49,7,2,-2,6,-6,10,15,0,-3,0,-3,13.4,40.4,0,-3,0,-6,23.4,55.4,0,-3,0,-15,18.6,62.0,1,-3,2,-6,13.4,40.4,0,-3,0,-3,18.6,62.0,0,-3,0,-6,0.0,0.0,2,2,10,10,0.0,0.0,0,0,3,2,6,4,5,5,0,0,0,0,0,0,-3,-3,-6,-6,9,9,R(2) C(0),R(2) C(0),R(2),C(0),,,2.0,0.0,4-51,4,51,0,9,1WR-C,E,10,C,5p20,18,-37,-19,18,-37,-15.66666667,0,3,RP,CP,
12842,George Soriano,0.0,,R,29,21,28,-1,0,-3,0,15,13,-2,-2,-2,-2,15.5,12.6,0,1,0,2,30.5,25.6,-1,0,-5,0,57.0,27.9,-2,0,-4,0,2.5,11.2,2,0,2,0,5.0,22.3,2,0,4,0,13.0,1.4,-3,1,-15,5,,,8,3,-3,0,-6,0,0,0,1,1,1,1,0,0,-3,-3,-6,-6,-2,-2,R(2) C(0),R(2) C(0),R(2),C(0),,,2.0,0.0,2-0,2,0,0,20,1WR-C,E,10,C,1p20,-34,0,-34,-34,0,-15.66666667,4,3,RP,CP,
13211,Mike Baumann,0.0,,R,58,32,18,1,-1,3,-3,15,14,-2,-2,-2,-2,21.0,13.7,-1,0,-2,0,36.0,27.7,-1,0,-5,0,40.9,29.3,-1,0,-2,0,18.8,10.9,-1,1,-1,1,32.1,18.1,-2,0,-4,0,2.2,2.8,0,-1,0,-5,4.0,4.0,4,4,-1,-1,-2,-2,5,5,0,0,0,0,0,0,-3,-3,-6,-6,1,1,R(1),R(1),R(1),,,,1.0,,4-50,4,50,0,20,1WR-C,E,10,C,1p50,-21,-17,-38,-21,-17,-15.66666667,4,0,RP,,
13024,Jose Ruiz,0.28,,R,51,30,24,0,0,0,0,3,11,2,-1,2,-1,29.0,13.3,-2,0,-4,0,32.0,24.4,-1,0,-5,0,52.2,18.1,-2,1,-4,2,24.0,11.9,-2,0,-2,0,32.2,12.5,-2,1,-4,2,5.0,1.4,-3,1,-15,5,7.0,1.0,7,1,-3,2,-6,4,5,5,0,0,0,0,3,9,-1,3,-2,6,-2,-2,R(1) C(0),R(1) C(0),R(1),C(0),,,1.0,0.0,4-0,4,0,0,0,1WR-C,E,10,C,1p40,-40,18,-22,-40,18,-15.66666667,4,1,RP,CP,
12840,Genesis Cabrera,0.0,,L,63,13,14,-2,-2,-6,-6,10,13,0,-2,0,-2,14.4,22.3,0,-1,0,-2,24.5,35.3,0,-2,0,-10,34.7,33.0,-1,-1,-2,-2,9.1,20.3,1,-1,1,-1,13.5,25.0,1,-1,2,-2,5.3,2.0,-3,0,-15,0,8.0,3.0,8,3,-3,0,-6,0,5,5,0,0,0,0,14,12,3,3,6,6,9,9,R(1) C(1),R(1) C(1),R(1),C(1),,,1.0,1.0,4-0,4,0,9,6,1WL-C,E,10,C,1p50,-20,-19,-39,-20,-19,-15.66666667,4,0,RP,CP,
13287,Peter Lambert,0.0,,R,61,19,13,-1,-2,-3,-6,12,13,-1,-2,-1,-2,25.9,26.2,-2,-2,-4,-4,37.9,39.2,-2,-2,-10,-10,42.3,38.6,-1,-1,-2,-2,24.7,25.0,-2,-2,-2,-2,37.5,33.8,-2,-2,-4,-4,1.2,1.2,1,1,5,5,2.0,2.0,2,2,1,1,2,2,5,5,0,0,0,0,4,6,-1,1,-2,2,1,1,S(4) R(3),S(4) R(3),S(4),R(3),,4.0,3.0,,3-47,3,47,0,17,1WR-C,E,10,C,1p40,-21,-21,-42,-21,-21,-16.0,4,1,SP,RP,
13291,Quinn Priester,0.0,,R,50,0,21,-3,-1,-9,-3,14,0,-2,3,-2,3,27.5,13.0,-2,1,-4,2,41.5,13.0,-2,2,-10,10,39.5,20.3,-1,1,-2,2,24.5,11.6,-2,0,-2,0,27.5,14.7,-1,1,-2,2,3.0,1.4,-1,1,-5,5,4.0,3.0,4,3,-1,0,-2,0,5,5,0,0,0,0,3,3,-1,-1,-2,-2,-1,-1,S(5) R(4),S(5) R(4),S(5),R(4),,5.0,4.0,,4-51,4,51,0,3,1WR-C,E,10,C,3p30,-40,19,-21,-40,19,-16.33333333,2,2,SP,RP,
13453,Tyler Kinley,0.0,,R,64,30,33,0,1,0,3,18,13,-3,-2,-3,-2,16.0,11.5,0,1,0,2,34.0,24.5,-1,0,-5,0,37.7,26.4,-1,0,-2,0,12.8,8.7,0,1,0,1,24.9,15.2,-1,1,-2,2,3.2,2.8,-1,-1,-5,-5,5.0,4.0,5,4,-2,-1,-4,-2,5,5,0,0,0,0,0,0,-3,-3,-6,-6,6,6,R(1) C(4),R(1) C(4),R(1),C(4),,,1.0,4.0,4-22,4,22,0,20,1WR-C,E,10,C,1p50,-27,-7,-34,-27,-7,-16.33333333,4,0,RP,CP,
12674,Chris Flexen,0.45,,R,160,18,10,-1,-2,-3,-6,9,12,0,-2,0,-2,18.1,25.0,-1,-2,-2,-4,27.1,37.0,0,-2,0,-10,38.6,39.4,-1,-1,-2,-2,14.7,23.6,0,-2,0,-2,25.0,33.8,-1,-2,-2,-4,3.4,1.4,-2,1,-10,5,6.0,1.0,6,1,-3,2,-6,4,5,5,0,0,0,0,5,5,0,0,0,0,-4,-4,S(5) R(4),S(5) R(4),S(5),R(4),,5.0,4.0,,2-0,2,0,5,5,1WR-C,E,10,C,1p70,-25,-21,-46,-25,-21,-16.66666667,4,3,SP,RP,
13163,Mason Englert,0.0,,R,22,0,30,-3,0,-9,0,0,3,3,2,3,2,33.8,14.9,-3,0,-6,0,33.8,17.9,-1,1,-5,5,77.1,38.3,-3,-1,-6,-2,32.0,10.6,-3,1,-3,1,69.9,21.1,-3,0,-6,0,1.8,4.3,0,-2,0,-10,,,3,8,0,-3,0,-6,0,0,1,1,1,1,5,5,0,0,0,0,-1,-1,R(2),R(2),R(2),,,,2.0,,3-0,3,0,0,20,1WS-C,E,10,C,1p20,-31,-9,-40,-31,-9,-16.66666667,4,3,RP,,
13293,Rafael Montero,0.0,,R,38,0,13,-3,-2,-9,-6,19,14,-3,-2,-3,-2,18.5,11.0,-1,1,-2,2,37.5,25.0,-2,0,-10,0,49.3,16.5,-2,1,-4,2,9.7,9.6,1,1,1,1,14.1,10.9,1,1,2,2,8.8,1.4,-3,1,-15,5,8.0,2.0,8,2,-3,1,-6,2,5,5,0,0,0,0,12,12,3,3,6,6,9,9,R(1),R(1),R(1),,,,1.0,,3-38,3,38,0,0,1WR-C,E,10,C,1p30,-40,12,-28,-40,12,-16.66666667,4,2,RP,,
13171,Matt Moore,0.0,,L,48,13,21,-2,-1,-6,-3,12,20,-1,-3,-1,-3,5.3,9.1,2,1,4,2,17.4,29.0,1,-1,5,-5,18.1,25.9,1,0,2,0,1.0,4.6,2,2,2,2,0.9,7.9,2,2,4,4,4.3,4.5,-2,-2,-10,-10,8.0,,8,8,-3,-3,-6,-6,5,0,0,1,0,1,0,0,-3,-3,-6,-6,6,6,R(1) C(0),R(1) C(0),R(1),C(0),,,1.0,0.0,3-0,3,0,0,4,1WL-C,E,10,C,3p40,-12,-24,-36,-12,-24,-17.0,2,1,RP,CP,
12504,Adam Ottavino,0.0,,R,56,27,44,0,2,0,6,15,10,-2,-1,-2,-1,23.0,10.1,-1,1,-2,2,38.0,20.1,-2,1,-10,5,48.7,10.1,-2,2,-4,4,19.0,10.1,-1,1,-1,1,32.7,10.1,-2,1,-4,2,4.0,0.0,-2,2,-10,10,6.0,0.0,6,0,-3,2,-6,4,5,5,0,0,0,0,0,0,-3,-3,-6,-6,9,9,R(1) C(0),R(1) C(0),R(1),C(0),,,1.0,0.0,5-0,5,0,0,19,1WS-C,E,10,C,1p50,-45,27,-18,-45,27,-17.0,4,0,RP,CP,
13236,Nick Anderson,0.24,,R,36,20,15,-1,-2,-3,-6,14,10,-2,-1,-2,-1,8.9,28.3,1,-2,2,-4,22.9,38.3,0,-2,0,-10,15.9,67.6,1,-3,2,-6,8.9,20.3,1,-1,1,-1,15.9,35.6,0,-2,0,-4,0.0,8.0,2,-3,10,-15,0.0,,0,8,3,-3,6,-6,5,0,0,1,0,1,9,9,3,3,6,6,0,0,R(1) C(0),R(1) C(0),R(1),C(0),,,1.0,0.0,2-0,2,0,0,5,1WR-C,E,10,C,1p30,22,-46,-24,22,-46,-17.33333333,4,2,RP,CP,
12810,Ethan Roberts,0.32,,R,27,33,13,1,-2,3,-6,10,10,0,-1,0,-1,24.8,29.9,-2,-2,-4,-4,34.8,39.8,-1,-2,-5,-10,32.5,43.2,0,-2,0,-4,24.4,27.5,-2,-2,-2,-2,30.9,33.6,-1,-2,-2,-4,0.4,2.4,2,0,10,0,0.0,4.0,0,4,3,-1,6,-2,5,5,0,0,0,0,0,2,-3,-2,-6,-4,-6,-6,R(2),R(2),R(2),,,,2.0,,3-0,3,0,0,7,1WR-C,E,10,C,1p20,0,-37,-37,0,-37,-17.66666667,4,3,RP,,
12761,DL Hall,0.0,,L,43,26,25,0,0,0,0,8,17,0,-3,0,-3,20.0,25.5,-1,-2,-2,-4,28.0,42.5,0,-2,0,-10,26.5,34.5,0,-1,0,-2,20.0,22.5,-1,-2,-1,-2,26.5,22.5,-1,0,-2,0,0.0,3.0,2,-1,10,-5,0.0,4.0,0,4,3,-1,6,-2,5,5,0,0,0,0,5,0,0,-3,0,-6,-2,-2,S(4) R(3),S(4) R(3),S(4),R(3),,4.0,3.0,,2-0,2,0,0,4,1WL-C,E,10,C,6p30,11,-34,-23,11,-34,-18.0,-1,2,SP,RP,
13133,Luis Medina,0.34,,R,40,11,19,-2,-1,-6,-3,14,16,-2,-3,-2,-3,14.4,26.3,0,-2,0,-4,28.5,42.3,0,-2,0,-10,19.3,43.5,1,-2,2,-4,13.6,25.1,0,-2,0,-2,16.1,38.7,0,-2,0,-4,0.8,1.2,2,1,10,5,1.0,3.0,1,3,2,0,4,0,5,5,0,0,0,0,0,0,-3,-3,-6,-6,-3,-3,S(5),S(5),S(5),,,5.0,,,3-36,3,36,0,20,1WR-C,E,10,C,6p20,2,-31,-29,2,-31,-18.0,-1,3,SP,,
13391,Steven Matz,0.0,,L,44,2,17,-3,-1,-9,-3,2,10,2,-1,2,-1,16.8,26.0,0,-2,0,-4,18.8,36.0,1,-2,5,-10,31.5,42.3,0,-2,0,-4,16.8,21.9,-1,-2,-1,-2,31.5,25.9,-2,-1,-4,-2,0.0,4.1,2,-2,10,-10,0.0,8.0,0,8,3,-3,6,-6,5,5,0,0,0,0,12,11,3,3,6,6,-2,-2,S(5) R(3),S(5) R(3),S(5),R(3),,5.0,3.0,,2-33,2,33,0,4,1WR-C,E,10,C,6p30,15,-36,-21,15,-36,-18.0,-1,2,SP,RP,
13393,Steven Wilson,0.0,,R,35,22,27,-1,0,-3,0,30,13,-3,-2,-3,-2,5.5,10.6,2,1,4,2,35.5,23.6,-1,0,-5,0,22.0,29.3,1,0,2,0,0.0,6.5,3,1,3,1,0.0,12.9,3,1,6,2,5.5,4.1,-3,-2,-15,-10,,,8,7,-3,-3,-6,-6,0,0,1,1,1,1,0,0,-3,-3,-6,-6,0,0,R(1),R(1),R(1),,,,1.0,,3-0,3,0,9,5,1WR-C,E,10,C,5p30,-22,-18,-40,-22,-18,-18.66666667,0,2,RP,,
12700,Colin Poche,0.64,,L,37,22,20,-1,-1,-3,-3,18,0,-3,3,-3,3,17.3,7.6,0,2,0,4,35.3,7.6,-1,2,-5,10,33.8,18.4,-1,1,-2,2,11.8,4.0,0,2,0,2,11.8,4.0,1,2,2,4,5.5,3.6,-3,-2,-15,-10,8.0,5.0,8,5,-3,-2,-6,-4,5,5,0,0,0,0,3,4,-1,-1,-2,-2,0,0,R(1) C(1),R(1) C(1),R(1),C(1),,,1.0,1.0,3-0,3,0,0,5,1WL-C,E,10,C,5p30,-34,6,-28,-34,6,-18.66666667,0,2,RP,CP,
12523,Alex Faedo,0.3,,R,57,24,26,-1,0,-3,0,13,21,-1,-3,-1,-3,4.8,17.6,2,0,4,0,17.9,38.6,1,-2,5,-10,11.2,35.6,2,-1,4,-2,3.6,13.1,2,0,2,0,6.4,17.6,2,0,4,0,1.2,4.5,1,-2,5,-10,,7.0,2,7,1,-3,2,-6,0,5,1,0,1,0,0,0,-3,-3,-6,-6,-3,-3,S(1) R(1),S(1) R(1),S(1),R(1),,1.0,1.0,,2-26,2,26,0,15,1WR-C,E,10,C,5p50,17,-37,-20,17,-37,-19.0,0,0,SP,RP,
13032,Josh Fleming,0.0,,L,31,15,0,-2,-3,-6,-9,19,10,-3,-1,-3,-1,25.5,14.8,-2,0,-4,0,44.5,24.8,-2,0,-10,0,46.8,17.0,-2,1,-4,2,21.5,14.8,-2,0,-2,0,30.8,17.0,-1,0,-2,0,4.0,0.0,-2,2,-10,10,6.0,0.0,6,0,-3,2,-6,4,5,5,0,0,0,0,6,12,1,3,2,6,-3,-3,S(4) R(3) C(0),S(4) R(3) C(0),S(4),R(3),C(0),4.0,3.0,0.0,2-0,2,0,0,6,1WL-C,E,10,C,1p20,-45,12,-33,-45,12,-19.0,4,3,SP,RP,CP
12722,Dane Dunning,0.0,,R,95,23,21,-1,-1,-3,-3,14,9,-2,0,-2,0,18.0,20.1,0,-1,0,-2,32.0,29.1,-1,-1,-5,-5,39.8,31.3,-1,0,-2,0,13.7,17.5,0,-1,0,-1,22.6,20.9,0,0,0,0,4.3,2.6,-2,-1,-10,-5,5.0,4.0,5,4,-2,-1,-4,-2,5,5,0,0,0,0,6,5,1,0,2,0,0,0,S(5) R(3),S(5) R(3),S(5),R(3),,5.0,3.0,,2-15,2,15,0,4,1WR-C,E,10,C,2p50,-24,-18,-42,-24,-18,-19.0,3,0,SP,RP,
13276,Paul Blackburn,0.29,,R,75,21,11,-1,-2,-3,-6,2,9,2,0,2,0,15.5,24.5,0,-2,0,-4,17.5,33.5,1,-1,5,-5,24.7,47.8,0,-2,0,-4,14.1,19.3,0,-1,0,-1,19.1,27.0,0,-1,0,-2,1.4,5.2,1,-3,5,-15,2.0,8.0,2,8,1,-3,2,-6,5,5,0,0,0,0,9,8,3,2,6,4,-1,-1,S(6),S(6),S(6),,,6.0,,,2-19,2,19,0,0,1WR-C,E,10,C,5p40,17,-39,-22,17,-39,-19.33333333,0,1,SP,,
12671,Chase Anderson,0.0,,R,58,10,14,-2,-2,-6,-6,12,6,-1,1,-1,1,13.6,14.2,0,0,0,0,25.6,20.2,0,1,0,5,25.1,37.1,0,-1,0,-2,10.6,9.0,0,1,0,1,13.1,16.3,1,0,2,0,3.0,5.2,-1,-3,-5,-15,6.0,,6,8,-3,-3,-6,-6,5,0,0,1,0,1,0,0,-3,-3,-6,-6,1,1,R(3) C(3),R(3) C(3),R(3),C(3),,,3.0,3.0,3-0,3,0,0,11,1WR-C,E,12,C,1p30,-22,-27,-49,-22,-27,-19.33333333,4,2,RP,CP,
12768,Drew Smyly,0.0,,L,59,16,25,-2,0,-6,0,10,11,0,-1,0,-1,20.5,16.6,-1,0,-2,0,30.5,27.6,-1,0,-5,0,26.5,33.9,0,-1,0,-2,18.5,12.3,-1,0,-1,0,18.5,16.7,0,0,0,0,2.0,4.3,0,-2,0,-10,3.0,8.0,3,8,0,-3,0,-6,5,5,0,0,0,0,1,0,-2,-3,-4,-6,0,0,R(2),R(2),R(2),,,,2.0,,4-24,4,24,0,18,1WL-C,E,10,C,3p40,-18,-25,-43,-18,-25,-19.66666667,2,1,RP,,
12907,Jake Bird,0.32,,R,40,15,11,-2,-2,-6,-6,12,26,-1,-3,-1,-3,23.6,15.7,-1,0,-2,0,35.6,41.7,-1,-2,-5,-10,48.5,22.0,-2,1,-4,2,19.3,15.7,-1,0,-1,0,31.3,22.0,-1,0,-2,0,4.3,0.0,-2,2,-10,10,8.0,0.0,8,0,-3,2,-6,4,5,5,0,0,0,0,7,7,2,2,4,4,1,1,R(2) C(0),R(2) C(0),R(2),C(0),,,2.0,0.0,2-0,2,0,0,4,1WR-C,E,10,C,5p30,-33,1,-32,-33,1,-19.66666667,0,2,RP,CP,
12509,Adrian Houser,0.0,,R,69,2,12,-3,-2,-9,-6,16,12,-2,-2,-2,-2,22.0,23.5,-1,-1,-2,-2,38.0,35.5,-2,-2,-10,-10,40.8,36.5,-1,-1,-2,-2,19.8,22.9,-1,-2,-1,-2,32.0,34.1,-2,-2,-4,-4,2.2,0.6,0,2,0,10,3.0,1.0,3,1,0,2,0,4,5,5,0,0,0,0,5,5,0,0,0,0,3,3,S(5) R(3) C(0),S(5) R(3) C(0),S(5),R(3),C(0),5.0,3.0,0.0,2-0,2,0,0,5,1WR-C,E,10,C,1p40,-30,-14,-44,-30,-14,-19.66666667,4,1,SP,RP,CP
12974,Joey Estes,0.25,,R,128,12,14,-2,-2,-6,-6,5,0,2,3,2,3,13.1,22.8,0,-1,0,-2,18.1,22.8,1,0,5,0,33.9,44.9,-1,-2,-2,-4,9.3,19.0,1,-1,1,-1,18.7,29.7,0,-1,0,-2,3.8,3.8,-2,-2,-10,-10,8.0,8.0,8,8,-3,-3,-6,-6,5,5,0,0,0,0,3,4,-1,-1,-2,-2,-2,-2,S(5),S(5),S(5),,,5.0,,,4-0,4,0,0,4,1WR-C,E,10,C,1p65,-18,-30,-48,-18,-30,-20.0,4,2,SP,,
13065,Keaton Winn,0.0,,R,55,28,14,0,-2,0,-6,12,8,-1,0,-1,0,12.4,24.9,1,-2,2,-4,24.5,32.8,0,-1,0,-5,32.9,49.6,-1,-2,-2,-4,9.6,21.5,1,-1,1,-1,21.7,36.0,0,-2,0,-4,2.8,3.4,-1,-1,-5,-5,5.0,7.0,5,7,-2,-3,-4,-6,5,5,0,0,0,0,7,7,2,2,4,4,3,3,S(5),S(5),S(5),,,5.0,,,2-0,2,0,0,3,1WR-C,E,10,C,5p30,-5,-31,-36,-5,-31,-20.33333333,0,2,SP,,
12683,Christian Scott,0.29,,R,47,14,23,-2,-1,-6,-3,2,8,2,0,2,0,29.0,9.4,-2,1,-4,2,31.0,17.4,-1,1,-5,5,51.5,18.8,-2,1,-4,2,24.5,7.6,-2,1,-2,1,33.5,11.6,-2,1,-4,2,4.5,1.8,-2,0,-10,0,8.0,3.0,8,3,-3,0,-6,0,5,5,0,0,0,0,5,7,0,2,0,4,-3,-3,S(5),S(5),S(5),,,5.0,,,3-0,3,0,0,0,1WR-C,E,10,C,6p30,-39,13,-26,-39,13,-20.66666667,-1,2,SP,,
13072,Kenta Maeda,0.0,,R,112,25,14,0,-2,0,-6,7,5,1,2,1,2,20.4,22.4,-1,-1,-2,-2,27.4,27.4,0,0,0,0,37.7,41.7,-1,-2,-2,-4,17.6,17.9,-1,-1,-1,-1,26.5,23.7,-1,-1,-2,-2,2.8,4.5,-1,-2,-5,-10,5.0,8.0,5,8,-2,-3,-4,-6,5,5,0,0,0,0,4,5,-1,0,-2,0,2,2,S(5) R(4),S(5) R(4),S(5),R(4),,5.0,4.0,,3-26,3,26,0,5,1WR-C,E,12,C,2p60,-17,-29,-46,-17,-29,-21.0,3,1,SP,RP,
12806,Erik Swanson,0.0,,R,39,27,20,0,-1,0,-3,11,8,-1,0,-1,0,13.8,14.4,0,0,0,0,24.8,22.4,0,0,0,0,50.8,38.2,-2,-1,-4,-2,2.0,9.6,2,1,2,1,3.6,19.0,2,0,4,0,11.8,4.8,-3,-2,-15,-10,,,8,8,-3,-3,-6,-6,0,0,1,1,1,1,0,0,-3,-3,-6,-6,-1,-1,R(1),R(1),R(1),,,,1.0,,2-36,2,36,9,0,1WR-C,E,10,C,2p40,-25,-25,-50,-25,-25,-21.0,3,1,RP,,
13152,Marco Gonzales,0.67,,L,34,14,7,-2,-2,-6,-6,9,6,0,1,0,1,25.0,28.5,-2,-2,-4,-4,34.0,34.5,-1,-1,-5,-5,58.5,40.3,-3,-1,-6,-2,13.8,28.1,0,-2,0,-2,13.7,38.7,1,-2,2,-4,11.2,0.4,-3,2,-15,10,8.0,0.0,8,0,-3,2,-6,4,5,5,0,0,0,0,10,12,3,3,6,6,-2,-2,S(5),S(5),S(5),,,5.0,,,2-0,2,0,0,0,1WL-C,E,10,C,6p20,-34,-2,-36,-34,-2,-21.33333333,-1,3,SP,,
13141,Luke Jackson,0.0,,R,53,25,34,0,1,0,3,21,12,-3,-2,-3,-2,18.8,18.6,-1,-1,-2,-2,39.8,30.6,-2,-1,-10,-5,31.6,27.6,0,0,0,0,15.4,17.6,0,-1,0,-1,18.0,23.6,0,-1,0,-2,3.4,1.0,-2,1,-10,5,6.0,2.0,6,2,-3,1,-6,2,5,5,0,0,0,0,1,4,-2,-1,-4,-2,0,0,R(1),R(1),R(1),,,,1.0,,3-27,3,27,0,20,1WR-C,E,10,C,2p50,-35,-4,-39,-35,-4,-21.66666667,3,0,RP,,
12592,Bradley Blalock,0.0,,R,31,6,4,-2,-3,-6,-9,20,21,-3,-3,-3,-3,20.9,15.9,-1,0,-2,0,40.9,37.0,-2,-2,-10,-10,43.7,23.6,-2,1,-4,2,18.7,15.5,-1,0,-1,0,34.9,22.0,-2,0,-4,0,2.2,0.4,0,2,0,10,4.0,0.0,4,0,-1,2,-2,4,5,5,0,0,0,0,0,1,-3,-2,-6,-4,6,6,S(5) R(3),S(5) R(3),S(5),R(3),,5.0,3.0,,4-0,4,0,0,0,1WR-C,E,10,C,1p20,-38,-10,-48,-38,-10,-21.66666667,4,3,SP,RP,
13060,Justin Verlander,0.0,,R,90,22,10,-1,-2,-3,-6,7,6,1,1,1,1,15.3,30.2,0,-2,0,-4,22.3,36.2,1,-2,5,-10,32.3,41.3,0,-1,0,-2,10.8,28.8,0,-2,0,-2,14.3,35.7,1,-2,2,-4,4.5,1.4,-2,1,-10,5,7.0,2.0,7,2,-3,1,-6,2,5,5,0,0,0,0,0,0,-3,-3,-6,-6,0,0,S(5),S(5),S(5),,,5.0,,,3-0,3,0,4,4,1WR-C,E,10,C,4p50,-17,-26,-43,-17,-26,-22.0,1,0,SP,,
12800,Enyel De Los Santos,0.05,,R,64,18,31,-1,0,-3,0,14,9,-2,0,-2,0,17.6,16.6,0,0,0,0,31.6,25.6,-1,0,-5,0,49.3,43.3,-2,-2,-4,-4,10.0,11.1,1,1,1,1,18.9,21.3,0,0,0,0,7.6,5.5,-3,-3,-15,-15,8.0,8.0,8,8,-3,-3,-6,-6,5,5,0,0,0,0,7,7,2,2,4,4,-3,-3,R(1) C(1),R(1) C(1),R(1),C(1),,,1.0,1.0,2-22,2,22,0,6,1WR-C,E,10,C,1p50,-30,-20,-50,-30,-20,-22.66666667,4,0,RP,CP,
13442,Triston McKenzie,0.0,,R,76,20,22,-1,-1,-3,-3,15,29,-2,-3,-2,-3,9.3,11.9,1,1,2,2,24.3,41.0,0,-2,0,-10,25.8,33.7,0,-1,0,-2,4.8,5.3,2,2,2,2,7.8,7.3,1,2,2,4,4.5,6.6,-2,-3,-10,-15,8.0,8.0,8,8,-3,-3,-6,-6,5,5,0,0,0,0,10,0,3,-3,6,-6,3,3,S(5),S(5),S(5),,,5.0,,,4-19,4,19,0,14,1WR-C,E,10,C,1p40,-9,-37,-46,-9,-37,-22.66666667,4,1,SP,,
13091,Kyle Freeland,0.0,,L,113,12,14,-2,-2,-6,-6,2,3,2,2,2,2,25.1,24.4,-2,-2,-4,-4,27.1,27.4,0,0,0,0,45.5,44.3,-2,-2,-4,-4,21.5,20.8,-2,-1,-2,-1,31.1,29.9,-1,-1,-2,-2,3.6,3.6,-2,-2,-10,-10,6.0,5.0,6,5,-3,-2,-6,-4,5,5,0,0,0,0,9,8,3,2,6,4,-1,-1,S(5),S(5),S(5),,,5.0,,,3-13,3,13,0,1,1WL-C,E,13,C,3p60,-26,-25,-51,-26,-25,-22.66666667,2,1,SP,,
12940,Jay Jackson,0.0,,R,26,29,28,0,0,0,0,8,9,0,0,0,0,24.7,13.5,-2,0,-4,0,32.7,22.5,-1,0,-5,0,74.8,29.8,-3,0,-6,0,10.6,11.1,0,1,0,1,18.4,20.2,0,0,0,0,14.1,2.4,-3,0,-15,0,8.0,3.0,8,3,-3,0,-6,0,5,5,0,0,0,0,0,0,-3,-3,-6,-6,2,2,R(2),R(2),R(2),,,,2.0,,3-0,3,0,0,0,1WR-C,E,10,C,1p20,-42,-5,-47,-42,-5,-22.66666667,4,3,RP,,
13389,Stephen Kolek,0.0,,R,47,11,18,-2,-1,-6,-3,2,5,2,2,2,2,25.0,34.2,-2,-3,-4,-6,27.0,39.2,0,-2,0,-10,25.2,49.1,0,-2,0,-4,25.0,32.0,-2,-3,-2,-3,25.2,40.3,-1,-2,-2,-4,0.0,2.2,2,0,10,0,0.0,4.0,0,4,3,-1,6,-2,5,5,0,0,0,0,0,0,-3,-3,-6,-6,-2,-2,R(2),R(2),R(2),,,,2.0,,3-0,3,0,0,8,1WR-C,E,10,C,5p30,-2,-36,-38,-2,-36,-22.66666667,0,2,RP,,
12651,Carlos Carrasco,0.0,,R,104,22,16,-1,-2,-3,-6,12,3,-1,2,-1,2,19.8,25.8,-1,-2,-2,-4,31.8,28.8,-1,-1,-5,-5,39.8,51.8,-1,-2,-2,-4,16.8,21.5,-1,-1,-1,-1,27.8,34.6,-1,-2,-2,-4,3.0,4.3,-1,-2,-5,-10,4.0,8.0,4,8,-1,-3,-2,-6,5,5,0,0,0,0,11,12,3,3,6,6,-1,-1,S(5),S(5),S(5),,,5.0,,,2-14,2,14,0,10,1WR-C,E,10,C,2p60,-17,-32,-49,-17,-32,-23.0,3,1,SP,,
12676,Chris Paddack,0.2,,R,88,13,27,-2,0,-6,0,4,3,2,2,2,2,28.4,20.6,-2,-1,-4,-2,32.4,23.6,-1,0,-5,0,39.9,37.5,-1,-1,-2,-2,25.4,17.4,-2,-1,-2,-1,27.9,24.7,-1,-1,-2,-2,3.0,3.2,-1,-1,-5,-5,4.0,5.0,4,5,-1,-2,-2,-4,5,5,0,0,0,0,4,4,-1,-1,-2,-2,-3,-3,S(5),S(5),S(5),,,5.0,,,4-0,4,0,0,7,1WR-C,E,10,C,4p50,-28,-16,-44,-28,-16,-23.0,1,0,SP,,
13305,Reid Detmers,0.0,,L,87,33,31,1,0,3,0,19,10,-3,-1,-3,-1,12.5,23.4,0,-1,0,-2,31.5,33.3,-1,-1,-5,-5,34.2,42.1,-1,-2,-2,-4,8.4,20.2,1,-1,1,-1,17.8,29.3,0,-1,0,-2,4.1,3.2,-2,-1,-10,-5,7.0,6.0,7,6,-3,-2,-6,-4,5,5,0,0,0,0,1,1,-2,-2,-4,-4,4,4,S(5),S(5),S(5),,,5.0,,,4-0,4,0,0,9,1WL-C,E,10,C,1p50,-26,-28,-54,-26,-28,-23.33333333,4,0,SP,,
12851,Grant Anderson,0.0,,R,27,26,29,0,0,0,0,3,6,2,1,2,1,29.1,27.2,-2,-2,-4,-4,32.1,33.2,-1,-1,-5,-5,105.3,37.9,-3,-1,-6,-2,3.7,23.6,2,-2,2,-2,3.7,23.5,2,-1,4,-2,25.4,3.6,-3,-2,-15,-10,8.0,6.0,8,6,-3,-2,-6,-4,5,5,0,0,0,0,5,3,0,-1,0,-2,4,4,R(2) C(0),R(2) C(0),R(2),C(0),,,2.0,0.0,4-0,4,0,0,0,1WR-C,E,10,C,2p20,-28,-30,-58,-28,-30,-23.33333333,3,3,RP,CP,
13371,Shawn Armstrong,0.0,,R,67,18,26,-1,0,-3,0,7,12,1,-2,1,-2,39.7,17.9,-3,0,-6,0,46.7,29.9,-2,-1,-10,-5,66.7,22.2,-3,1,-6,2,37.1,17.9,-3,-1,-3,-1,56.3,22.2,-3,0,-6,0,2.6,0.0,-1,2,-5,10,4.0,0.0,4,0,-1,2,-2,4,5,5,0,0,0,0,0,4,-3,-1,-6,-2,4,4,S(1) R(1) C(0),S(1) R(1) C(0),S(1),R(1),C(0),1.0,1.0,0.0,4-0,4,0,4,2,1WR-C,E,10,C,1p60,-46,6,-40,-46,6,-23.66666667,4,1,SP,RP,CP
13358,Scott McGough,0.0,,R,33,10,13,-2,-2,-6,-6,40,12,-3,-2,-3,-2,11.6,24.7,1,-2,2,-4,51.6,36.7,-3,-2,-15,-10,19.1,71.0,1,-3,2,-6,11.6,16.2,0,0,0,0,19.1,37.0,0,-2,0,-4,0.0,8.5,2,-3,10,-15,0.0,,0,8,3,-3,6,-6,5,0,0,1,0,1,10,9,3,3,6,6,4,4,S(1) R(1),S(1) R(1),S(1),R(1),,1.0,1.0,,3-0,3,0,9,6,1WR-C,E,10,C,1p30,2,-46,-44,2,-46,-24.0,4,2,SP,RP,
12637,Bryse Wilson,0.37,,R,105,15,16,-2,-2,-6,-6,13,1,-1,3,-1,3,20.3,19.1,-1,-1,-2,-2,33.3,20.1,-1,1,-5,5,34.5,29.9,-1,0,-2,0,16.9,15.5,-1,0,-1,0,20.9,15.5,0,1,0,2,3.4,3.6,-2,-2,-10,-10,5.0,6.0,5,6,-2,-2,-4,-4,5,5,0,0,0,0,4,0,-1,-3,-2,-6,0,0,S(4) R(4),S(4) R(4),S(4),R(4),,4.0,4.0,,3-0,3,0,3,6,1WR-C,E,10,C,2p60,-33,-18,-51,-33,-18,-24.0,3,1,SP,RP,
13254,Noah Davis,0.0,,R,20,13,7,-2,-2,-6,-6,11,4,-1,2,-1,2,20.5,50.2,-1,-3,-2,-6,31.5,54.2,-1,-3,-5,-15,35.6,64.9,-1,-3,-2,-6,19.1,47.8,-1,-3,-1,-3,30.0,55.3,-1,-3,-2,-6,1.4,2.4,1,0,5,0,1.0,4.0,1,4,2,-1,4,-2,5,5,0,0,0,0,5,5,0,0,0,0,-1,-1,R(3),R(3),R(3),,,,3.0,,3-0,3,0,0,0,1WR-C,E,10,C,1p20,-10,-42,-52,-10,-42,-24.33333333,4,3,RP,,
12619,Brock Burke,0.0,,L,34,13,43,-2,2,-6,6,17,8,-2,0,-2,0,30.3,16.0,-2,0,-4,0,47.3,24.0,-3,0,-15,0,53.2,34.6,-2,-1,-4,-2,27.3,15.2,-2,0,-2,0,41.2,31.4,-2,-2,-4,-4,3.0,0.8,-1,1,-5,5,4.0,0.0,4,0,-1,2,-2,4,5,5,0,0,0,0,5,5,0,0,0,0,-1,-1,R(1),R(1),R(1),,,,1.0,,3-0,3,0,0,0,1WL-C,E,10,C,5p30,-44,9,-35,-44,9,-24.33333333,0,2,RP,,
13392,Steven Okert,0.0,,L,35,23,21,-1,-1,-3,-3,6,12,1,-2,1,-2,13.0,23.2,0,-1,0,-2,19.0,35.2,1,-2,5,-10,22.8,47.3,1,-2,2,-4,12.0,17.9,0,-1,0,-1,18.8,26.1,0,-1,0,-2,1.0,5.3,1,-3,5,-15,0.0,8.0,0,8,3,-3,6,-6,5,5,0,0,0,0,0,0,-3,-3,-6,-6,4,4,R(1) C(0),R(1) C(0),R(1),C(0),,,1.0,0.0,3-0,3,0,0,11,1WL-C,E,10,C,1p30,10,-51,-41,10,-51,-24.66666667,4,2,RP,CP,
13197,Michael Petersen,0.0,,R,20,7,12,-2,-2,-6,-6,28,9,-3,0,-3,0,13.1,22.8,0,-1,0,-2,41.1,31.8,-2,-1,-10,-5,26.3,44.2,0,-2,0,-4,11.3,19.6,0,-1,0,-1,19.1,31.4,0,-2,0,-4,1.8,3.2,0,-1,0,-5,,5.0,2,5,1,-2,2,-4,0,5,1,0,1,0,0,0,-3,-3,-6,-6,2,2,R(2),R(2),R(2),,,,2.0,,3-0,3,0,16,0,1WR-C,E,10,C,1p20,-22,-37,-59,-22,-37,-25.0,4,3,RP,,
12528,Alex Wood,0.0,,L,39,13,16,-2,-2,-6,-6,5,17,2,-3,2,-3,35.6,17.7,-3,0,-6,0,40.6,34.7,-2,-2,-10,-10,48.3,33.0,-2,-1,-4,-2,35.0,15.3,-3,0,-3,0,45.9,23.4,-3,0,-6,0,0.6,2.4,2,0,10,0,1.0,5.0,1,5,2,-2,4,-4,5,5,0,0,0,0,3,2,-1,-2,-2,-4,0,0,S(4),S(4),S(4),,,4.0,,,2-0,2,0,8,0,1WR-C,E,10,C,6p30,-21,-29,-50,-21,-29,-25.33333333,-1,2,SP,,
13083,Kody Funderburk,0.0,,L,35,28,15,0,-2,0,-6,18,10,-3,-1,-3,-1,23.1,26.0,-1,-2,-2,-4,41.1,36.0,-2,-2,-10,-10,40.1,45.8,-1,-2,-2,-4,23.1,22.4,-2,-2,-2,-2,40.1,31.4,-2,-2,-4,-4,0.0,3.6,2,-2,10,-10,0.0,6.0,0,6,3,-2,6,-4,5,5,0,0,0,0,3,11,-1,3,-2,6,2,2,R(2) C(0),R(2) C(0),R(2),C(0),,,2.0,0.0,3-42,3,42,9,20,1WL-C,E,10,C,5p20,-9,-39,-48,-9,-39,-26.0,0,3,RP,CP,
13411,Thyago Vieira,0.0,,R,38,25,23,0,-1,0,-3,23,23,-3,-3,-3,-3,7.8,19.3,1,-1,2,-2,30.9,42.3,-1,-2,-5,-10,20.2,38.7,1,-1,2,-2,5.0,14.8,1,0,1,0,9.0,20.7,1,0,2,0,2.8,4.5,-1,-2,-5,-10,5.0,7.0,5,7,-2,-3,-4,-6,5,5,0,0,0,0,0,0,-3,-3,-6,-6,-2,-2,R(2) C(0),R(2) C(0),R(2),C(0),,,2.0,0.0,3-38,3,38,9,16,1WR-C,E,10,C,1p20,-16,-42,-58,-16,-42,-26.33333333,4,3,RP,CP,
13456,Tyler Phillips,0.0,,R,37,14,11,-2,-2,-6,-6,0,2,3,3,3,3,22.9,33.5,-1,-3,-2,-6,22.9,35.5,0,-2,0,-10,33.1,65.0,-1,-3,-2,-6,19.9,25.7,-1,-2,-1,-2,21.1,33.8,0,-2,0,-4,3.0,7.8,-1,-3,-5,-15,4.0,8.0,4,8,-1,-3,-2,-6,5,5,0,0,0,0,12,13,3,3,6,6,4,4,S(4) R(3),S(4) R(3),S(4),R(3),,4.0,3.0,,2-0,2,0,0,0,1WR-C,E,10,C,1p20,-9,-46,-55,-9,-46,-26.66666667,4,3,SP,RP,
13474,Walker Buehler,0.0,,R,75,22,10,-1,-2,-3,-6,9,10,0,-1,0,-1,24.1,21.0,-2,-1,-4,-2,33.0,31.0,-1,-1,-5,-5,45.0,36.2,-2,-1,-4,-2,20.7,17.0,-1,-1,-1,-1,31.4,20.2,-1,0,-2,0,3.4,4.0,-2,-2,-10,-10,6.0,6.0,6,6,-3,-2,-6,-4,5,5,0,0,0,0,10,12,3,3,6,6,7,7,S(5),S(5),S(5),,,5.0,,,3-19,3,19,0,8,1WR-C,E,10,C,5p40,-29,-25,-54,-29,-25,-26.66666667,0,1,SP,,
13446,Tyler Alexander,0.12,,L,108,14,20,-2,-1,-6,-3,0,4,3,2,3,2,23.3,18.8,-1,-1,-2,-2,23.3,22.8,0,0,0,0,43.3,37.4,-2,-1,-4,-2,18.3,14.5,-1,0,-1,0,23.3,20.2,0,0,0,0,5.0,4.3,-3,-2,-15,-10,8.0,8.0,8,8,-3,-3,-6,-6,5,5,0,0,0,0,2,2,-2,-2,-4,-4,0,0,S(4) R(4),S(4) R(4),S(4),R(4),,4.0,4.0,,4-13,4,13,0,0,1WR-C,E,10,C,1p60,-35,-25,-60,-35,-25,-26.66666667,4,1,SP,RP,
12660,Carson Spiers,0.0,,R,91,14,21,-2,-1,-6,-3,6,5,1,2,1,2,27.5,22.4,-2,-1,-4,-2,33.5,27.4,-1,0,-5,0,57.0,39.7,-2,-1,-4,-2,23.2,18.4,-2,-1,-2,-1,39.8,23.7,-2,-1,-4,-2,4.3,4.0,-2,-2,-10,-10,4.0,5.0,4,5,-1,-2,-2,-4,5,5,0,0,0,0,6,4,1,-1,2,-2,-3,-3,S(5) R(4),S(5) R(4),S(5),R(4),,5.0,4.0,,2-0,2,0,0,0,1WR-C,E,10,C,2p50,-34,-24,-58,-34,-24,-27.66666667,3,0,SP,RP,
13001,Jordan Weems,0.0,,R,42,6,19,-2,-1,-6,-3,15,20,-2,-3,-2,-3,36.2,11.8,-3,1,-6,2,51.2,31.8,-3,-1,-15,-5,54.8,26.1,-2,0,-4,0,34.6,8.4,-3,1,-3,1,48.4,12.5,-3,1,-6,2,1.6,3.4,1,-1,5,-5,1.0,5.0,1,5,2,-2,4,-4,5,5,0,0,0,0,4,4,-1,-1,-2,-2,3,3,R(1),R(1),R(1),,,,1.0,,2-34,2,34,0,4,1WL-C,E,10,C,5p40,-35,-17,-52,-35,-17,-28.0,0,1,RP,,
13117,Logan Allen,0.0,,L,97,21,14,-1,-2,-3,-6,7,13,1,-2,1,-2,15.6,26.1,0,-2,0,-4,22.5,39.1,0,-2,0,-10,32.8,53.8,0,-2,0,-4,9.8,21.1,1,-1,1,-1,9.6,33.8,1,-2,2,-4,5.8,5.0,-3,-3,-15,-15,8.0,8.0,8,8,-3,-3,-6,-6,5,5,0,0,0,0,12,11,3,3,6,6,-3,-3,S(5),S(5),S(5),,,5.0,,,2-0,2,0,0,8,1WR-C,E,10,C,1p20,-14,-46,-60,-14,-46,-28.33333333,4,3,SP,,
12745,Davis Daniel,0.0,,R,30,21,20,-1,-1,-3,-3,0,3,3,2,3,2,27.3,33.6,-2,-3,-4,-6,27.3,36.6,0,-2,0,-10,44.8,58.0,-2,-3,-4,-6,25.9,29.8,-2,-3,-2,-3,39.2,42.8,-2,-3,-4,-6,1.4,3.8,1,-2,5,-10,2.0,7.0,2,7,1,-3,2,-6,5,5,0,0,0,0,5,4,0,-1,0,-2,-1,-1,S(5),S(5),S(5),,,5.0,,,3-47,3,47,11,0,1WR-C,E,10,C,1p20,-7,-50,-57,-7,-50,-28.66666667,4,3,SP,,
12590,Brad Keller,0.0,,R,41,6,16,-2,-2,-6,-6,9,8,0,0,0,0,14.8,22.0,0,-1,0,-2,23.8,30.0,0,-1,0,-5,24.6,49.8,0,-2,0,-4,11.8,17.0,0,-1,0,-1,12.6,29.8,1,-1,2,-2,3.0,5.0,-1,-3,-5,-15,4.0,8.0,4,8,-1,-3,-2,-6,5,5,0,0,0,0,1,2,-2,-2,-4,-4,-3,-3,S(4) R(3) C(0),S(4) R(3) C(0),S(4),R(3),C(0),4.0,3.0,0.0,3-0,3,0,0,15,1WR-C,E,10,C,1p30,-15,-45,-60,-15,-45,-29.0,4,2,SP,RP,CP
12594,Brandon Bielak,0.14,,R,30,0,0,-3,-3,-9,-9,8,14,0,-2,0,-2,26.5,28.1,-2,-2,-4,-4,34.5,42.1,-1,-2,-5,-10,33.6,61.3,-1,-3,-2,-6,26.3,22.6,-2,-2,-2,-2,32.8,39.3,-2,-2,-4,-4,0.2,5.5,2,-3,10,-15,0.0,8.0,0,8,3,-3,6,-6,5,5,0,0,0,0,9,10,3,3,6,6,-1,-1,R(3),R(3),R(3),,,,3.0,,3-0,3,0,0,6,1WL-C,E,10,C,1p20,-4,-52,-56,-4,-52,-29.0,4,3,RP,,
12502,Adam Mazur,0.0,,R,34,2,11,-3,-2,-9,-6,31,6,-3,1,-3,1,25.4,20.6,-2,-1,-4,-2,56.4,26.6,-3,0,-15,0,45.9,44.5,-2,-2,-4,-4,23.4,16.6,-2,-1,-2,-1,37.9,28.5,-2,-1,-4,-2,2.0,4.0,0,-2,0,-10,3.0,6.0,3,6,0,-2,0,-4,5,5,0,0,0,0,4,8,-1,2,-2,4,-3,-3,S(4),S(4),S(4),,,4.0,,,3-0,3,0,0,0,1WR-C,E,10,C,1p20,-43,-24,-67,-43,-24,-29.66666667,4,3,SP,,
12780,Eduardo Rodriguez,0.18,,L,50,15,23,-2,-1,-6,-3,23,6,-3,1,-3,1,8.2,25.4,1,-2,2,-4,31.2,31.4,-1,-1,-5,-5,25.6,45.3,0,-2,0,-4,2.7,23.0,2,-2,2,-2,3.6,35.7,2,-2,4,-4,5.5,2.4,-3,0,-15,0,8.0,4.0,8,4,-3,-1,-6,-2,5,5,0,0,0,0,0,1,-3,-2,-6,-4,-3,-3,S(5),S(5),S(5),,,5.0,,,3-28,3,28,0,0,1WL-C,E,10,C,6p30,-33,-27,-60,-33,-27,-30.0,-1,2,SP,,
12998,Jordan Leasure,0.0,,R,31,14,18,-2,-1,-6,-3,21,18,-3,-3,-3,-3,15.1,17.4,0,0,0,0,36.0,35.4,-1,-2,-5,-10,42.0,31.1,-1,0,-2,0,9.1,15.8,1,0,1,0,18.0,24.7,0,-1,0,-2,6.0,1.6,-3,1,-15,5,,2.0,8,2,-3,1,-6,2,0,5,1,0,1,0,0,0,-3,-3,-6,-6,-6,-6,R(1) C(1),R(1) C(1),R(1),C(1),,,1.0,1.0,2-0,2,0,0,20,1WR-C,E,10,C,5p30,-41,-17,-58,-41,-17,-31.0,0,2,RP,CP,
13415,Tim Mayza,0.0,,L,43,0,15,-3,-2,-9,-6,8,5,0,2,0,2,22.5,37.6,-1,-3,-2,-6,30.5,42.6,-1,-2,-5,-10,25.5,71.3,0,-3,0,-6,22.5,34.2,-2,-3,-2,-3,25.5,57.7,-1,-3,-2,-6,0.0,3.4,2,-1,10,-5,0.0,5.0,0,5,3,-2,6,-4,5,5,0,0,0,0,1,0,-2,-3,-4,-6,9,9,R(1),R(1),R(1),,,,1.0,,3-0,3,0,0,4,1WL-C,E,10,C,1p40,-8,-50,-58,-8,-50,-31.0,4,1,RP,,
12764,Dominic Smith,0.0,,R,18,20,40,-1,2,-3,6,19,15,-3,-3,-3,-3,25.2,17.0,-2,0,-4,0,44.2,32.0,-2,-1,-10,-5,57.2,30.3,-2,0,-4,0,17.7,17.0,-1,-1,-1,-1,27.2,30.3,-1,-1,-2,-2,7.5,0.0,-3,2,-15,10,8.0,0.0,8,0,-3,2,-6,4,5,5,0,0,0,0,0,0,-3,-3,-6,-6,-1,-1,R(1) C(1),R(1) C(1),R(1),C(1),,,1.0,1.0,3-0,3,0,0,20,1WR-C,E,10,C,1p50,-54,3,-51,-54,3,-31.0,4,0,RP,CP,
12919,Jake Woodford,0.0,,R,35,11,9,-2,-2,-6,-6,4,2,2,3,2,3,28.5,28.5,-2,-2,-4,-4,32.5,30.5,-1,-1,-5,-5,65.2,49.5,-3,-2,-6,-4,19.2,28.5,-1,-2,-1,-2,28.0,49.5,-1,-3,-2,-6,9.3,0.0,-3,2,-15,10,8.0,0.0,8,0,-3,2,-6,4,5,5,0,0,0,0,0,0,-3,-3,-6,-6,0,0,S(4) R(3),S(4) R(3),S(4),R(3),,4.0,3.0,,3-0,3,0,0,11,1WR-C,E,10,C,1p20,-49,-16,-65,-49,-16,-31.0,4,3,SP,RP,
13094,Kyle Hendricks,0.0,,R,131,7,10,-2,-2,-6,-6,9,6,0,1,0,1,27.7,24.0,-2,-1,-4,-2,36.7,30.0,-2,-1,-10,-5,40.6,30.7,-1,0,-2,0,24.1,22.2,-2,-2,-2,-2,26.2,23.5,-1,-1,-2,-2,3.6,1.8,-2,0,-10,0,7.0,3.0,7,3,-3,0,-6,0,5,5,0,0,0,0,1,1,-2,-2,-4,-4,1,1,S(5) R(4),S(5) R(4),S(5),R(4),,5.0,4.0,,4-11,4,11,0,0,1WR-C,E,12,C,1p65,-46,-20,-66,-46,-20,-31.33333333,4,2,SP,RP,
13055,Justin Lawrence,0.0,,R,60,0,22,-3,-1,-9,-3,19,16,-3,-3,-3,-3,26.9,25.7,-2,-2,-4,-4,45.8,41.7,-2,-2,-10,-10,43.4,35.0,-2,-1,-4,-2,23.1,24.5,-2,-2,-2,-2,28.2,30.2,-1,-1,-2,-2,3.8,1.2,-2,1,-10,5,6.0,2.0,6,2,-3,1,-6,2,5,5,0,0,0,0,13,6,3,1,6,2,2,2,R(1) C(1),R(1) C(1),R(1),C(1),,,1.0,1.0,2-0,2,0,0,10,1WR-C,E,10,C,2p50,-44,-17,-61,-44,-17,-32.0,3,0,RP,CP,
12673,Chris Devenski,0.0,,R,27,17,19,-1,-1,-3,-3,4,28,2,-3,2,-3,14.7,20.7,0,-1,0,-2,18.7,48.7,1,-3,5,-15,36.4,73.2,-1,-3,-2,-6,10.4,6.3,0,1,0,1,19.2,15.6,0,1,0,2,4.3,14.4,-2,-3,-10,-15,,,7,8,-3,-3,-6,-6,0,0,1,1,1,1,6,1,1,-2,2,-4,9,9,R(2),R(2),R(2),,,,2.0,,3-0,3,0,0,7,1WR-C,E,10,C,3p20,-11,-50,-61,-11,-50,-32.0,2,3,RP,,
13482,Will Smith,0.0,,L,41,22,1,-1,-3,-3,-9,0,13,3,-2,3,-2,16.2,22.7,0,-1,0,-2,16.2,35.7,1,-2,5,-10,31.1,43.7,0,-2,0,-4,14.0,18.7,0,-1,0,-1,22.3,27.7,0,-1,0,-2,2.2,4.0,0,-2,0,-10,4.0,7.0,4,7,-1,-3,-2,-6,5,5,0,0,0,0,0,0,-3,-3,-6,-6,4,4,R(1) C(0),R(1) C(0),R(1),C(0),,,1.0,0.0,2-51,2,51,0,0,1WR-C,E,10,C,3p40,-3,-52,-55,-3,-52,-32.66666667,2,1,RP,CP,
13222,Mitch White,0.0,,R,24,0,12,-3,-2,-9,-6,17,13,-2,-2,-2,-2,30.0,18.3,-2,0,-4,0,47.0,31.3,-2,-1,-10,-5,79.4,34.0,-3,-1,-6,-2,15.5,18.3,0,-1,0,-1,21.4,34.0,0,-2,0,-4,14.5,0.0,-3,2,-15,10,8.0,0.0,8,0,-3,2,-6,4,5,5,0,0,0,0,2,2,-2,-2,-4,-4,1,1,R(2),R(2),R(2),,,,2.0,,3-0,3,0,0,8,1WR-C,E,10,C,1p20,-56,-10,-66,-56,-10,-33.66666667,4,3,RP,,
13444,Ty Blach,0.0,,L,71,0,0,-3,-3,-9,-9,0,6,3,1,3,1,24.4,36.9,-2,-3,-4,-6,24.4,42.9,0,-2,0,-10,40.6,61.1,-1,-3,-2,-6,21.8,32.1,-2,-3,-2,-3,30.2,41.9,-1,-3,-2,-6,2.6,4.8,-1,-2,-5,-10,5.0,8.0,5,8,-2,-3,-4,-6,5,5,0,0,0,0,10,10,3,3,6,6,-5,-5,S(5) R(3),S(5) R(3),S(5),R(3),,5.0,3.0,,1-0,1,0,0,2,1WR-C,E,10,C,1p40,-19,-49,-68,-19,-49,-34.0,4,1,SP,RP,
13426,Touki Toussaint,0.0,,R,23,3,23,-3,-1,-9,-3,22,28,-3,-3,-3,-3,46.0,21.7,-3,-1,-6,-2,68.0,49.7,-3,-3,-15,-15,67.5,36.6,-3,-1,-6,-2,43.8,21.3,-3,-1,-3,-1,58.7,35.0,-3,-2,-6,-4,2.2,0.4,0,2,0,10,,0.0,4,0,-1,2,-2,4,0,5,1,0,1,0,3,0,-1,-3,-2,-6,-2,-2,R(3),R(3),R(3),,,,3.0,,2-51,2,51,0,7,1WR-C,E,10,C,1p20,-51,-22,-73,-51,-22,-34.33333333,4,3,RP,,
13525,Zebby Matthews,0.0,,R,38,22,32,-1,1,-3,3,10,0,0,3,0,3,25.8,29.6,-2,-2,-4,-4,35.8,29.6,-1,-1,-5,-5,58.4,50.3,-3,-2,-6,-4,16.2,26.0,-1,-2,-1,-2,20.0,35.9,0,-2,0,-4,9.6,3.6,-3,-2,-15,-10,8.0,5.0,8,5,-3,-2,-6,-4,5,5,0,0,0,0,0,0,-3,-3,-6,-6,-2,-2,S(5),S(5),S(5),,,5.0,,,3-38,3,38,0,5,1WR-C,E,10,C,1p20,-46,-33,-79,-46,-33,-34.66666667,4,3,SP,,
12632,Bryce Elder,0.0,,R,50,11,30,-2,0,-6,0,10,5,0,2,0,2,35.0,27.5,-3,-2,-6,-4,45.0,32.5,-2,-1,-10,-5,51.9,45.9,-2,-2,-4,-4,31.2,25.3,-3,-2,-3,-2,36.7,37.1,-2,-2,-4,-4,3.8,2.2,-2,0,-10,0,7.0,4.0,7,4,-3,-1,-6,-2,5,5,0,0,0,0,3,4,-1,-1,-2,-2,8,8,S(5),S(5),S(5),,,5.0,,,4-0,4,0,0,12,1WR-C,E,10,C,1p30,-51,-21,-72,-51,-21,-35.0,4,2,SP,,
12892,Jack Leiter,0.0,,R,36,9,18,-2,-1,-6,-3,16,11,-2,-1,-2,-1,20.1,31.5,-1,-2,-2,-4,36.2,42.5,-1,-2,-5,-10,39.8,55.8,-1,-3,-2,-6,17.7,27.2,-1,-2,-1,-2,30.2,38.6,-1,-2,-2,-4,2.4,4.3,0,-2,0,-10,3.0,6.0,3,6,0,-2,0,-4,5,5,0,0,0,0,0,0,-3,-3,-6,-6,1,1,S(4) R(4),S(4) R(4),S(4),R(4),,4.0,4.0,,3-0,3,0,0,16,1WR-C,E,10,C,1p20,-26,-50,-76,-26,-50,-35.0,4,3,SP,RP,
12848,Giovanny Gallegos,0.0,,R,21,23,22,-1,-1,-3,-3,2,22,2,-3,2,-3,26.8,21.7,-2,-1,-4,-2,28.8,43.7,0,-2,0,-10,74.3,51.9,-3,-2,-6,-4,16.3,16.9,-1,-1,-1,-1,32.3,32.7,-2,-2,-4,-4,10.5,4.8,-3,-2,-15,-10,,,8,8,-3,-3,-6,-6,0,0,1,1,1,1,13,4,3,-1,6,-2,1,1,R(2) C(0),R(2) C(0),R(2),C(0),,,2.0,0.0,3-0,3,0,0,10,1WR-C,E,10,C,5p20,-30,-44,-74,-30,-44,-36.33333333,0,3,RP,CP,
13319,Roddery Munoz,0.0,,R,83,15,17,-2,-1,-6,-3,15,16,-2,-3,-2,-3,24.6,9.1,-2,1,-4,2,39.6,25.1,-2,0,-10,0,69.9,27.0,-3,0,-6,0,13.2,4.1,0,2,0,2,24.3,7.0,-1,2,-2,4,11.4,5.0,-3,-3,-15,-15,,8.0,8,8,-3,-3,-6,-6,0,5,1,0,1,0,4,4,-1,-1,-2,-2,0,0,S(5),S(5),S(5),,,5.0,,,3-51,3,51,4,9,1WR-C,E,10,C,1p50,-52,-21,-73,-52,-21,-37.66666667,4,0,SP,,
13003,Jordan Wicks,0.0,,L,46,17,19,-1,-1,-3,-3,15,10,-2,-1,-2,-1,28.9,23.5,-2,-1,-4,-2,43.8,33.5,-2,-1,-10,-5,48.3,40.4,-2,-1,-4,-2,24.4,20.5,-2,-1,-2,-1,30.3,28.4,-1,-1,-2,-2,4.5,3.0,-2,-1,-10,-5,8.0,6.0,8,6,-3,-2,-6,-4,5,5,0,0,0,0,4,3,-1,-1,-2,-2,0,0,S(4),S(4),S(4),,,4.0,,,3-0,3,0,0,13,1WL-C,E,10,C,6p30,-45,-27,-72,-45,-27,-38.0,-1,2,SP,,
13505,Yonny Chirinos,0.0,,R,30,2,24,-3,0,-9,0,13,10,-1,-1,-1,-1,24.6,23.0,-2,-1,-4,-2,37.5,33.0,-2,-1,-10,-5,48.6,39.4,-2,-1,-4,-2,20.8,20.4,-1,-1,-1,-1,33.4,29.0,-2,-1,-4,-2,3.8,2.6,-2,-1,-10,-5,7.0,4.0,7,4,-3,-1,-6,-2,5,5,0,0,0,0,0,0,-3,-3,-6,-6,9,9,S(5),S(5),S(5),,,5.0,,,4-0,4,0,0,6,1WR-C,E,10,C,1p20,-55,-26,-81,-55,-26,-38.33333333,4,3,SP,,
13379,Slade Cecconi,0.0,,R,77,11,22,-2,-1,-6,-3,2,1,2,3,2,3,20.7,32.4,-1,-3,-2,-6,22.7,33.4,0,-1,0,-5,41.8,61.9,-1,-3,-2,-6,16.9,26.9,-1,-2,-1,-2,26.6,39.9,-1,-2,-2,-4,3.8,5.5,-2,-3,-10,-15,8.0,8.0,8,8,-3,-3,-6,-6,5,5,0,0,0,0,0,0,-3,-3,-6,-6,0,0,S(4) R(3),S(4) R(3),S(4),R(3),,4.0,3.0,,3-0,3,0,4,5,1WR-C,E,10,C,1p40,-33,-50,-83,-33,-50,-39.33333333,4,1,SP,RP,
13421,Tommy Henry,0.0,,L,38,9,12,-2,-2,-6,-6,5,17,2,-3,2,-3,34.6,23.4,-3,-1,-6,-2,39.6,40.4,-2,-2,-10,-10,65.9,53.2,-3,-2,-6,-4,31.0,17.4,-3,-1,-3,-1,51.5,29.2,-3,-1,-6,-2,3.6,6.0,-2,-3,-10,-15,8.0,8.0,8,8,-3,-3,-6,-6,5,5,0,0,0,0,8,8,2,2,4,4,-2,-2,S(4) R(3),S(4) R(3),S(4),R(3),,4.0,3.0,,3-0,3,0,0,0,1WL-C,E,10,C,1p20,-47,-45,-92,-47,-45,-39.33333333,4,3,SP,RP,
12587,Bobby Miller,0.0,,R,56,23,14,-1,-2,-3,-6,15,18,-2,-3,-2,-3,22.6,22.7,-1,-1,-2,-2,37.7,40.7,-2,-2,-10,-10,49.5,41.3,-2,-1,-4,-2,14.3,17.7,0,-1,0,-1,16.3,21.3,0,0,0,0,8.3,5.0,-3,-3,-15,-15,8.0,8.0,8,8,-3,-3,-6,-6,5,5,0,0,0,0,3,10,-1,3,-2,6,2,2,S(4),S(4),S(4),,,4.0,,,3-0,3,0,0,20,1WL-C,E,10,C,4p30,-44,-39,-83,-44,-39,-39.33333333,1,2,SP,,
13162,Mason Black,0.0,,R,36,13,19,-2,-1,-6,-3,10,12,0,-2,0,-2,19.6,31.4,-1,-2,-2,-4,29.6,43.5,-1,-2,-5,-10,29.0,58.5,0,-3,0,-6,16.8,27.4,-1,-2,-1,-2,17.8,42.5,0,-3,0,-6,2.8,4.0,-1,-2,-5,-10,6.0,8.0,6,8,-3,-3,-6,-6,5,5,0,0,0,0,0,0,-3,-3,-6,-6,0,0,S(4) R(3),S(4) R(3),S(4),R(3),,4.0,3.0,,4-0,4,0,0,0,1WR-C,E,10,C,1p20,-31,-55,-86,-31,-55,-40.0,4,3,SP,RP,
12735,Darren McCaughan,0.0,,R,42,9,6,-2,-2,-6,-6,2,15,2,-3,2,-3,21.9,29.0,-1,-2,-2,-4,23.9,43.9,0,-3,0,-15,41.1,49.3,-1,-2,-2,-4,18.7,24.2,-1,-2,-1,-2,28.3,30.1,-1,-1,-2,-2,3.2,4.8,-1,-2,-5,-10,5.0,8.0,5,8,-2,-3,-4,-6,5,5,0,0,0,0,0,0,-3,-3,-6,-6,1,1,S(4) R(4) C(1),S(4) R(4) C(1),S(4),R(4),C(1),4.0,4.0,1.0,3-34,3,34,0,9,1WR-C,E,10,C,1p30,-26,-58,-84,-26,-58,-41.33333333,4,2,SP,RP,CP
13122,Louie Varland,0.0,,R,50,24,19,-1,-1,-3,-3,1,10,3,-1,3,-1,37.4,32.4,-3,-3,-6,-6,38.4,42.4,-2,-2,-10,-10,53.4,56.4,-2,-3,-4,-6,33.1,25.9,-3,-2,-3,-2,36.2,30.4,-2,-1,-4,-2,4.3,6.5,-2,-3,-10,-15,8.0,8.0,8,8,-3,-3,-6,-6,5,5,0,0,0,0,0,3,-3,-1,-6,-2,-3,-3,S(5) R(3),S(5) R(3),S(5),R(3),,5.0,3.0,,2-30,2,30,0,0,1WL-C,E,10,C,1p30,-49,-53,-102,-49,-53,-45.66666667,4,2,SP,RP,
13511,Yunior Marte,0.0,,R,26,5,21,-3,-1,-9,-3,19,16,-3,-3,-3,-3,26.9,25.0,-2,-2,-4,-4,45.8,41.0,-2,-2,-10,-10,68.3,25.0,-3,0,-6,0,18.4,25.0,-1,-2,-1,-2,34.3,25.0,-2,-1,-4,-2,8.5,0.0,-3,2,-15,10,8.0,0.0,8,0,-3,2,-6,4,5,5,0,0,0,0,0,0,-3,-3,-6,-6,9,9,R(1),R(1),R(1),,,,1.0,,5-0,5,0,0,20,1WR-C,E,10,C,5p30,-64,-16,-80,-64,-16,-46.0,0,2,RP,,
13399,Tanner Gordon,0.0,,R,34,2,21,-3,-1,-9,-3,0,0,3,3,3,3,33.3,42.0,-3,-3,-6,-6,33.3,42.0,-1,-2,-5,-10,63.7,80.2,-3,-3,-6,-6,28.8,33.7,-2,-3,-2,-3,45.7,47.0,-3,-3,-6,-6,4.5,8.3,-2,-3,-10,-15,8.0,8.0,8,8,-3,-3,-6,-6,5,5,0,0,0,0,5,0,0,-3,0,-6,-2,-2,S(4),S(4),S(4),,,4.0,,,3-0,3,0,0,0,1WL-C,E,10,C,1p20,-47,-58,-105,-47,-58,-47.33333333,4,3,SP,,
13395,Taijuan Walker,0.0,,R,84,8,9,-2,-2,-6,-6,14,11,-2,-1,-2,-1,22.9,32.0,-1,-2,-2,-4,36.8,43.0,-2,-2,-10,-10,41.8,65.8,-1,-3,-2,-6,18.1,23.7,-1,-2,-1,-2,22.6,32.6,0,-2,0,-4,4.8,8.3,-3,-3,-15,-15,6.0,8.0,6,8,-3,-3,-6,-6,5,5,0,0,0,0,9,5,3,0,6,0,0,0,S(5) R(3),S(5) R(3),S(5),R(3),,5.0,3.0,,3-17,3,17,0,0,1WR-C,E,10,C,4p50,-38,-54,-92,-38,-54,-47.66666667,1,0,SP,RP,
