player_id,Name,sWAR,vL,vR,Team,FIELDING,Unnamed: 7,Unnamed: 8,Unnamed: 9,Unnamed: 10,Unnamed: 11,Unnamed: 12,Unnamed: 13,Unnamed: 14,Unnamed: 15,Unnamed: 16,Unnamed: 17,Unnamed: 18,Unnamed: 19,Unnamed: 20,Unnamed: 21,Unnamed: 22
12543,Andrew McCutchen,0.45,7,16,FA,rf-5(+2)e3,,,,,,,,,,,,,,,,
13201,Michael Toglia,0.83,16,0,FA,1b-3e13 rf-4(0)e5,,,,,,,,,,,,,,,,
12994,Jonathan India,0.77,2,-4,FA,2b-4e5,,,,,,,,,,,,,,,,
12668,Charlie Blackmon,0.35,2,1,FA,rf-4(0)e3,,,,,,,,,,,,,,,,
13189,Michael Conforto,0.77,19,-2,FA,lf-4(-1)e3,,,,,,,,,,,,,,,,
13259,Nolan Schanuel,0.62,3,-5,FA,1b-3e8,,,,,,,,,,,,,,,,
12545,Andrew Vaughn,0.09,8,-7,FA,1b-4e5,,,,,,,,,,,,,,,,
13386,Spencer Torkelson,0.14,9,-8,FA,1b-3e7,,,,,,,,,,,,,,,,
12775,Dylan Moore,0.87,6,-18,FA,ss-3e20 2b-3e5 3b-3e6 lf-3(+1)e4 1b-4e18,,,,,,,,,,,,,,,,
12607,Brendan Rodgers,0.59,10,-16,FA,2b-3e10,,,,,,,,,,,,,,,,
13181,Max Kepler,0.73,4,-6,FA,rf-2(-2)e0,,,,,,,,,,,,,,,,
12783,Edward Olivares,0,3,-11,FA,rf-4(+1)e4 lf-4e4,,,,,,,,,,,,,,,,
13156,Mark Canha,0.38,7,-16,FA,1b-4e11 lf-4(+1)e5 rf-4e5 3b-5e37,,,,,,,,,,,,,,,,
13478,Whit Merrifield,0.26,1,-18,FA,2b-3e13 lf-4(0)e2 3b-3e17,,,,,,,,,,,,,,,,
12962,Jo Adell,0.58,18,-19,FA,rf-2(-1)e6 cf-4e6,,,,,,,,,,,,,,,,
13454,Tyler Nevin,0,1,-14,FA,1b-4e14 3b-4e19 rf-4(+2)e10 lf-4e10,,,,,,,,,,,,,,,,
13113,Lenyn Sosa,0,11,-20,FA,3b-4e13 2b-4e8 1b-5e25,,,,,,,,,,,,,,,,
12498,Abraham Toro,0.48,1,-19,FA,3b-4e17 2b-4e5 1b-4e8 lf-4(+2)e25,,,,,,,,,,,,,,,,
13394,Stuart Fairchild,0.74,11,-22,FA,cf-2(-1)e3 rf-2e3 lf-2e3,,,,,,,,,,,,,,,,
12723,Dane Myers,0.8,19,-13,FA,rf-3(-2)e13 lf-4e13 cf-4e13,,,,,,,,,,,,,,,,
13327,Ryan Bliss,0.98,10,-24,FA,2b-3e8,,,,,,,,,,,,,,,,
13000,Jordan Walker,0,15,-28,FA,rf-5(-2)e4,,,,,,,,,,,,,,,,
12681,Christian Bethancourt,0.59,9,-27,FA,"c-3(-2)e1,T-16(pb-0)",,,,,,,,,,,,,,,,
12719,Curtis Mead,0,6,-27,FA,2b-4e18 3b-4e27 1b-5e30,,,,,,,,,,,,,,,,
13139,Luis Urias,0.64,5,-30,FA,3b-4e34,,,,,,,,,,,,,,,,
12730,Danny Mendick,0,9,-43,FA,3b-3e20 2b-3e8,,,,,,,,,,,,,,,,
,,,,,,,,,,,,,,,,,,,,,,
,,,,,,,,,,,,,,,,,,,,,,
,,,,,,,,,,,,,,,,,,,,,,
,,,,,,,,,,,,,,,,,,,,,,
,,,,,,,,,,,,,,,,,,,,,,
player id,name,sWAR,image,image2,team id,team abbrev,pos 1,pos 2,pos 3,pos 4,pos 5,pos 6,pos 7,pos 8,last game,last game 2,il return,dem week,vanity card,strat code,bbref id,injury rating
11458,Aaron Bummer,0.52,https://sba-cards-2024.s3.us-east-1.amazonaws.com/2024-cards/aaron-bummer.png,,498,FA,RP,,,,,,,,,,,-2,,"Bummer,A",bummeaa01,1p50
11459,Aaron Civale,0.56,https://sba-cards-2024.s3.us-east-1.amazonaws.com/2024-cards/aaron-civale.png,,498,FA,SP,,,,,,,,,,,-2,,"Civale,A",civalaa01,1p70
11460,Aaron Hicks,0,https://sba-cards-2024.s3.us-east-1.amazonaws.com/2024-cards/aaron-hicks.png,,498,FA,RF,LF,CF,,,,,,,,,-2,,"Hicks,A",hicksaa01,1p20
11461,Aaron Judge,4.45,https://sba-cards-2024.s3.us-east-1.amazonaws.com/2024-cards/aaron-judge.png,,526,WAI,CF,RF,LF,,,,,,,,,1,https://upload.wikimedia.org/wikipedia/commons/8/82/Francisco_de_Goya%2C_Saturno_devorando_a_su_hijo_%281819-1823%29.jpg,"Judge,A",judgeaa01,1p70
11462,Aaron Nola,1.63,https://sba-cards-2024.s3.us-east-1.amazonaws.com/2024-cards/aaron-nola.png,,507,AIMiL,SP,,,,,,,,,,,15,,"Nola,A",nolaaa01,0p72
11463,Aaron Schunk,0.59,https://sba-cards-2024.s3.us-east-1.amazonaws.com/2024-cards/aaron-schunk.png,,498,FA,2B,3B,SS,,,,,,,,,-2,,"Schunk,A",schunaa01,1p20
11464,Abraham Toro,0.48,https://sba-cards-2024.s3.us-east-1.amazonaws.com/2024-cards/abraham-toro.png,,498,FA,3B,2B,1B,LF,,,,,,,,7,,"Toro,A",toroab01,2p50
11465,Adam Cimber,0,https://sba-cards-2024.s3.us-east-1.amazonaws.com/2024-cards/adam-cimber.png,,505,AI,RP,,,,,,,,,,,17,,"Cimber,A",cimbead01,3p20
11466,Adam Duvall,0,https://sba-cards-2024.s3.us-east-1.amazonaws.com/2024-cards/adam-duvall.png,,544,CLS,RF,LF,,,,,,,,,,1,https://i.postimg.cc/V6m2Qh4c/temp-Image-MGqet-Z.avif,"Duvall,A",duvalad01,1p50
11467,Adam Frazier,0.3,https://sba-cards-2024.s3.us-east-1.amazonaws.com/2024-cards/adam-frazier.png,,498,FA,2B,RF,LF,3B,1B,,,,,,,-2,,"Frazier,A",fraziad01,1p50
11468,Adam Mazur,0,https://sba-cards-2024.s3.us-east-1.amazonaws.com/2024-cards/adam-mazur.png,,498,FA,SP,,,,,,,,,,,-2,,"Mazur,A",mazurad01,1p20
11469,Adam Oller,0.71,https://sba-cards-2024.s3.us-east-1.amazonaws.com/2024-cards/adam-oller.png,,498,FA,SP,,,,,,,,,,,-2,,"Oller,A",ollerad01,1p30
11470,Adam Ottavino,0,https://sba-cards-2024.s3.us-east-1.amazonaws.com/2024-cards/adam-ottavino.png,,543,CYPMiL,RP,CP,,,,,,,,,,14,,"Ottavino,A",ottavad01,1p50
11471,Addison Barger,0.52,https://sba-cards-2024.s3.us-east-1.amazonaws.com/2024-cards/addison-barger.png,,498,FA,3B,RF,LF,,,,,,,,,-2,,"Barger,A",bargead01,1p40
11472,Adley Rutschman,1.55,https://sba-cards-2024.s3.us-east-1.amazonaws.com/2024-cards/adley-rutschman.png,,505,AI,C,,,,,,,,,,,17,,"Rutschman,A",rutscad01,1p70
11473,Adolis Garcia,0.14,https://sba-cards-2024.s3.us-east-1.amazonaws.com/2024-cards/adolis-garcia.png,,498,FA,RF,,,,,,,,,,,15,,"Garcia,Adolis",garciad02,1p70
11474,Adrian Del Castillo,1.67,https://sba-cards-2024.s3.us-east-1.amazonaws.com/2024-cards/adrian-del-castillo.png,,529,CAN,C,,,,,,,,,,,15,,"Del Castillo,A",delcaad01,2p20
11475,Adrian Houser,0,https://sba-cards-2024.s3.us-east-1.amazonaws.com/2024-cards/adrian-houser.png,,498,FA,SP,RP,CP,,,,,,,,,-2,,"Houser,A",housead01,1p40
11476,Adrian Morejon,0.98,https://sba-cards-2024.s3.us-east-1.amazonaws.com/2024-cards/adrian-morejon.png,,546,CLSMiL,RP,CP,,,,,,,,,,15,,"Morejon,A",morejad01,1p50
11477,AJ Minter,1.54,https://sba-cards-2024.s3.us-east-1.amazonaws.com/2024-cards/aj-minter.png,,522,PORMiL,RP,CP,,,,,,,,,w16g04,17,,"Minter,A",minteaj01,5p30
11478,AJ Puk,1.41,https://sba-cards-2024.s3.us-east-1.amazonaws.com/2024-cards/aj-puk.png,,505,AI,SP,RP,CP,,,,,,,,,-2,,"Puk,A",pukaj01,1p40
11479,Akil Baddoo,0,https://sba-cards-2024.s3.us-east-1.amazonaws.com/2024-cards/akil-baddoo.png,,498,FA,LF,RF,CF,,,,,,,,,-2,,"Baddoo,A",baddoak01,1p20
11480,Alan Trejo,0,https://sba-cards-2024.s3.us-east-1.amazonaws.com/2024-cards/alan-trejo.png,,498,FA,2B,3B,SS,,,,,,,,,1,,"Trejo,A",trejoal01,1p20
11481,Albert Suarez,1.18,https://sba-cards-2024.s3.us-east-1.amazonaws.com/2024-cards/albert-suarez.png,,498,FA,SP,RP,,,,,,,,,,-2,,"Suarez,A",suareal01,1p70
11482,Alec Bohm,1.44,https://sba-cards-2024.s3.us-east-1.amazonaws.com/2024-cards/alec-bohm.png,,507,AIMiL,3B,1B,,,,,,,,,,13,,"Bohm,A",bohmal01,1p65
11483,Alec Burleson,0.58,https://sba-cards-2024.s3.us-east-1.amazonaws.com/2024-cards/alec-burleson.png,,499,WV,RF,LF,1B,,,,,,,,,1,,"Burleson,A",burleal01,1p70
11484,Alec Marsh,0.52,https://sba-cards-2024.s3.us-east-1.amazonaws.com/2024-cards/alec-marsh.png,,498,FA,SP,,,,,,,,,,,-2,,"Marsh,A",marshal01,1p65
11485,Alejandro Kirk,1.5,https://sba-cards-2024.s3.us-east-1.amazonaws.com/2024-cards/alejandro-kirk.png,,534,MDWMiL,C,,,,,,,,,,,16,https://upload.wikimedia.org/wikipedia/commons/8/82/Francisco_de_Goya%2C_Saturno_devorando_a_su_hijo_%281819-1823%29.jpg,"Kirk,A",kirkal01,2p50
11486,Alek Thomas,0,https://sba-cards-2024.s3.us-east-1.amazonaws.com/2024-cards/alek-thomas.png,,498,FA,CF,,,,,,,,,,,12,,"Thomas,A",thomaal01,6p20
11487,Alex Bregman,1.88,https://sba-cards-2024.s3.us-east-1.amazonaws.com/2024-cards/alex-bregman.png,,499,WV,3B,,,,,,,,,,,1,,"Bregman,A",bregmal01,1p65
11488,Alex Call,3.85,https://sba-cards-2024.s3.us-east-1.amazonaws.com/2024-cards/alex-call.png,,529,CAN,RF,CF,LF,,,,,,,,,14,,"Call,A",callal02,3p20
11489,Alex Faedo,0.5,https://sba-cards-2024.s3.us-east-1.amazonaws.com/2024-cards/alex-faedo.png,,498,FA,SP,RP,,,,,,,,,,-2,,"Faedo,A",faedoal01,5p50
11490,Alex Jackson,0,https://sba-cards-2024.s3.us-east-1.amazonaws.com/2024-cards/alex-jackson.png,,498,FA,C,,,,,,,,,,,-2,,"Jackson,A",jacksal02,2p30
11491,Alex Kirilloff,0,https://sba-cards-2024.s3.us-east-1.amazonaws.com/2024-cards/alex-kirilloff.png,,498,FA,LF,1B,RF,,,,,,,,,-2,,"Kirilloff,A",kirilal01,5p30
11492,Alex Verdugo,0.37,https://sba-cards-2024.s3.us-east-1.amazonaws.com/2024-cards/alex-verdugo.png,,543,CYPMiL,LF,RF,CF,,,,,,,,,15,,"Verdugo,A",verdual01,1p70
11493,Alex Vesia,1.16,https://sba-cards-2024.s3.us-east-1.amazonaws.com/2024-cards/alex-vesia.png,,502,DEN,RP,CP,,,,,,,,,,16,,"Vesia,A",vesiaal01,1p60
11494,Alex Wood,0,https://sba-cards-2024.s3.us-east-1.amazonaws.com/2024-cards/alex-wood.png,,498,FA,SP,,,,,,,,,,,-2,,"Wood,A",woodal02,6p30
11495,Alexis Diaz,0.43,https://sba-cards-2024.s3.us-east-1.amazonaws.com/2024-cards/alexis-diaz.png,,532,MDW,RP,CP,,,,,,,,,w20g1,1,,"Diaz,Alexis",diazal03,1p50
11496,Ali Sanchez,0,https://sba-cards-2024.s3.us-east-1.amazonaws.com/2024-cards/ali-sanchez.png,,538,CHC,C,,,,,,,,,,,1,,"Sanchez,A",sanchal04,2p20
11497,Alika Williams,0,https://sba-cards-2024.s3.us-east-1.amazonaws.com/2024-cards/alika-williams.png,,498,FA,2B,SS,,,,,,,,,,-2,,"Williams,A",willial04,2p20
11498,Amed Rosario,0,https://sba-cards-2024.s3.us-east-1.amazonaws.com/2024-cards/amed-rosario.png,,529,CAN,2B,RF,3B,SS,,,,,,,,14,,"Rosario,A",rosaram01,1p50
11499,Andre Pallante,0.99,https://sba-cards-2024.s3.us-east-1.amazonaws.com/2024-cards/andre-pallante.png,,517,MKE,SP,RP,,,,,,,,,,12,,"Pallante,A",pallaan01,1p60
11500,Andres Chaparro,0,https://sba-cards-2024.s3.us-east-1.amazonaws.com/2024-cards/andres-chaparro.png,,543,CYPMiL,1B,,,,,,,,,,,2,,"Chaparro,A",chapaan01,1p20
11501,Andres Gimenez,1.83,https://sba-cards-2024.s3.us-east-1.amazonaws.com/2024-cards/andres-gimenez.png,,505,AI,2B,,,,,,,,,,,13,,"Gimenez,A",gimenan01,1p70
11502,Andres Munoz,1.62,https://sba-cards-2024.s3.us-east-1.amazonaws.com/2024-cards/andres-munoz.png,,526,WAI,RP,CP,,,,,,,,,,1,https://upload.wikimedia.org/wikipedia/commons/8/82/Francisco_de_Goya%2C_Saturno_devorando_a_su_hijo_%281819-1823%29.jpg,"Munoz,A",munozan01,1p50
11503,Andrew Abbott,1.79,https://sba-cards-2024.s3.us-east-1.amazonaws.com/2024-cards/andrew-abbott.png,,546,CLSMiL,SP,,,,,,,,,,,16,,"Abbott,A",abbotan01,1p70
11504,Andrew Benintendi,0,https://sba-cards-2024.s3.us-east-1.amazonaws.com/2024-cards/andrew-benintendi.png,,498,FA,LF,,,,,,,,,,,-2,,"Benintendi,A",beninan01,1p60
11505,Andrew Chafin,0.43,https://sba-cards-2024.s3.us-east-1.amazonaws.com/2024-cards/andrew-chafin.png,,546,CLSMiL,RP,CP,,,,,,,,,,15,,"Chafin,A",chafian01,1p50
11506,Andrew Heaney,0.38,https://sba-cards-2024.s3.us-east-1.amazonaws.com/2024-cards/andrew-heaney.png,,498,FA,SP,,,,,,,,,,,16,,"Heaney,A",heanean01,1p70
11507,Andrew Kittredge,1.02,https://sba-cards-2024.s3.us-east-1.amazonaws.com/2024-cards/andrew-kittredge.png,,498,FA,RP,CP,,,,,,,,,,-2,,"Kittredge,A",kittran01,0p72
11508,Andrew Knizner,0,https://sba-cards-2024.s3.us-east-1.amazonaws.com/2024-cards/andrew-knizner.png,,498,FA,C,,,,,,,,,,,-2,,"Knizner,A",kniznan01,2p20
11509,Andrew McCutchen,0.45,https://sba-cards-2024.s3.us-east-1.amazonaws.com/2024-cards/andrew-mccutchen.png,,501,WVMiL,RF,,,,,,,,,,,16,,"McCutchen,A",mccutan01,1p60
11510,Andrew Nardi,0.19,https://sba-cards-2024.s3.us-east-1.amazonaws.com/2024-cards/andrew-nardi.png,,532,MDW,RP,,,,,,,,,,,15,,"Nardi,A",nardian01,3p40
11511,Andrew Vaughn,0.09,https://sba-cards-2024.s3.us-east-1.amazonaws.com/2024-cards/andrew-vaughn.png,,517,MKE,1B,,,,,,,,,,,1,https://cdn.discordapp.com/attachments/217481916687974400/1393443408256958474/image-2.png?ex=687330cd&is=6871df4d&hm=e3e911f0a310647cf849a9190546c4343f201a5586c3d4ac1778553cd9e42022&,"Vaughn,A",vaughan01,1p70
11512,Andruw Monasterio,0,https://sba-cards-2024.s3.us-east-1.amazonaws.com/2024-cards/andruw-monasterio.png,,498,FA,3B,2B,1B,LF,,,,,,,,-2,,"Monasterio,A",monasan01,1p30
11513,Andy Ibanez,1.66,https://sba-cards-2024.s3.us-east-1.amazonaws.com/2024-cards/andy-ibanez.png,,498,FA,2B,1B,3B,SS,LF,,,,,,,-2,,"Ibanez,A",ibanean01,2p50
11514,Andy Pages,0.85,https://sba-cards-2024.s3.us-east-1.amazonaws.com/2024-cards/andy-pages.png,,514,GME,CF,RF,LF,,,,,,,,,3,,"Pages,A",pagesan01,1p60
11515,Angel Chivilli,0.3,https://sba-cards-2024.s3.us-east-1.amazonaws.com/2024-cards/angel-chivilli.png,,498,FA,RP,CP,,,,,,,,,,-2,,"Chivilli,A",chivian01,1p30
11516,Angel Martinez,0.17,https://sba-cards-2024.s3.us-east-1.amazonaws.com/2024-cards/angel-martinez.png,,498,FA,CF,LF,3B,RF,2B,,,,,,,-2,,"Martinez,A",martian02,5p20
11517,Angel Zerpa,0.54,https://sba-cards-2024.s3.us-east-1.amazonaws.com/2024-cards/angel-zerpa.png,,498,FA,RP,,,,,,,,,,,-2,,"Zerpa,A",zerpaan01,1p50
11518,Anthony Banda,0.48,https://sba-cards-2024.s3.us-east-1.amazonaws.com/2024-cards/anthony-banda.png,,522,PORMiL,SP,RP,CP,,,,,,,,,17,,"Banda,A",bandaan01,2p40
11519,Anthony Bender,0.82,https://sba-cards-2024.s3.us-east-1.amazonaws.com/2024-cards/anthony-bender.png,,543,CYPMiL,RP,CP,,,,,,,,,,15,,"Bender,A",bendean01,2p50
11520,Anthony Molina,0,https://sba-cards-2024.s3.us-east-1.amazonaws.com/2024-cards/anthony-molina.png,,498,FA,RP,,,,,,,,,,,-2,,"Molina,A",molinan01,1p40
11521,Anthony Rendon,0.73,https://sba-cards-2024.s3.us-east-1.amazonaws.com/2024-cards/anthony-rendon.png,,498,FA,3B,,,,,,,,,,,-2,,"Rendon,A",rendoan01,5p30
11522,Anthony Rizzo,0.15,https://sba-cards-2024.s3.us-east-1.amazonaws.com/2024-cards/anthony-rizzo.png,,541,CYP,1B,,,,,,,,,,,14,,"Rizzo,A",rizzoan01,4p50
11523,Anthony Santander,1.26,https://sba-cards-2024.s3.us-east-1.amazonaws.com/2024-cards/anthony-santander.png,,544,CLS,RF,1B,,,,,,,,,,12,https://i.postimg.cc/4x45GgRP/temp-Image-Qx0-XKM.avif,"Santander,A",santaan02,1p70
11524,Anthony Volpe,1.43,https://sba-cards-2024.s3.us-east-1.amazonaws.com/2024-cards/anthony-volpe.png,,538,CHC,SS,,,,,,,,,,,1,,"Volpe,A",volpean01,1p70
11525,Aroldis Chapman,0.31,https://sba-cards-2024.s3.us-east-1.amazonaws.com/2024-cards/aroldis-chapman.png,,541,CYP,RP,CP,,,,,,,,,,1,,"Chapman,A",chapmar01,1p50
11526,Austin Adams,0.58,https://sba-cards-2024.s3.us-east-1.amazonaws.com/2024-cards/austin-adams.png,,498,FA,RP,,,,,,,,,,,-2,,"Adams,A",adamsau02,4p40
11527,Austin Barnes,1.3,https://sba-cards-2024.s3.us-east-1.amazonaws.com/2024-cards/austin-barnes.png,,516,GMEMiL,C,2B,,,,,,,,,,2,,"Barnes,A",barneau01,3p30
11528,Austin Gomber,1.15,https://sba-cards-2024.s3.us-east-1.amazonaws.com/2024-cards/austin-gomber.png,,498,FA,SP,,,,,,,,,,,16,,"Gomber,A",gombeau01,1p70
11529,Austin Hays,0,https://sba-cards-2024.s3.us-east-1.amazonaws.com/2024-cards/austin-hays.png,,538,CHC,LF,RF,,,,,,,,,,1,,"Hays,A",haysau01,4p40
11530,Austin Hedges,0,https://sba-cards-2024.s3.us-east-1.amazonaws.com/2024-cards/austin-hedges.png,,508,NYD,C,,,,,,,,,,,1,,"Hedges,A",hedgeau01,2p30
11531,Austin Martin,0,https://sba-cards-2024.s3.us-east-1.amazonaws.com/2024-cards/austin-martin.png,,522,PORMiL,CF,LF,2B,,,,,,,,,14,,"Martin,A",martiau01,1p50
11532,Austin Riley,1.79,https://sba-cards-2024.s3.us-east-1.amazonaws.com/2024-cards/austin-riley.png,,508,NYD,3B,,,,,,,,,,,16,,"Riley,A",rileyau01,3p50
11533,Austin Slater,0,https://sba-cards-2024.s3.us-east-1.amazonaws.com/2024-cards/austin-slater.png,,509,NYDIL,RF,LF,CF,,,,,,,,w20g2,11,,"Slater,A",slateau01,2p40
11534,Austin Voth,0,https://sba-cards-2024.s3.us-east-1.amazonaws.com/2024-cards/austin-voth.png,,517,MKE,RP,,,,,,,,,,,17,,"Voth,A",vothau01,1p50
11535,Austin Wells,1.75,https://sba-cards-2024.s3.us-east-1.amazonaws.com/2024-cards/austin-wells.png,,540,CHCMiL,C,,,,,,,,,,,15,,"Wells,A",wellsau01,2p60
11536,Bailey Falter,0.9,https://sba-cards-2024.s3.us-east-1.amazonaws.com/2024-cards/bailey-falter.png,,498,FA,SP,,,,,,,,,,,-2,,"Falter,B",falteba01,1p70
11537,Bailey Ober,1.46,https://sba-cards-2024.s3.us-east-1.amazonaws.com/2024-cards/bailey-ober.png,,505,AI,SP,,,,,,,,,,,12,,"Ober,B",oberba01,1p70
11538,Beau Brieske,0.5,https://sba-cards-2024.s3.us-east-1.amazonaws.com/2024-cards/beau-brieske.png,,508,NYD,SP,RP,CP,,,,,,,,,1,,"Brieske,B",briesbe01,1p60
11539,Ben Brown,1.22,https://sba-cards-2024.s3.us-east-1.amazonaws.com/2024-cards/ben-brown.png,,500,WVIL,SP,RP,,,,,,,,,w21g1,16,,"Brown,B",brownbe02,5p30
11540,Ben Gamel,0.59,https://sba-cards-2024.s3.us-east-1.amazonaws.com/2024-cards/ben-gamel.png,,502,DEN,RF,LF,,,,,,,,,,1,,"Gamel,B",HALP,2p20
11541,Ben Joyce,2.35,https://sba-cards-2024.s3.us-east-1.amazonaws.com/2024-cards/ben-joyce.png,,500,WVIL,RP,CP,,,,,,,,,,10,,"Joyce,B",joycebe01,2p30
11542,Ben Lively,0.75,https://sba-cards-2024.s3.us-east-1.amazonaws.com/2024-cards/ben-lively.png,,501,WVMiL,SP,,,,,,,,,,,15,,"Lively,B",livelbe01,1p70
11543,Ben Rice,0,https://sba-cards-2024.s3.us-east-1.amazonaws.com/2024-cards/ben-rice.png,,498,FA,1B,C,,,,,,,,,,-2,,"Rice,B",ricebe01,1p30
11544,Ben Rortvedt,0.8,https://sba-cards-2024.s3.us-east-1.amazonaws.com/2024-cards/ben-rortvedt.png,,504,DENMiL,C,,,,,,,,,,,17,,"Rortvedt,B",rortvbe01,2p50
11545,Blake Perkins,1.2,https://sba-cards-2024.s3.us-east-1.amazonaws.com/2024-cards/blake-perkins.png,,500,WVIL,CF,,,,,,,,,,w20g4,14,,"Perkins,B",perkibl01,1p60
11546,Blake Snell,1.51,https://sba-cards-2024.s3.us-east-1.amazonaws.com/2024-cards/blake-snell.png,,529,CAN,SP,,,,,,,,,,,10,,"Snell,B",snellbl01,3p60
11547,Blake Treinen,1.44,https://sba-cards-2024.s3.us-east-1.amazonaws.com/2024-cards/blake-treinen.png,,506,AIIL,RP,CP,,,,,,,,,w19g3,6,,"Treinen,B",treinbl01,4p40
11548,Blaze Alexander,0,https://sba-cards-2024.s3.us-east-1.amazonaws.com/2024-cards/blaze-alexander.png,,532,MDW,SS,2B,3B,,,,,,,,,11,https://external-content.duckduckgo.com/iu/?u=https%3A%2F%2Fwallpapers.com%2Fimages%2Fhd%2Fminecraft-blaze-1920-x-1200-wallpaper-gxsn7zheavc1logj.jpg&f=1&nofb=1&ipt=9230d3f265bc12ce1e347ac7d519639f898d43fa31f474086e1d0401627b4d96,"Alexander,B",alexabl01,1p30
11549,Bligh Madris,0.77,https://sba-cards-2024.s3.us-east-1.amazonaws.com/2024-cards/bligh-madris.png,,516,GMEMiL,1B,RF,,,,,,,,,,15,,"Madris,B",madribl01,1p20
11550,Bo Bichette,0,https://sba-cards-2024.s3.us-east-1.amazonaws.com/2024-cards/bo-bichette.png,,498,FA,SS,,,,,,,,,,,-2,,"Bichette,B",bichebo01,4p40
11551,Bo Naylor,0.52,https://sba-cards-2024.s3.us-east-1.amazonaws.com/2024-cards/bo-naylor.png,,504,DENMiL,C,,,,,,,,,,,15,,"Naylor,B",naylobo01,2p60
11552,Bobby Dalbec,0,https://sba-cards-2024.s3.us-east-1.amazonaws.com/2024-cards/bobby-dalbec.png,,498,FA,1B,3B,RF,,,,,,,,,-2,,"Dalbec,B",dalbebo01,1p20
11553,Bobby Miller,0,https://sba-cards-2024.s3.us-east-1.amazonaws.com/2024-cards/bobby-miller.png,,498,FA,SP,,,,,,,,,,,-2,,"Miller,Bobby",millebo06,4p30
11554,Bobby Witt Jr,3.84,https://sba-cards-2024.s3.us-east-1.amazonaws.com/2024-cards/bobby-witt-jr.png,,523,BSG,SS,,,,,,,,,,,1,,"Witt Jr,B",wittbo02,1p70
11555,Bowden Francis,1.39,https://sba-cards-2024.s3.us-east-1.amazonaws.com/2024-cards/bowden-francis.png,,538,CHC,SP,RP,,,,,,,,,,1,,"Francis,B",francbo01,2p50
11556,Brad Keller,0,https://sba-cards-2024.s3.us-east-1.amazonaws.com/2024-cards/brad-keller.png,,516,GMEMiL,SP,RP,CP,,,,,,,,,14,,"Keller,B",kellebr01,1p30
11557,Braden Shewmake,0,https://sba-cards-2024.s3.us-east-1.amazonaws.com/2024-cards/braden-shewmake.png,,538,CHC,SS,3B,2B,,,,,,,,,1,,"Shewmake,B",shewmbr01,1p20
11558,Bradley Blalock,0,https://sba-cards-2024.s3.us-east-1.amazonaws.com/2024-cards/bradley-blalock.png,,498,FA,SP,RP,,,,,,,,,,-2,,"Blalock,B",blalobr01,1p20
11559,Brady Singer,1.29,https://sba-cards-2024.s3.us-east-1.amazonaws.com/2024-cards/brady-singer.png,,501,WVMiL,SP,,,,,,,,,,,15,,"Singer,B",singebr01,0p72
11560,Brandon Bielak,0.24,https://sba-cards-2024.s3.us-east-1.amazonaws.com/2024-cards/brandon-bielak.png,,498,FA,RP,,,,,,,,,,,-2,,"Bielak,B",bielabr01,1p20
11561,Brandon Crawford,0,https://sba-cards-2024.s3.us-east-1.amazonaws.com/2024-cards/brandon-crawford.png,,498,FA,SS,3B,,,,,,,,,,-2,,"Crawford,B",crawfbr01,1p20
11562,Brandon Drury,0,https://sba-cards-2024.s3.us-east-1.amazonaws.com/2024-cards/brandon-drury.png,,498,FA,2B,3B,1B,,,,,,,,,-2,,"Drury,B",drurybr01,3p50
11563,Brandon Lowe,1.64,https://sba-cards-2024.s3.us-east-1.amazonaws.com/2024-cards/brandon-lowe.png,,539,CHCIL,2B,1B,,,,,,,,,w20g2,17,,"Lowe,B",lowebr01,3p50
11564,Brandon Marsh,1.89,https://sba-cards-2024.s3.us-east-1.amazonaws.com/2024-cards/brandon-marsh.png,,514,GME,LF,CF,RF,,,,,,,,,8,,"Marsh,B",marshbr02,1p60
11565,Brandon Nimmo,0.96,https://sba-cards-2024.s3.us-east-1.amazonaws.com/2024-cards/brandon-nimmo.png,,546,CLSMiL,LF,CF,,,,,,,,,,11,,"Nimmo,B",nimmobr01,1p70
11566,Brandon Pfaadt,0.25,https://sba-cards-2024.s3.us-east-1.amazonaws.com/2024-cards/brandon-pfaadt.png,,504,DENMiL,SP,,,,,,,,,,,1,,"Pfaadt,B",pfaadbr01,0p72
11567,Brant Hurter,2.06,https://sba-cards-2024.s3.us-east-1.amazonaws.com/2024-cards/brant-hurter.png,,532,MDW,SP,RP,,,,,,,,,,5,,"Hurter,B",hurtebr01,1p30
11568,Braxton Garrett,0.61,https://sba-cards-2024.s3.us-east-1.amazonaws.com/2024-cards/braxton-garrett.png,,536,NSHIL,SP,,,,,,,,,,w41g2,16,,"Garrett,B",garrebr01,6p20
11569,Brayan Bello,0.69,https://sba-cards-2024.s3.us-east-1.amazonaws.com/2024-cards/brayan-bello.png,,504,DENMiL,SP,,,,,,,,,,,12,,"Bello,B",bellobr01,1p70
11570,Brayan Rocchio,1.25,https://sba-cards-2024.s3.us-east-1.amazonaws.com/2024-cards/brayan-rocchio.png,,543,CYPMiL,SS,,,,,,,,,,,15,,"Rocchio,B",rocchbr01,1p65
11571,Brenan Hanifee,1.47,https://sba-cards-2024.s3.us-east-1.amazonaws.com/2024-cards/brenan-hanifee.png,,517,MKE,SP,RP,,,,,,,,,,5,,"Hanifee,B",hanifbr01,1p30
11572,Brendan Donovan,1.16,https://sba-cards-2024.s3.us-east-1.amazonaws.com/2024-cards/brendan-donovan.png,,520,POR,LF,2B,3B,,,,,,,,,1,,"Donovan,B",donovbr01,1p70
11573,Brendan Rodgers,0.59,https://sba-cards-2024.s3.us-east-1.amazonaws.com/2024-cards/brendan-rodgers.png,,546,CLSMiL,2B,,,,,,,,,,,15,,"Rodgers,B",rodgebr02,1p60
11574,Brendon Little,0.11,https://sba-cards-2024.s3.us-east-1.amazonaws.com/2024-cards/brendon-little.png,,543,CYPMiL,RP,CP,,,,,,,,,,14,,"Little,B",littlbr02,1p40
11575,Brennan Bernardino,0.47,https://sba-cards-2024.s3.us-east-1.amazonaws.com/2024-cards/brennan-bernardino.png,,498,FA,SP,RP,,,,,,,,,,-2,,"Bernardino,B",bernabr01,2p40
11576,Brent Honeywell,1.15,https://sba-cards-2024.s3.us-east-1.amazonaws.com/2024-cards/brent-honeywell.png,,531,CANMiL,RP,CP,,,,,,,,,,19,,"Honeywell,B",honeybr01,1p20
11577,Brent Rooker,2.64,https://sba-cards-2024.s3.us-east-1.amazonaws.com/2024-cards/brent-rooker.png,,511,DAL,LF,RF,,,,,,,,,w18g02,17,,"Rooker,B",rookebr01,1p65
11578,Brent Suter,1.02,https://sba-cards-2024.s3.us-east-1.amazonaws.com/2024-cards/brent-suter.png,,498,FA,SP,RP,CP,,,,,,,,,-2,,"Suter,B",suterbr01,3p60
11579,Brenton Doyle,1.92,https://sba-cards-2024.s3.us-east-1.amazonaws.com/2024-cards/brenton-doyle.png,,508,NYD,CF,,,,,,,,,,,17,,"Doyle,B",doylebr02,1p70
11580,Brett Baty,0.51,https://sba-cards-2024.s3.us-east-1.amazonaws.com/2024-cards/brett-baty.png,,516,GMEMiL,3B,,,,,,,,,,,15,,"Baty,B",batybr01,1p30
11581,Brett Harris,0,https://sba-cards-2024.s3.us-east-1.amazonaws.com/2024-cards/brett-harris.png,,498,FA,3B,,,,,,,,,,,-2,,"Harris,B",harribr02,1p20
11582,Brett Wisely,0.53,https://sba-cards-2024.s3.us-east-1.amazonaws.com/2024-cards/brett-wisely.png,,535,NSH,SS,2B,3B,1B,CF,,,,,,,1,,"Wisely,B",wiselbr01,1p40
11583,Brian Serven,0.82,https://sba-cards-2024.s3.us-east-1.amazonaws.com/2024-cards/brian-serven.png,,498,FA,C,,,,,,,,,,,-2,,"Serven,B",servebr01,2p20
11584,Brice Turang,2.2,https://sba-cards-2024.s3.us-east-1.amazonaws.com/2024-cards/brice-turang.png,,508,NYD,2B,,,,,,,,,,,1,,"Turang,B",turanbr02,1p70
11585,Brock Burke,0,https://sba-cards-2024.s3.us-east-1.amazonaws.com/2024-cards/brock-burke.png,,498,FA,RP,,,,,,,,,,,-2,,"Burke,B",burkebr01,5p30
11586,Brooks Baldwin,0,https://sba-cards-2024.s3.us-east-1.amazonaws.com/2024-cards/brooks-baldwin.png,,498,FA,2B,SS,,,,,,,,,,-2,,"Baldwin,B",baldwbr01,2p20
11587,Brooks Lee,0,https://sba-cards-2024.s3.us-east-1.amazonaws.com/2024-cards/brooks-lee.png,,523,BSG,SS,3B,2B,,,,,,,,,15,,"Lee,B",leebr02,2p30
11588,Bryan Abreu,1.04,https://sba-cards-2024.s3.us-east-1.amazonaws.com/2024-cards/bryan-abreu.png,,520,POR,RP,CP,,,,,,,,,,1,,"Abreu,B",abreubr01,0p72
11589,Bryan Baker,0,https://sba-cards-2024.s3.us-east-1.amazonaws.com/2024-cards/bryan-baker.png,,498,FA,RP,,,,,,,,,,,12,,"Baker,B",bakerbr01,1p20
11590,Bryan De La Cruz,0,https://sba-cards-2024.s3.us-east-1.amazonaws.com/2024-cards/bryan-de-la-cruz.png,,498,FA,RF,LF,,,,,,,,,,-2,,"De La Cruz,B",delacbr01,1p70
11591,Bryan Hoeing,2.28,https://sba-cards-2024.s3.us-east-1.amazonaws.com/2024-cards/bryan-hoeing.png,,536,NSHIL,SP,RP,,,,,,,,,w22g3,17,,"Hoeing,B",hoeinbr01,5p30
11592,Bryan Hudson,2.89,https://sba-cards-2024.s3.us-east-1.amazonaws.com/2024-cards/bryan-hudson.png,,508,NYD,RP,,,,,,,,,,,9,,"Hudson,B",hudsobr01,2p40
11593,Bryan King,1.09,https://sba-cards-2024.s3.us-east-1.amazonaws.com/2024-cards/bryan-king.png,,505,AI,RP,,,,,,,,,,,17,,"King,B",kingbr02,1p30
11594,Bryan Ramos,0,https://sba-cards-2024.s3.us-east-1.amazonaws.com/2024-cards/bryan-ramos.png,,498,FA,3B,,,,,,,,,,,-2,,"Ramos,B",ramosbr01,1p20
11595,Bryan Reynolds,1.51,https://sba-cards-2024.s3.us-east-1.amazonaws.com/2024-cards/bryan-reynolds.png,,530,CANIL,LF,RF,,,,,,,,,,14,https://upload.wikimedia.org/wikipedia/commons/8/82/Francisco_de_Goya%2C_Saturno_devorando_a_su_hijo_(1819-1823).jpg,"Reynolds,B",reynobr01,1p70
11596,Bryan Sammons,1.32,https://sba-cards-2024.s3.us-east-1.amazonaws.com/2024-cards/bryan-sammons.png,,525,BSGMiL,RP,,,,,,,,,,,15,,"Sammons,B",sammobr01,1p20
11597,Bryan Woo,1.78,https://sba-cards-2024.s3.us-east-1.amazonaws.com/2024-cards/bryan-woo.png,,536,NSHIL,SP,,,,,,,,,,w39g5,16,,"Woo,B",woobr01,3p50
11598,Bryce Elder,0,https://sba-cards-2024.s3.us-east-1.amazonaws.com/2024-cards/bryce-elder.png,,498,FA,SP,,,,,,,,,,,-2,,"Elder,B",elderbr01,1p30
11599,Bryce Harper,2.21,https://sba-cards-2024.s3.us-east-1.amazonaws.com/2024-cards/bryce-harper.png,,508,NYD,1B,,,,,,,,,,,14,,"Harper,B",harpebr03,1p65
11600,Bryce Jarvis,0.97,https://sba-cards-2024.s3.us-east-1.amazonaws.com/2024-cards/bryce-jarvis.png,,546,CLSMiL,RP,,,,,,,,,,,15,,"Jarvis,B",jarvibr01,5p40
11601,Bryce Johnson,0,https://sba-cards-2024.s3.us-east-1.amazonaws.com/2024-cards/bryce-johnson.png,,505,AI,RF,LF,CF,,,,,,,,,14,,"Johnson,B",johnsbr03,1p30
11602,Bryce Miller,1.7,https://sba-cards-2024.s3.us-east-1.amazonaws.com/2024-cards/bryce-miller.png,,538,CHC,SP,,,,,,,,,,,14,,"Miller,Bryce",millebr04,1p70
11603,Bryse Wilson,0.62,https://sba-cards-2024.s3.us-east-1.amazonaws.com/2024-cards/bryse-wilson.png,,498,FA,SP,RP,,,,,,,,,,-2,,"Wilson,B",wilsobr02,2p60
11604,Bryson Stott,1.27,https://sba-cards-2024.s3.us-east-1.amazonaws.com/2024-cards/bryson-stott.png,,544,CLS,2B,SS,,,,,,,,,,11,,"Stott,B",stottbr01,1p70
11605,Buck Farmer,1.72,https://sba-cards-2024.s3.us-east-1.amazonaws.com/2024-cards/buck-farmer.png,,499,WV,RP,CP,,,,,,,,,,15,,"Farmer,B",farmebu01,1p40
11606,Burch Smith,0,https://sba-cards-2024.s3.us-east-1.amazonaws.com/2024-cards/burch-smith.png,,498,FA,RP,,,,,,,,,,,-2,,"Smith,B",smithbu03,1p50
11607,Byron Buxton,2.69,https://sba-cards-2024.s3.us-east-1.amazonaws.com/2024-cards/byron-buxton.png,,535,NSH,CF,,,,,,,,,,,17,,"Buxton,B",buxtoby01,3p50
11608,Cade Povich,0,https://sba-cards-2024.s3.us-east-1.amazonaws.com/2024-cards/cade-povich.png,,498,FA,SP,,,,,,,,,,,-2,,"Povich,C",povicca01,1p40
11609,Cade Smith,1.53,https://sba-cards-2024.s3.us-east-1.amazonaws.com/2024-cards/cade-smith.png,,526,WAI,RP,CP,,,,,,,,,,1,https://upload.wikimedia.org/wikipedia/commons/8/82/Francisco_de_Goya%2C_Saturno_devorando_a_su_hijo_%281819-1823%29.jpg,"Smith,C",smithca06,0p72
11610,Cal Quantrill,0.81,https://sba-cards-2024.s3.us-east-1.amazonaws.com/2024-cards/cal-quantrill.png,,498,FA,SP,,,,,,,,,,,-2,,"Quantrill,C",quantca01,1p70
11611,Cal Raleigh,2.17,https://sba-cards-2024.s3.us-east-1.amazonaws.com/2024-cards/cal-raleigh.png,,544,CLS,C,,,,,,,,,,,1,https://i.postimg.cc/g24gL0H1/temp-Image-OEOz-AB.avif,"Raleigh,C",raleica01,1p70
11612,Caleb Ferguson,0,https://sba-cards-2024.s3.us-east-1.amazonaws.com/2024-cards/caleb-ferguson.png,,498,FA,RP,CP,,,,,,,,,,-2,,"Ferguson,C",ferguca01,1p50
11613,Caleb Thielbar,0,https://sba-cards-2024.s3.us-east-1.amazonaws.com/2024-cards/caleb-thielbar.png,,516,GMEMiL,RP,CP,,,,,,,,,,15,,"Thielbar,C",thielca01,2p40
11614,Calvin Faucher,1.07,https://sba-cards-2024.s3.us-east-1.amazonaws.com/2024-cards/calvin-faucher.png,,498,FA,RP,CP,,,,,,,,,,-2,,"Faucher,C",fauchca01,2p50
11615,Cam Booser,0.9,https://sba-cards-2024.s3.us-east-1.amazonaws.com/2024-cards/cam-booser.png,,498,FA,RP,CP,,,,,,,,,,-2,,"Booser,C",booseca01,2p40
11616,Camilo Doval,0,https://sba-cards-2024.s3.us-east-1.amazonaws.com/2024-cards/camilo-doval.png,,498,FA,RP,CP,,,,,,,,,,-2,,"Doval,C",dovalca01,1p50
11617,Carlos Carrasco,0,https://sba-cards-2024.s3.us-east-1.amazonaws.com/2024-cards/carlos-carrasco.png,,498,FA,SP,,,,,,,,,,,-2,,"Carrasco,C",carraca01,2p60
11618,Carlos Correa,2.92,https://sba-cards-2024.s3.us-east-1.amazonaws.com/2024-cards/carlos-correa.png,,529,CAN,SS,,,,,,,,,,,17,,"Correa,C",correca01,4p40
11619,Carlos Estevez,1.83,https://sba-cards-2024.s3.us-east-1.amazonaws.com/2024-cards/carlos-estevez.png,,529,CAN,RP,CP,,,,,,,,,,13,,"Estevez,C",estevca01,1p50
11620,Carlos Hernandez,0.48,https://sba-cards-2024.s3.us-east-1.amazonaws.com/2024-cards/carlos-hernandez.png,,519,MKEMiL,RP,,,,,,,,,,,16,,"Hernandez,C",hernaca04,5p20
11621,Carlos Rodon,0.98,https://sba-cards-2024.s3.us-east-1.amazonaws.com/2024-cards/carlos-rodon.png,,505,AI,SP,,,,,,,,,,,1,,"Rodon,C",rodonca01,0p72
11622,Carlos Santana,1.22,https://sba-cards-2024.s3.us-east-1.amazonaws.com/2024-cards/carlos-santana.png,,505,AI,1B,,,,,,,,,,,13,,"Santana,C",santaca01,1p70
11623,Carmen Mlodzinski,0.76,https://sba-cards-2024.s3.us-east-1.amazonaws.com/2024-cards/carmen-mlodzinski.png,,502,DEN,SP,RP,,,,,,,,,,9,https://i.postimg.cc/fynHbBBW/images-10.jpg,"Mlodzinski,C",mlodzca01,4p40
11624,Carson Fulmer,0.69,https://sba-cards-2024.s3.us-east-1.amazonaws.com/2024-cards/carson-fulmer.png,,498,FA,SP,RP,,,,,,,,,,-2,,"Fulmer,C",fulmeca01,3p50
11625,Carson Kelly,0.46,https://sba-cards-2024.s3.us-east-1.amazonaws.com/2024-cards/carson-kelly.png,,523,BSG,C,,,,,,,,,,,1,,"Kelly,C",kellyca02,2p40
11626,Carson Spiers,0,https://sba-cards-2024.s3.us-east-1.amazonaws.com/2024-cards/carson-spiers.png,,498,FA,SP,RP,,,,,,,,,,-2,,"Spiers,C",spierca01,2p50
11627,Casey Mize,0.07,https://sba-cards-2024.s3.us-east-1.amazonaws.com/2024-cards/casey-mize.png,,498,FA,SP,RP,,,,,,,,,,-2,,"Mize,C",mizeca01,3p60
11628,Casey Schmitt,0.51,https://sba-cards-2024.s3.us-east-1.amazonaws.com/2024-cards/casey-schmitt.png,,505,AI,2B,SS,3B,,,,,,,,,7,,"Schmitt,C",schmica01,1p20
11629,Cavan Biggio,0.13,https://sba-cards-2024.s3.us-east-1.amazonaws.com/2024-cards/cavan-biggio.png,,498,FA,2B,3B,1B,RF,,,,,,,,-2,,"Biggio,C",biggica01,1p40
11630,Ceddanne Rafaela,1.42,https://sba-cards-2024.s3.us-east-1.amazonaws.com/2024-cards/ceddanne-rafaela.png,,525,BSGMiL,SS,CF,2B,3B,RF,,,,,,,15,,"Rafaela,C",rafaece01,1p70
11631,Cedric Mullins,1.51,https://sba-cards-2024.s3.us-east-1.amazonaws.com/2024-cards/cedric-mullins.png,,520,POR,CF,,,,,,,,,,,14,,"Mullins,C",mullice01,1p65
11632,Chad Green,0.63,https://sba-cards-2024.s3.us-east-1.amazonaws.com/2024-cards/chad-green.png,,534,MDWMiL,RP,CP,,,,,,,,,,15,,"Green,C",greench03,3p50
11633,Chad Kuhl,0.27,https://sba-cards-2024.s3.us-east-1.amazonaws.com/2024-cards/chad-kuhl.png,,513,DALMiL,SP,RP,CP,,,,,,,,,15,,"Kuhl,C",kuhlch01,1p30
11634,Charlie Blackmon,0.35,https://sba-cards-2024.s3.us-east-1.amazonaws.com/2024-cards/charlie-blackmon.png,,532,MDW,RF,,,,,,,,,,,19,,"Blackmon,C",blackch02,1p60
11635,Charlie Morton,0.6,https://sba-cards-2024.s3.us-east-1.amazonaws.com/2024-cards/charlie-morton.png,,498,FA,SP,,,,,,,,,,,-2,,"Morton,C",mortoch02,1p70
11636,Chas McCormick,0,https://sba-cards-2024.s3.us-east-1.amazonaws.com/2024-cards/chas-mccormick.png,,517,MKE,LF,RF,CF,,,,,,,,,1,,"McCormick,C",mccorch01,3p50
11637,Chase Anderson,0,https://sba-cards-2024.s3.us-east-1.amazonaws.com/2024-cards/chase-anderson.png,,498,FA,RP,CP,,,,,,,,,,-2,,"Anderson,C",anderch01,1p30
11638,Chris Bassitt,0,https://sba-cards-2024.s3.us-east-1.amazonaws.com/2024-cards/chris-bassitt.png,,498,FA,SP,,,,,,,,,,,11,,"Bassitt,C",bassich01,1p70
11639,Chris Devenski,0,https://sba-cards-2024.s3.us-east-1.amazonaws.com/2024-cards/chris-devenski.png,,498,FA,RP,,,,,,,,,,,-2,,"Devenski,C",devench02,3p20
11640,Chris Flexen,0.75,https://sba-cards-2024.s3.us-east-1.amazonaws.com/2024-cards/chris-flexen.png,,498,FA,SP,RP,,,,,,,,,,-2,,"Flexen,C",flexech01,1p70
11641,Chris Martin,0.22,https://sba-cards-2024.s3.us-east-1.amazonaws.com/2024-cards/chris-martin.png,,529,CAN,RP,CP,,,,,,,,,,1,,"Martin,C",martich02,4p40
11642,Chris Paddack,0.34,https://sba-cards-2024.s3.us-east-1.amazonaws.com/2024-cards/chris-paddack.png,,498,FA,SP,,,,,,,,,,,-2,,"Paddack,C",paddach01,4p50
11643,Chris Roycroft,0,https://sba-cards-2024.s3.us-east-1.amazonaws.com/2024-cards/chris-roycroft.png,,508,NYD,RP,,,,,,,,,,,13,,"Roycroft,C",roycrch01,1p20
11644,Chris Sale,3.14,https://sba-cards-2024.s3.us-east-1.amazonaws.com/2024-cards/chris-sale.png,,502,DEN,SP,,,,,,,,,,,16,,"Sale,C",salech01,1p70
11645,Chris Stratton,0,https://sba-cards-2024.s3.us-east-1.amazonaws.com/2024-cards/chris-stratton.png,,498,FA,RP,CP,,,,,,,,,,-2,,"Stratton,C",stratch01,2p50
11646,Chris Taylor,0,https://sba-cards-2024.s3.us-east-1.amazonaws.com/2024-cards/chris-taylor.png,,498,FA,LF,3B,2B,CF,,,,,,,,-2,,"Taylor,C",tayloch03,2p40
11647,Christian Bethancourt,0.59,https://sba-cards-2024.s3.us-east-1.amazonaws.com/2024-cards/christian-bethancourt.png,,532,MDW,C,,,,,,,,,,,1,,"Bethancourt,C",bethach01,2p30
11648,Christian Encarnacion Strand,0,https://sba-cards-2024.s3.us-east-1.amazonaws.com/2024-cards/christian-encarnacion-strand.png,,498,FA,1B,,,,,,,,,,,-2,,"Encarnacion,C",encarch01,5p20
11649,Christian Scott,0.48,https://sba-cards-2024.s3.us-east-1.amazonaws.com/2024-cards/christian-scott.png,,498,FA,SP,,,,,,,,,,,-2,,"Scott,C",scottch01,6p30
11650,Christian Vazquez,0,https://sba-cards-2024.s3.us-east-1.amazonaws.com/2024-cards/christian-vazquez.png,,514,GME,C,3B,1B,,,,,,,,,1,,"Vazquez,C",vazquch01,2p50
11651,Christian Walker,1.37,https://sba-cards-2024.s3.us-east-1.amazonaws.com/2024-cards/christian-walker.png,,534,MDWMiL,1B,,,,,,,,,,,19,https://www.azcentral.com/gcdn/presto/2019/02/21/PPHX/11b6e67f-9c14-46d5-89fb-5f1976f3db3f-RS_00037.JPG,"Walker,C",walkech02,3p60
11652,Christian Yelich,2.03,https://sba-cards-2024.s3.us-east-1.amazonaws.com/2024-cards/christian-yelich.png,,517,MKE,LF,,,,,,,,,,,16,https://media.discordapp.net/attachments/217481916687974400/1262925072327245854/image.png?ex=685d3961&is=685be7e1&hm=736c58f96e32ade4dc56a0f240baf7b2d55065bc2833a9ec4bf5e2edeed22c6f&=&format=webp&quality=lossless&width=1038&height=968,"Yelich,C",yelicch01,5p40
11653,Christopher Morel,0,https://sba-cards-2024.s3.us-east-1.amazonaws.com/2024-cards/christopher-morel.png,,498,FA,3B,2B,LF,,,,,,,,,-2,,"Morel,C",morelch01,1p70
11654,Chuckie Robinson,0,https://sba-cards-2024.s3.us-east-1.amazonaws.com/2024-cards/chuckie-robinson.png,,498,FA,C,,,,,,,,,,,1,,"Robinson,C",robinch04,2p20
11655,Cionel Perez,0,https://sba-cards-2024.s3.us-east-1.amazonaws.com/2024-cards/cionel-perez.png,,498,FA,RP,CP,,,,,,,,,,13,https://upload.wikimedia.org/wikipedia/commons/8/82/Francisco_de_Goya%2C_Saturno_devorando_a_su_hijo_%281819-1823%29.jpg,"Perez,C",perezci01,2p50
11656,CJ Abrams,1.64,https://sba-cards-2024.s3.us-east-1.amazonaws.com/2024-cards/cj-abrams.png,,532,MDW,SS,,,,,,,,,,,19,,"Abrams,C",abramcj01,1p65
11657,Clarke Schmidt,1.76,https://sba-cards-2024.s3.us-east-1.amazonaws.com/2024-cards/clarke-schmidt.png,,509,NYDIL,SP,,,,,,,,,,w21g4,17,,"Schmidt,C",schmicl01,5p50
11658,Clay Holmes,0.53,https://sba-cards-2024.s3.us-east-1.amazonaws.com/2024-cards/clay-holmes.png,,508,NYD,RP,CP,,,,,,,,,,1,,"Holmes,C",holmecl01,1p50
11659,Clayton Kershaw,0,https://sba-cards-2024.s3.us-east-1.amazonaws.com/2024-cards/clayton-kershaw.png,,498,FA,SP,,,,,,,,,,,-2,,"Kershaw,C",kershcl01,6p20
11660,Cody Bellinger,1.12,https://sba-cards-2024.s3.us-east-1.amazonaws.com/2024-cards/cody-bellinger.png,,538,CHC,CF,RF,1B,,,,,,,,,4,,"Bellinger,C",bellico01,1p60
11661,Cody Bradford,1.3,https://sba-cards-2024.s3.us-east-1.amazonaws.com/2024-cards/cody-bradford.png,,511,DAL,SP,,,,,,,,,,,6,,"Bradford,C",bradfco01,5p40
11662,Cole Irvin,0,https://sba-cards-2024.s3.us-east-1.amazonaws.com/2024-cards/cole-irvin.png,,502,DEN,SP,RP,CP,,,,,,,,,1,,"Irvin,C",irvinco01,1p60
11663,Cole Ragans,2.37,https://sba-cards-2024.s3.us-east-1.amazonaws.com/2024-cards/cole-ragans.png,,517,MKE,SP,,,,,,,,,,,1,https://fieldlevelmedia.com/wp-content/uploads/2025/06/26384113-1024x682.jpg,"Ragans,C",raganco01,0p72
11664,Cole Sands,1.21,https://sba-cards-2024.s3.us-east-1.amazonaws.com/2024-cards/cole-sands.png,,532,MDW,RP,CP,,,,,,,,,,4,,"Sands,C",sandsco01,1p40
11665,Colin Holderman,0.65,https://sba-cards-2024.s3.us-east-1.amazonaws.com/2024-cards/colin-holderman.png,,537,NSHMiL,RP,,,,,,,,,,,15,,"Holderman,C",holdeco01,3p40
11666,Colin Poche,0.64,https://sba-cards-2024.s3.us-east-1.amazonaws.com/2024-cards/colin-poche.png,,498,FA,RP,CP,,,,,,,,,,10,,"Poche,C",pocheco01,5p30
11667,Colin Rea,0.54,https://sba-cards-2024.s3.us-east-1.amazonaws.com/2024-cards/colin-rea.png,,498,FA,SP,RP,CP,,,,,,,,,-2,,"Rea,C",reaco01,1p70
11668,Collin Snider,1.04,https://sba-cards-2024.s3.us-east-1.amazonaws.com/2024-cards/collin-snider.png,,528,WAIMiL,RP,,,,,,,,,,,19,,"Snider,C",snideco01,2p40
11669,Colt Keith,0.57,https://sba-cards-2024.s3.us-east-1.amazonaws.com/2024-cards/colt-keith.png,,498,FA,2B,,,,,,,,,,,-2,,"Keith,C",keithco01,1p70
11670,Colten Brewer,0,https://sba-cards-2024.s3.us-east-1.amazonaws.com/2024-cards/colten-brewer.png,,498,FA,RP,CP,,,,,,,,,,-2,,"Brewer,C",breweco01,5p20
11671,Colton Cowser,1.6,https://sba-cards-2024.s3.us-east-1.amazonaws.com/2024-cards/colton-cowser.png,,526,WAI,LF,CF,RF,,,,,,,,,1,https://upload.wikimedia.org/wikipedia/commons/8/82/Francisco_de_Goya%2C_Saturno_devorando_a_su_hijo_%281819-1823%29.jpg,"Cowser,C",cowseco01,1p70
11672,Connor Joe,0.42,https://sba-cards-2024.s3.us-east-1.amazonaws.com/2024-cards/connor-joe.png,,498,FA,1B,RF,LF,,,,,,,,,-2,,"Joe,C",joeco01,1p60
11673,Connor Norby,0.3,https://sba-cards-2024.s3.us-east-1.amazonaws.com/2024-cards/connor-norby.png,,520,POR,3B,2B,,,,,,,,,,17,,"Norby,C",norbyco01,1p20
11674,Connor Wong,0.95,https://sba-cards-2024.s3.us-east-1.amazonaws.com/2024-cards/connor-wong.png,,501,WVMiL,C,1B,2B,LF,,,,,,,,16,,"Wong,C",wongco01,2p60
11675,Cooper Criswell,0.51,https://sba-cards-2024.s3.us-east-1.amazonaws.com/2024-cards/cooper-criswell.png,,516,GMEMiL,SP,RP,,,,,,,,,,15,,"Criswell,C",criswco01,1p60
11676,Corbin Burnes,1.57,https://sba-cards-2024.s3.us-east-1.amazonaws.com/2024-cards/corbin-burnes.png,,517,MKE,SP,,,,,,,,,,,1,https://cdn.discordapp.com/attachments/732718041397461023/983500059511521290/unknown.png?ex=685d230e&is=685bd18e&hm=f273d764a3c0bddb8826b6632c950aead1ce029db6b283bf42716b77c70fb7fa&,"Burnes,C",burneco01,0p72
11677,Corbin Carroll,1.44,https://sba-cards-2024.s3.us-east-1.amazonaws.com/2024-cards/corbin-carroll.png,,535,NSH,CF,RF,,,,,,,,,,1,,"Carroll,C",carroco02,1p70
11678,Corey Julks,0,https://sba-cards-2024.s3.us-east-1.amazonaws.com/2024-cards/corey-julks.png,,498,FA,RF,LF,CF,,,,,,,,,-2,,"Julks,C",julksco01,1p30
11679,Corey Seager,2.72,https://sba-cards-2024.s3.us-east-1.amazonaws.com/2024-cards/corey-seager.png,,526,WAI,SS,,,,,,,,,,,11,https://upload.wikimedia.org/wikipedia/commons/8/82/Francisco_de_Goya%2C_Saturno_devorando_a_su_hijo_%281819-1823%29.jpg,"Seager,C",seageco01,3p60
11680,Craig Kimbrel,0,https://sba-cards-2024.s3.us-east-1.amazonaws.com/2024-cards/craig-kimbrel.png,,541,CYP,RP,CP,,,,,,,,,,1,,"Kimbrel,C",kimbrcr01,1p50
11681,Cristian Javier,0.87,https://sba-cards-2024.s3.us-east-1.amazonaws.com/2024-cards/cristian-javier.png,,498,FA,SP,,,,,,,,,,,-2,,"Javier,C",javiecr01,6p20
11682,Cristian Pache,0,https://sba-cards-2024.s3.us-east-1.amazonaws.com/2024-cards/cristian-pache.png,,498,FA,CF,LF,RF,,,,,,,,,-2,,"Pache,C",pachecr01,1p40
11683,Cristopher Sanchez,1.68,https://sba-cards-2024.s3.us-east-1.amazonaws.com/2024-cards/cristopher-sanchez.png,,517,MKE,SP,,,,,,,,,,,9,,"Sanchez,C",sanchcr01,1p70
11684,Curt Casali,0.7,https://sba-cards-2024.s3.us-east-1.amazonaws.com/2024-cards/curt-casali.png,,498,FA,C,,,,,,,,,,,-2,,"Casali,C",casalcu01,2p20
11685,Curtis Mead,0,https://sba-cards-2024.s3.us-east-1.amazonaws.com/2024-cards/curtis-mead.png,,514,GME,2B,3B,1B,,,,,,,,,1,,"Mead,C",meadcu01,1p20
11686,Dairon Blanco,0.22,https://sba-cards-2024.s3.us-east-1.amazonaws.com/2024-cards/dairon-blanco.png,,505,AI,LF,CF,RF,,,,,,,,,1,,"Blanco,D",blancda02,1p40
11687,Dakota Hudson,0,https://sba-cards-2024.s3.us-east-1.amazonaws.com/2024-cards/dakota-hudson.png,,498,FA,SP,,,,,,,,,,,-2,,"Hudson,Dk",hudsoda02,2p50
11688,Dane Dunning,0,https://sba-cards-2024.s3.us-east-1.amazonaws.com/2024-cards/dane-dunning.png,,498,FA,SP,RP,,,,,,,,,,-2,,"Dunning,D",dunnida01,2p50
11689,Dane Myers,1.34,https://sba-cards-2024.s3.us-east-1.amazonaws.com/2024-cards/dane-myers.png,,498,FA,RF,LF,CF,,,,,,,,,-2,,"Myers,D",myersda01,6p20
11690,Daniel Coulombe,1.46,https://sba-cards-2024.s3.us-east-1.amazonaws.com/2024-cards/daniel-coulombe.png,,538,CHC,RP,CP,,,,,,,,,,10,,"Coulombe,D",couloda01,5p30
11691,Daniel Hudson,0.38,https://sba-cards-2024.s3.us-east-1.amazonaws.com/2024-cards/daniel-hudson.png,,535,NSH,RP,CP,,,,,,,,,,16,,"Hudson,Dn",hudsoda01,1p50
11692,Daniel Lynch,1.5,https://sba-cards-2024.s3.us-east-1.amazonaws.com/2024-cards/daniel-lynch.png,,534,MDWMiL,SP,RP,CP,,,,,,,,,19,,"Lynch,D",lynchda02,1p30
11693,Daniel Schneemann,0.92,https://sba-cards-2024.s3.us-east-1.amazonaws.com/2024-cards/daniel-schneemann.png,,540,CHCMiL,SS,CF,3B,RF,2B,LF,,,,,,15,,"Schneemann,D",schneda04,1p40
11694,Daniel Vogelbach,0,https://sba-cards-2024.s3.us-east-1.amazonaws.com/2024-cards/daniel-vogelbach.png,,498,FA,DH,,,,,,,,,,,-2,,"Vogelbach,D",vogelda01,1p20
11695,Danny Jansen,0.63,https://sba-cards-2024.s3.us-east-1.amazonaws.com/2024-cards/danny-jansen.png,,502,DEN,C,,,,,,,,,,,17,,"Jansen,D",janseda01,3p50
11696,Danny Mendick,0,https://sba-cards-2024.s3.us-east-1.amazonaws.com/2024-cards/danny-mendick.png,,528,WAIMiL,3B,2B,,,,,,,,,,15,https://upload.wikimedia.org/wikipedia/commons/8/82/Francisco_de_Goya%2C_Saturno_devorando_a_su_hijo_%281819-1823%29.jpg,"Mendick,D",mendida01,1p30
11697,Danny Young,0,https://sba-cards-2024.s3.us-east-1.amazonaws.com/2024-cards/danny-young.png,,523,BSG,RP,,,,,,,,,,,1,,"Young,D",youngda02,1p30
11698,Dansby Swanson,1.96,https://sba-cards-2024.s3.us-east-1.amazonaws.com/2024-cards/dansby-swanson.png,,535,NSH,SS,,,,,,,,,,,14,,"Swanson,D",swansda01,1p70
11699,Dany Jimenez,0,https://sba-cards-2024.s3.us-east-1.amazonaws.com/2024-cards/dany-jimenez.png,,498,FA,RP,CP,,,,,,,,,,-2,,"Jimenez,D",jimenda01,5p20
11700,Darell Hernaiz,0,https://sba-cards-2024.s3.us-east-1.amazonaws.com/2024-cards/darell-hernaiz.png,,498,FA,3B,SS,2B,,,,,,,,,-2,,"Hernaiz,D",hernada04,5p30
11701,Darren McCaughan,0,https://sba-cards-2024.s3.us-east-1.amazonaws.com/2024-cards/darren-mccaughan.png,,498,FA,SP,RP,CP,,,,,,,,,-2,,"McCaughan,D",mccauda01,1p30
11702,Daulton Varsho,2.83,https://sba-cards-2024.s3.us-east-1.amazonaws.com/2024-cards/daulton-varsho.png,,517,MKE,CF,LF,RF,,,,,,,,,14,,"Varsho,D",varshda01,2p60
11703,David Bednar,0,https://sba-cards-2024.s3.us-east-1.amazonaws.com/2024-cards/david-bednar.png,,498,FA,RP,CP,,,,,,,,,,-2,,"Bednar,D",bednada01,1p50
11704,David Dahl,1.4,https://sba-cards-2024.s3.us-east-1.amazonaws.com/2024-cards/david-dahl.png,,498,FA,LF,RF,,,,,,,,,,-2,,"Dahl,D",dahlda01,1p20
11705,David Festa,0.47,https://sba-cards-2024.s3.us-east-1.amazonaws.com/2024-cards/david-festa.png,,498,FA,SP,RP,,,,,,,,,,-2,,"Festa,D",festada01,1p40
11706,David Fry,1.04,https://sba-cards-2024.s3.us-east-1.amazonaws.com/2024-cards/david-fry.png,,529,CAN,1B,C,LF,RF,3B,,,,,,,10,,"Fry,D",fryda01,2p60
11707,David Hamilton,2.38,https://sba-cards-2024.s3.us-east-1.amazonaws.com/2024-cards/david-hamilton.png,,498,FA,SS,2B,,,,,,,,,,-2,,"Hamilton,D",hamilda03,3p50
11708,David Peralta,0.89,https://sba-cards-2024.s3.us-east-1.amazonaws.com/2024-cards/david-peralta.png,,528,WAIMiL,RF,LF,,,,,,,,,,15,,"Peralta,D",peralda01,1p40
11709,David Peterson,2.16,https://sba-cards-2024.s3.us-east-1.amazonaws.com/2024-cards/david-peterson.png,,516,GMEMiL,SP,,,,,,,,,,,18,,"Peterson,D",peterda01,3p50
11710,David Robertson,1.13,https://sba-cards-2024.s3.us-east-1.amazonaws.com/2024-cards/david-robertson.png,,512,DALIL,RP,CP,,,,,,,,,w18g03,17,,"Robertson,D",roberda08,1p60
11711,Davis Daniel,0,https://sba-cards-2024.s3.us-east-1.amazonaws.com/2024-cards/davis-daniel.png,,498,FA,SP,,,,,,,,,,,-2,,"Daniel,D",danieda01,1p20
11712,Davis Martin,1.35,https://sba-cards-2024.s3.us-east-1.amazonaws.com/2024-cards/davis-martin.png,,498,FA,SP,RP,,,,,,,,,,-2,,"Martin,D",martida03,1p30
11713,Davis Schneider,0,https://sba-cards-2024.s3.us-east-1.amazonaws.com/2024-cards/davis-schneider.png,,498,FA,LF,2B,,,,,,,,,,10,,"Schneider,D",schneda03,1p60
11714,Daz Cameron,0,https://sba-cards-2024.s3.us-east-1.amazonaws.com/2024-cards/daz-cameron.png,,538,CHC,LF,RF,CF,,,,,,,,,1,,"Cameron,D",camerda01,1p30
11715,Dean Kremer,0.29,https://sba-cards-2024.s3.us-east-1.amazonaws.com/2024-cards/dean-kremer.png,,543,CYPMiL,SP,,,,,,,,,,,14,,"Kremer,D",kremede01,2p65
11716,Declan Cronin,0.51,https://sba-cards-2024.s3.us-east-1.amazonaws.com/2024-cards/declan-cronin.png,,498,FA,RP,,,,,,,,,,,-2,,"Cronin,D",cronide01,1p40
11717,Dedniel Nunez,1.65,https://sba-cards-2024.s3.us-east-1.amazonaws.com/2024-cards/dedniel-nunez.png,,542,CYPIL,RP,CP,,,,,,,,,w23g3,15,,"Nunez,D",nunezde01,5p20
11718,Dennis Santana,0.9,https://sba-cards-2024.s3.us-east-1.amazonaws.com/2024-cards/dennis-santana.png,,538,CHC,RP,CP,,,,,,,,,,19,,"Santana,D",santade01,1p40
11719,Derek Hill,0,https://sba-cards-2024.s3.us-east-1.amazonaws.com/2024-cards/derek-hill.png,,526,WAI,CF,LF,RF,,,,,,,,,1,https://upload.wikimedia.org/wikipedia/commons/8/82/Francisco_de_Goya%2C_Saturno_devorando_a_su_hijo_%281819-1823%29.jpg,"Hill,D",hillde01,1p30
11720,Derek Law,1.52,https://sba-cards-2024.s3.us-east-1.amazonaws.com/2024-cards/derek-law.png,,532,MDW,RP,CP,,,,,,,,,,11,,"Law,D",lawde01,0p72
11721,Devin Williams,3.1,https://sba-cards-2024.s3.us-east-1.amazonaws.com/2024-cards/devin-williams.png,,531,CANMiL,RP,CP,,,,,,,,,,17,,"Williams,D",willide03,5p20
11722,Dillon Dingler,0,https://sba-cards-2024.s3.us-east-1.amazonaws.com/2024-cards/dillon-dingler.png,,498,FA,C,,,,,,,,,,,5,https://upload.wikimedia.org/wikipedia/commons/8/82/Francisco_de_Goya%2C_Saturno_devorando_a_su_hijo_%281819-1823%29.jpg,"Dingler,D",dingldi01,2p20
11723,Dillon Tate,0,https://sba-cards-2024.s3.us-east-1.amazonaws.com/2024-cards/dillon-tate.png,,531,CANMiL,RP,CP,,,,,,,,,,19,,"Tate,D",tatedi01,1p30
11724,DJ Herz,0.59,https://sba-cards-2024.s3.us-east-1.amazonaws.com/2024-cards/dj-herz.png,,541,CYP,SP,,,,,,,,,,,14,,"Herz,D",herzdj01,1p50
11725,DJ LeMahieu,0,https://sba-cards-2024.s3.us-east-1.amazonaws.com/2024-cards/dj-lemahieu.png,,519,MKEMiL,3B,1B,,,,,,,,,,15,,"Lemahieu,D",lemahdj01,5p30
11726,DJ Stewart,0,https://sba-cards-2024.s3.us-east-1.amazonaws.com/2024-cards/dj-stewart.png,,498,FA,RF,LF,1B,,,,,,,,,-2,,"Stewart,D",stewadj01,1p40
11727,DL Hall,0,https://sba-cards-2024.s3.us-east-1.amazonaws.com/2024-cards/dl-hall.png,,498,FA,SP,RP,,,,,,,,,,11,,"Hall,D",halldl01,6p30
11728,Dominic Canzone,0.31,https://sba-cards-2024.s3.us-east-1.amazonaws.com/2024-cards/dominic-canzone.png,,498,FA,RF,LF,,,,,,,,,,-2,,"Canzone,D",canzodo01,4p30
11729,Dominic Fletcher,0,https://sba-cards-2024.s3.us-east-1.amazonaws.com/2024-cards/dominic-fletcher.png,,498,FA,RF,CF,LF,,,,,,,,,-2,,"Fletcher,Dominic",fletcdo01,3p40
11730,Dominic Smith,0,https://sba-cards-2024.s3.us-east-1.amazonaws.com/2024-cards/dominic-smith.png,,498,FA,1B,,,,,,,,,,,-2,,"Smith,D",smithdo02,1p50
11731,Donovan Solano,0.94,https://sba-cards-2024.s3.us-east-1.amazonaws.com/2024-cards/donovan-solano.png,,526,WAI,3B,1B,2B,,,,,,,,,17,https://upload.wikimedia.org/wikipedia/commons/8/82/Francisco_de_Goya%2C_Saturno_devorando_a_su_hijo_%281819-1823%29.jpg,"Solano,D",solando01,1p50
11732,Drew Millas,1.87,https://sba-cards-2024.s3.us-east-1.amazonaws.com/2024-cards/drew-millas.png,,498,FA,C,,,,,,,,,,,-2,,"Millas,D",milladr01,2p20
11733,Drew Rasmussen,1,https://sba-cards-2024.s3.us-east-1.amazonaws.com/2024-cards/drew-rasmussen.png,,536,NSHIL,SP,RP,CP,,,,,,,,w40g3,14,,"Rasmussen,D",rasmudr01,5p30
11734,Drew Smyly,0,https://sba-cards-2024.s3.us-east-1.amazonaws.com/2024-cards/drew-smyly.png,,498,FA,RP,,,,,,,,,,,-2,,"Smyly,D",smylydr01,3p40
11735,Drew Thorpe,0,https://sba-cards-2024.s3.us-east-1.amazonaws.com/2024-cards/drew-thorpe.png,,544,CLS,SP,,,,,,,,,,w20g01,15,,"Thorpe,D",thorpdr01,6p30
11736,Dylan Carlson,0,https://sba-cards-2024.s3.us-east-1.amazonaws.com/2024-cards/dylan-carlson.png,,498,FA,LF,RF,CF,,,,,,,,,-2,,"Carlson,D",carlsdy01,3p50
11737,Dylan Cease,2,https://sba-cards-2024.s3.us-east-1.amazonaws.com/2024-cards/dylan-cease.png,,523,BSG,SP,,,,,,,,,,,11,https://i.postimg.cc/C5mgQ0Vt/temp-Image6-Mt-PSh.avif,"Cease,D",ceasedy01,0p72
11738,Dylan Crews,1.32,https://sba-cards-2024.s3.us-east-1.amazonaws.com/2024-cards/dylan-crews.png,,534,MDWMiL,RF,CF,,,,,,,,,,17,,"Crews,D",crewsdy01,1p20
11739,Dylan Floro,0.56,https://sba-cards-2024.s3.us-east-1.amazonaws.com/2024-cards/dylan-floro.png,,545,CLSIL,RP,,,,,,,,,,w16g02,12,https://i.postimg.cc/3xGqyhcT/temp-Imagecf-M3jw.avif,"Floro,D",florody01,1p60
11740,Dylan Lee,1.57,https://sba-cards-2024.s3.us-east-1.amazonaws.com/2024-cards/dylan-lee.png,,498,FA,RP,,,,,,,,,,,-2,,"Lee,D",leedy01,1p40
11741,Dylan Moore,1.45,https://sba-cards-2024.s3.us-east-1.amazonaws.com/2024-cards/dylan-moore.png,,546,CLSMiL,SS,2B,3B,LF,1B,,,,,,,2,,"Moore,D",mooredy01,1p60
11742,Eddie Rosario,0,https://sba-cards-2024.s3.us-east-1.amazonaws.com/2024-cards/eddie-rosario.png,,498,FA,LF,RF,CF,,,,,,,,,-2,,"Rosario,E",rosared01,1p40
11743,Edmundo Sosa,2.43,https://sba-cards-2024.s3.us-east-1.amazonaws.com/2024-cards/edmundo-sosa.png,,528,WAIMiL,SS,2B,3B,,,,,,,,,15,,"Sosa,E",sosaed01,1p40
11744,Edouard Julien,0,https://sba-cards-2024.s3.us-east-1.amazonaws.com/2024-cards/edouard-julien.png,,498,FA,2B,1B,,,,,,,,,,-2,,"Julien,E",julieed01,1p50
11745,Eduard Bazardo,0,https://sba-cards-2024.s3.us-east-1.amazonaws.com/2024-cards/eduard-bazardo.png,,511,DAL,RP,,,,,,,,,,,16,,"Bazardo,E",bazared01,5p20
11746,Eduardo Rodriguez,0.3,https://sba-cards-2024.s3.us-east-1.amazonaws.com/2024-cards/eduardo-rodriguez.png,,498,FA,SP,,,,,,,,,,,-2,,"Rodriguez,E",rodried05,6p30
11747,Eduardo Salazar,1.23,https://sba-cards-2024.s3.us-east-1.amazonaws.com/2024-cards/eduardo-salazar.png,,498,FA,RP,,,,,,,,,,,-2,,"Salazar,E",salazed01,1p20
11748,Edward Cabrera,0.54,https://sba-cards-2024.s3.us-east-1.amazonaws.com/2024-cards/edward-cabrera.png,,510,NYDMiL,SP,,,,,,,,,,,16,,"Cabrera,E",cabreed02,3p50
11749,Edward Olivares,0,https://sba-cards-2024.s3.us-east-1.amazonaws.com/2024-cards/edward-olivares.png,,498,FA,RF,LF,,,,,,,,,,-2,,"Olivares,E",olivaed02,1p30
11750,Edwin Diaz,0.45,https://sba-cards-2024.s3.us-east-1.amazonaws.com/2024-cards/edwin-diaz.png,,514,GME,RP,CP,,,,,,,,,,1,,"Diaz,E",diazed04,2p50
11751,Edwin Uceta,3.28,https://sba-cards-2024.s3.us-east-1.amazonaws.com/2024-cards/edwin-uceta.png,,537,NSHMiL,RP,CP,,,,,,,,,,16,,"Uceta,E",ucetaed01,1p30
11752,Elehuris Montero,0,https://sba-cards-2024.s3.us-east-1.amazonaws.com/2024-cards/elehuris-montero.png,,498,FA,1B,,,,,,,,,,,-2,,"Montero,E",monteel01,1p30
11753,Eli Morgan,1.89,https://sba-cards-2024.s3.us-east-1.amazonaws.com/2024-cards/eli-morgan.png,,513,DALMiL,RP,,,,,,,,,,,10,,"Morgan,E",morgael01,5p30
11754,Elias Diaz,1.07,https://sba-cards-2024.s3.us-east-1.amazonaws.com/2024-cards/elias-diaz.png,,522,PORMiL,C,,,,,,,,,,,17,,"Diaz,Elias",diazel01,3p50
11755,Elly De La Cruz,2.17,https://sba-cards-2024.s3.us-east-1.amazonaws.com/2024-cards/elly-de-la-cruz.png,,511,DAL,SS,,,,,,,,,,,14,,"De La Cruz,E",delacel01,1p70
11756,Eloy Jimenez,0,https://sba-cards-2024.s3.us-east-1.amazonaws.com/2024-cards/eloy-jimenez.png,,498,FA,RF,,,,,,,,,,,-2,,"Jimenez,E",jimenel02,3p50
11757,Elvis Peguero,0.37,https://sba-cards-2024.s3.us-east-1.amazonaws.com/2024-cards/elvis-peguero.png,,510,NYDMiL,RP,CP,,,,,,,,,,16,,"Peguero,E",pegueel01,1p40
11758,Emerson Hancock,0,https://sba-cards-2024.s3.us-east-1.amazonaws.com/2024-cards/emerson-hancock.png,,498,FA,SP,,,,,,,,,,,-2,,"Hancock,E",hancoem01,1p30
11759,Emilio Pagan,0.51,https://sba-cards-2024.s3.us-east-1.amazonaws.com/2024-cards/emilio-pagan.png,,498,FA,RP,CP,,,,,,,,,,-2,,"Pagan,E",paganem01,5p30
11760,Emmanuel Clase,2.84,https://sba-cards-2024.s3.us-east-1.amazonaws.com/2024-cards/emmanuel-clase.png,,544,CLS,RP,CP,,,,,,,,,,1,https://i.postimg.cc/28tpb2j4/temp-Imageel-WJSo.avif,"Clase,E",claseem01,0p72
11761,Emmanuel Ramirez,0,https://sba-cards-2024.s3.us-east-1.amazonaws.com/2024-cards/emmanuel-ramirez.png,,498,FA,RP,,,,,,,,,,,-2,,"Ramirez,Em",ramirem01,1p20
11762,Emmanuel Rivera,0,https://sba-cards-2024.s3.us-east-1.amazonaws.com/2024-cards/emmanuel-rivera.png,,508,NYD,3B,1B,,,,,,,,,,1,,"Rivera,E",riverem01,1p60
11763,Enmanuel Valdez,0,https://sba-cards-2024.s3.us-east-1.amazonaws.com/2024-cards/enmanuel-valdez.png,,498,FA,2B,3B,LF,,,,,,,,,-2,,"Valdez,E",valdeen01,1p40
11764,Enoli Paredes,2.33,https://sba-cards-2024.s3.us-east-1.amazonaws.com/2024-cards/enoli-paredes.png,,513,DALMiL,RP,CP,,,,,,,,,,15,,"Paredes,E",pareden01,5p20
11765,Enrique Hernandez,0.96,https://sba-cards-2024.s3.us-east-1.amazonaws.com/2024-cards/enrique-hernandez.png,,540,CHCMiL,3B,1B,LF,SS,2B,CF,,,,,,6,,"Hernandez,E",hernaen02,1p60
11766,Enyel De Los Santos,0.08,https://sba-cards-2024.s3.us-east-1.amazonaws.com/2024-cards/enyel-de-los-santos.png,,498,FA,RP,CP,,,,,,,,,,-2,,"De Los Santos,E",delosen01,1p50
11767,Erasmo Ramirez,0,https://sba-cards-2024.s3.us-east-1.amazonaws.com/2024-cards/erasmo-ramirez.png,,532,MDW,RP,CP,,,,,,,,,,12,,"Ramirez,Er",ramirer02,1p20
11768,Eric Haase,1.68,https://sba-cards-2024.s3.us-east-1.amazonaws.com/2024-cards/eric-haase.png,,546,CLSMiL,C,,,,,,,,,,,5,https://i.postimg.cc/V6k4FPD5/temp-Imageku0uih.avif,"Haase,E",haaseer01,2p20
11769,Eric Wagaman,1.57,https://sba-cards-2024.s3.us-east-1.amazonaws.com/2024-cards/eric-wagaman.png,,498,FA,3B,LF,,,,,,,,,,-2,,"Wagaman,E",wagamer01,1p20
11770,Erick Fedde,2.84,https://sba-cards-2024.s3.us-east-1.amazonaws.com/2024-cards/erick-fedde.png,,508,NYD,SP,,,,,,,,,,,1,,"Fedde,E",feddeer01,1p70
11771,Erik Miller,0.29,https://sba-cards-2024.s3.us-east-1.amazonaws.com/2024-cards/erik-miller.png,,520,POR,SP,RP,,,,,,,,,,1,,"Miller,E",milleer01,0p72
11772,Erik Swanson,0,https://sba-cards-2024.s3.us-east-1.amazonaws.com/2024-cards/erik-swanson.png,,498,FA,RP,,,,,,,,,,,-2,,"Swanson,E",swanser01,2p40
11773,Ernie Clement,2.18,https://sba-cards-2024.s3.us-east-1.amazonaws.com/2024-cards/ernie-clement.png,,546,CLSMiL,3B,SS,2B,LF,,,,,,,,15,,"Clement,E",clemeer01,1p65
11774,Esteury Ruiz,0,https://sba-cards-2024.s3.us-east-1.amazonaws.com/2024-cards/esteury-ruiz.png,,529,CAN,LF,CF,,,,,,,,,,17,,"Ruiz,E",ruizes01,6p20
11775,Estevan Florial,0.26,https://sba-cards-2024.s3.us-east-1.amazonaws.com/2024-cards/estevan-florial.png,,498,FA,LF,RF,CF,,,,,,,,,-2,,"Florial,E",flories01,1p20
11776,Ethan Roberts,0.54,https://sba-cards-2024.s3.us-east-1.amazonaws.com/2024-cards/ethan-roberts.png,,498,FA,RP,,,,,,,,,,,-2,,"Roberts,E",roberet01,1p20
11777,Eugenio Suarez,1.4,https://sba-cards-2024.s3.us-east-1.amazonaws.com/2024-cards/eugenio-suarez.png,,538,CHC,3B,,,,,,,,,,,1,,"Suarez,E",suareeu01,1p70
11778,Evan Carter,1.07,https://sba-cards-2024.s3.us-east-1.amazonaws.com/2024-cards/evan-carter.png,,529,CAN,LF,RF,CF,,,,,,,,,15,,"Carter,E",carteev01,5p20
11779,Evan Phillips,0,https://sba-cards-2024.s3.us-east-1.amazonaws.com/2024-cards/evan-phillips.png,,530,CANIL,RP,CP,,,,,,,,,,8,,"Phillips,E",phillev01,1p50
11780,Ezequiel Duran,0,https://sba-cards-2024.s3.us-east-1.amazonaws.com/2024-cards/ezequiel-duran.png,,505,AI,3B,LF,1B,SS,2B,RF,,,,,,13,,"Duran,E",duranez01,1p50
11781,Ezequiel Tovar,1.59,https://sba-cards-2024.s3.us-east-1.amazonaws.com/2024-cards/ezequiel-tovar.png,,502,DEN,SS,,,,,,,,,,,1,,"Tovar,E",tovarez01,1p70
11782,Fernando Cruz,0.22,https://sba-cards-2024.s3.us-east-1.amazonaws.com/2024-cards/fernando-cruz.png,,504,DENMiL,SP,RP,,,,,,,,,,15,,"Cruz,F",cruzfe01,1p60
11783,Fernando Tatis Jr,1.72,https://sba-cards-2024.s3.us-east-1.amazonaws.com/2024-cards/fernando-tatis-jr.png,,530,CANIL,RF,,,,,,,,,,w22g1,8,,"Tatis Jr,F",tatisfe02,4p50
11784,Framber Valdez,2.3,https://sba-cards-2024.s3.us-east-1.amazonaws.com/2024-cards/framber-valdez.png,,520,POR,SP,,,,,,,,,,,8,,"Valdez,F",valdefr01,1p70
11785,Francisco Alvarez,0.68,https://sba-cards-2024.s3.us-east-1.amazonaws.com/2024-cards/francisco-alvarez.png,,541,CYP,C,,,,,,,,,,,1,,"Alvarez,F",alvarfr01,5p50
11786,Francisco Lindor,2.9,https://sba-cards-2024.s3.us-east-1.amazonaws.com/2024-cards/francisco-lindor.png,,517,MKE,SS,,,,,,,,,,,1,https://cloudfront-us-east-1.images.arcpublishing.com/advancelocal/LRP2XUDWXJHEPKJRZCU6JOZB6I.jpg,"Lindor,F",lindofr01,1p70
11787,Frankie Montas,0.3,https://sba-cards-2024.s3.us-east-1.amazonaws.com/2024-cards/frankie-montas.png,,498,FA,SP,,,,,,,,,,,-2,,"Montas,F",montafr02,1p70
11788,Fraser Ellard,0.4,https://sba-cards-2024.s3.us-east-1.amazonaws.com/2024-cards/fraser-ellard.png,,520,POR,RP,CP,,,,,,,,,,1,,"Ellard,F",ellarfr01,1p20
11789,Freddie Freeman,2.14,https://sba-cards-2024.s3.us-east-1.amazonaws.com/2024-cards/freddie-freeman.png,,508,NYD,1B,,,,,,,,,,,1,,"Freeman,F",freemfr01,1p65
11790,Freddy Fermin,2.36,https://sba-cards-2024.s3.us-east-1.amazonaws.com/2024-cards/freddy-fermin.png,,540,CHCMiL,C,,,,,,,,,,,14,,"Fermin,F",fermifr01,2p50
11791,Freddy Peralta,1.12,https://sba-cards-2024.s3.us-east-1.amazonaws.com/2024-cards/freddy-peralta.png,,514,GME,SP,,,,,,,,,,,17,https://i.postimg.cc/k4W881dD/temp-Image-RPCupz.avif,"Peralta,F",peralfr01,0p72
11792,Gabe Speier,0,https://sba-cards-2024.s3.us-east-1.amazonaws.com/2024-cards/gabe-speier.png,,498,FA,RP,,,,,,,,,,,17,,"Speier,G",speiega01,5p20
11793,Gabriel Arias,0,https://sba-cards-2024.s3.us-east-1.amazonaws.com/2024-cards/gabriel-arias.png,,508,NYD,3B,SS,2B,1B,LF,CF,RF,,,,,1,,"Arias,G",ariasga01,1p30
11794,Gabriel Moreno,2.15,https://sba-cards-2024.s3.us-east-1.amazonaws.com/2024-cards/gabriel-moreno.png,,537,NSHMiL,C,,,,,,,,,,,17,,"Moreno,G",morenga01,5p50
11795,Garrett Cleavinger,0.64,https://sba-cards-2024.s3.us-east-1.amazonaws.com/2024-cards/garrett-cleavinger.png,,522,PORMiL,RP,CP,,,,,,,,,,14,,"Cleavinger,G",cleavga01,1p50
11796,Garrett Cooper,0,https://sba-cards-2024.s3.us-east-1.amazonaws.com/2024-cards/garrett-cooper.png,,498,FA,1B,LF,,,,,,,,,,-2,,"Cooper,G",coopega03,1p20
11797,Garrett Crochet,2.02,https://sba-cards-2024.s3.us-east-1.amazonaws.com/2024-cards/garrett-crochet.png,,508,NYD,SP,,,,,,,,,,,11,,"Crochet,G",crochga01,0p72
11798,Garrett Hampson,0.5,https://sba-cards-2024.s3.us-east-1.amazonaws.com/2024-cards/garrett-hampson.png,,499,WV,CF,2B,LF,RF,1B,3B,SS,,,,,16,,"Hampson,G",hampsga01,1p50
11799,Garrett Mitchell,2.59,https://sba-cards-2024.s3.us-east-1.amazonaws.com/2024-cards/garrett-mitchell.png,,528,WAIMiL,CF,RF,,,,,,,,,,15,,"Mitchell,G",mitchga01,5p40
11800,Garrett Stubbs,0.62,https://sba-cards-2024.s3.us-east-1.amazonaws.com/2024-cards/garrett-stubbs.png,,501,WVMiL,C,,,,,,,,,,,16,,"Stubbs,G",stubbga01,2p30
11801,Gary Sanchez,0.21,https://sba-cards-2024.s3.us-east-1.amazonaws.com/2024-cards/gary-sanchez.png,,511,DAL,C,1B,,,,,,,,,w20g2,1,,"Sanchez,G",sanchga02,3p40
11802,Gavin Lux,1.25,https://sba-cards-2024.s3.us-east-1.amazonaws.com/2024-cards/gavin-lux.png,,498,FA,2B,SS,,,,,,,,,,-2,,"Lux,G",luxga01,1p65
11803,Gavin Sheets,0,https://sba-cards-2024.s3.us-east-1.amazonaws.com/2024-cards/gavin-sheets.png,,498,FA,RF,1B,,,,,,,,,,-2,,"Sheets,G",sheetga01,1p65
11804,Gavin Stone,0.96,https://sba-cards-2024.s3.us-east-1.amazonaws.com/2024-cards/gavin-stone.png,,530,CANIL,SP,,,,,,,,,,w19g4,18,,"Stone,G",stonega01,1p70
11805,Gavin Williams,0,https://sba-cards-2024.s3.us-east-1.amazonaws.com/2024-cards/gavin-williams.png,,498,FA,SP,,,,,,,,,,,-2,,"Williams,G",williga01,4p40
11806,Genesis Cabrera,0,https://sba-cards-2024.s3.us-east-1.amazonaws.com/2024-cards/genesis-cabrera.png,,498,FA,RP,CP,,,,,,,,,,-2,,"Cabrera,G",cabrege01,1p50
11807,George Kirby,0.9,https://sba-cards-2024.s3.us-east-1.amazonaws.com/2024-cards/george-kirby.png,,535,NSH,SP,,,,,,,,,,,16,,"Kirby,G",kirbyge01,0p72
11808,George Soriano,0,https://sba-cards-2024.s3.us-east-1.amazonaws.com/2024-cards/george-soriano.png,,507,AIMiL,RP,CP,,,,,,,,,,15,,"Soriano,G",soriage01,1p20
11809,George Springer,0.52,https://sba-cards-2024.s3.us-east-1.amazonaws.com/2024-cards/george-springer.png,,498,FA,RF,CF,,,,,,,,,,-2,,"Springer,G",springe01,1p65
11810,Geraldo Perdomo,2.62,https://sba-cards-2024.s3.us-east-1.amazonaws.com/2024-cards/geraldo-perdomo.png,,528,WAIMiL,SS,,,,,,,,,,,11,,"Perdomo,G",perdoge01,4p50
11811,Gerrit Cole,1.89,https://sba-cards-2024.s3.us-east-1.amazonaws.com/2024-cards/gerrit-cole.png,,532,MDW,SP,,,,,,,,,,,15,,"Cole,G",colege01,4p40
11812,Giancarlo Stanton,0.44,https://sba-cards-2024.s3.us-east-1.amazonaws.com/2024-cards/giancarlo-stanton.png,,526,WAI,DH,,,,,,,,,,,15,,"Stanton,G",stantmi03,3p60
11813,Gio Urshela,0.44,https://sba-cards-2024.s3.us-east-1.amazonaws.com/2024-cards/gio-urshela.png,,498,FA,3B,1B,SS,,,,,,,,,-2,,"Urshela,G",urshegi01,2p60
11814,Giovanny Gallegos,0,https://sba-cards-2024.s3.us-east-1.amazonaws.com/2024-cards/giovanny-gallegos.png,,502,DEN,RP,CP,,,,,,,,,,15,,"Gallegos,G",gallegi01,5p20
11815,Gleyber Torres,0.78,https://sba-cards-2024.s3.us-east-1.amazonaws.com/2024-cards/gleyber-torres.png,,510,NYDMiL,2B,,,,,,,,,,,15,,"Torres,G",torregl01,1p70
11816,Graham Ashcraft,0.29,https://sba-cards-2024.s3.us-east-1.amazonaws.com/2024-cards/graham-ashcraft.png,,498,FA,SP,,,,,,,,,,,-2,,"Ashcraft,G",ashcrgr01,4p40
11817,Grant Anderson,0,https://sba-cards-2024.s3.us-east-1.amazonaws.com/2024-cards/grant-anderson.png,,498,FA,RP,CP,,,,,,,,,,-2,,"Anderson,G",andergr01,2p20
11818,Grant Holmes,1.16,https://sba-cards-2024.s3.us-east-1.amazonaws.com/2024-cards/grant-holmes.png,,534,MDWMiL,SP,RP,,,,,,,,,,16,,"Holmes,G",holmegr01,1p40
11819,Grant McCray,0,https://sba-cards-2024.s3.us-east-1.amazonaws.com/2024-cards/grant-mccray.png,,498,FA,CF,,,,,,,,,,,-2,,"McCray,G",mccragr01,1p20
11820,Grayson Rodriguez,1.08,https://sba-cards-2024.s3.us-east-1.amazonaws.com/2024-cards/grayson-rodriguez.png,,515,GMEIL,SP,,,,,,,,,,,17,,"Rodriguez,G",rodrigr01,3p50
11821,Greg Weissert,0.45,https://sba-cards-2024.s3.us-east-1.amazonaws.com/2024-cards/greg-weissert.png,,498,FA,RP,CP,,,,,,,,,,-2,,"Weissert,G",weissgr01,1p50
11822,Gregory Soto,0.18,https://sba-cards-2024.s3.us-east-1.amazonaws.com/2024-cards/gregory-soto.png,,498,FA,RP,CP,,,,,,,,,,-2,,"Soto,G",sotogr01,1p50
11823,Griffin Canning,0.13,https://sba-cards-2024.s3.us-east-1.amazonaws.com/2024-cards/griffin-canning.png,,498,FA,SP,,,,,,,,,,,-2,,"Canning,G",cannigr01,1p70
11824,Griffin Conine,2.28,https://sba-cards-2024.s3.us-east-1.amazonaws.com/2024-cards/griffin-conine.png,,516,GMEMiL,RF,LF,,,,,,,,,,15,,"Conine,G",coningr01,1p20
11825,Griffin Jax,1.89,https://sba-cards-2024.s3.us-east-1.amazonaws.com/2024-cards/griffin-jax.png,,523,BSG,RP,CP,,,,,,,,,,1,,"Jax,G",jaxgr01,0p72
11826,Gunnar Henderson,3.67,https://sba-cards-2024.s3.us-east-1.amazonaws.com/2024-cards/gunnar-henderson.png,,505,AI,SS,,,,,,,,,,w18g4,10,https://pbs.twimg.com/media/GjZIcTpXYAACahl.jpg,"Henderson,G",hendegu01,1p70
11827,Gus Varland,0.73,https://sba-cards-2024.s3.us-east-1.amazonaws.com/2024-cards/gus-varland.png,,498,FA,RP,,,,,,,,,,,-2,,"Varland,G",varlagu01,1p30
11828,Ha Seong Kim,1.6,https://sba-cards-2024.s3.us-east-1.amazonaws.com/2024-cards/ha-seong-kim.png,,532,MDW,SS,,,,,,,,,,,16,,"Kim,H",kimha01,3p60
11829,Hans Crouse,0.95,https://sba-cards-2024.s3.us-east-1.amazonaws.com/2024-cards/hans-crouse.png,,528,WAIMiL,RP,,,,,,,,,,,15,https://upload.wikimedia.org/wikipedia/commons/8/82/Francisco_de_Goya%2C_Saturno_devorando_a_su_hijo_%281819-1823%29.jpg,"Crouse,H",crousha01,1p20
11830,Harold Ramirez,0,https://sba-cards-2024.s3.us-east-1.amazonaws.com/2024-cards/harold-ramirez.png,,498,FA,LF,RF,,,,,,,,,,-2,,"Ramirez,H",ramirha02,1p40
11831,Harrison Bader,0.6,https://sba-cards-2024.s3.us-east-1.amazonaws.com/2024-cards/harrison-bader.png,,502,DEN,CF,,,,,,,,,,,14,,"Bader,H",baderha01,1p65
11832,Hayden Birdsong,0.21,https://sba-cards-2024.s3.us-east-1.amazonaws.com/2024-cards/hayden-birdsong.png,,528,WAIMiL,SP,,,,,,,,,,,13,https://upload.wikimedia.org/wikipedia/commons/8/82/Francisco_de_Goya%2C_Saturno_devorando_a_su_hijo_%281819-1823%29.jpg,"Birdsong,H",birdsha01,1p40
11833,Hayden Wesneski,0,https://sba-cards-2024.s3.us-east-1.amazonaws.com/2024-cards/hayden-wesneski.png,,529,CAN,SP,RP,,,,,,,,,,17,,"Wesneski,H",wesneha01,5p40
11834,Hector Neris,0,https://sba-cards-2024.s3.us-east-1.amazonaws.com/2024-cards/hector-neris.png,,498,FA,RP,CP,,,,,,,,,,-2,,"Neris,H",nerishe01,1p50
11835,Heliot Ramos,1.29,https://sba-cards-2024.s3.us-east-1.amazonaws.com/2024-cards/heliot-ramos.png,,536,NSHIL,CF,LF,RF,,,,,,,,,6,,"Ramos,H",ramoshe02,1p60
11836,Henry Davis,0,https://sba-cards-2024.s3.us-east-1.amazonaws.com/2024-cards/henry-davis.png,,498,FA,C,,,,,,,,,,,-2,,"Davis,H",davishe01,4p20
11837,Heston Kjerstad,1.02,https://sba-cards-2024.s3.us-east-1.amazonaws.com/2024-cards/heston-kjerstad.png,,537,NSHMiL,LF,RF,,,,,,,,,,15,,"Kjerstad,H",kjershe01,1p20
11838,Hoby Milner,0,https://sba-cards-2024.s3.us-east-1.amazonaws.com/2024-cards/hoby-milner.png,,498,FA,RP,CP,,,,,,,,,,15,,"Milner,H",milneho01,1p50
11839,Hogan Harris,1.97,https://sba-cards-2024.s3.us-east-1.amazonaws.com/2024-cards/hogan-harris.png,,501,WVMiL,SP,RP,,,,,,,,,,15,,"Harris,H",harriho03,1p40
11840,Huascar Brazoban,0.42,https://sba-cards-2024.s3.us-east-1.amazonaws.com/2024-cards/huascar-brazoban.png,,508,NYD,RP,,,,,,,,,,,15,,"Brazoban,H",brazohu01,1p30
11841,Hunter Brown,1.38,https://sba-cards-2024.s3.us-east-1.amazonaws.com/2024-cards/hunter-brown.png,,541,CYP,SP,,,,,,,,,,,6,,"Brown,H",brownhu01,1p70
11842,Hunter Gaddis,1.67,https://sba-cards-2024.s3.us-east-1.amazonaws.com/2024-cards/hunter-gaddis.png,,505,AI,RP,,,,,,,,,,,1,,"Gaddis,H",gaddihu01,0p72
11843,Hunter Goodman,0,https://sba-cards-2024.s3.us-east-1.amazonaws.com/2024-cards/hunter-goodman.png,,517,MKE,C,RF,LF,1B,,,,,,,,1,,"Goodman,H",goodmhu01,2p40
11844,Hunter Greene,3.77,https://sba-cards-2024.s3.us-east-1.amazonaws.com/2024-cards/hunter-greene.png,,502,DEN,SP,,,,,,,,,,,12,https://i.postimg.cc/YS40r3vs/Green.jpg,"Greene,H",greenhu01,1p65
11845,Hunter Harvey,0,https://sba-cards-2024.s3.us-east-1.amazonaws.com/2024-cards/hunter-harvey.png,,498,FA,RP,CP,,,,,,,,,,-2,,"Harvey,H",harvehu01,4p40
11846,Hunter Renfroe,0,https://sba-cards-2024.s3.us-east-1.amazonaws.com/2024-cards/hunter-renfroe.png,,498,FA,RF,1B,,,,,,,,,,-2,,"Renfroe,H",renfrhu01,2p60
11847,Hunter Stratton,0.76,https://sba-cards-2024.s3.us-east-1.amazonaws.com/2024-cards/hunter-stratton.png,,536,NSHIL,RP,CP,,,,,,,,,w21g4,19,,"Stratton,H",strathu01,5p30
11848,Hunter Strickland,0.65,https://sba-cards-2024.s3.us-east-1.amazonaws.com/2024-cards/hunter-strickland.png,,544,CLS,RP,CP,,,,,,,,,,1,https://i.postimg.cc/brjxBXRQ/temp-Imageo-B59pt.avif,"Strickland,H",strichu01,0p72
11849,Ian Hamilton,0.64,https://sba-cards-2024.s3.us-east-1.amazonaws.com/2024-cards/ian-hamilton.png,,498,FA,RP,CP,,,,,,,,,,-2,,"Hamilton,I",hamilia01,5p30
11850,Ian Happ,1.72,https://sba-cards-2024.s3.us-east-1.amazonaws.com/2024-cards/ian-happ.png,,541,CYP,LF,,,,,,,,,,,1,,"Happ,I",happia01,1p70
11851,Ildemaro Vargas,0,https://sba-cards-2024.s3.us-east-1.amazonaws.com/2024-cards/ildemaro-vargas.png,,499,WV,3B,2B,LF,SS,1B,,,,,,,15,,"Vargas,I",vargail01,1p50
11852,Isaac Paredes,1.22,https://sba-cards-2024.s3.us-east-1.amazonaws.com/2024-cards/isaac-paredes.png,,504,DENMiL,3B,1B,,,,,,,,,,16,,"Paredes,I",paredis01,1p70
11853,Isiah Kiner Falefa,2.1,https://sba-cards-2024.s3.us-east-1.amazonaws.com/2024-cards/isiah-kiner-falefa.png,,537,NSHMiL,2B,3B,SS,CF,,,,,,,,15,,"Kiner-Falefa,I",kineris01,3p60
11854,Ivan Herrera,1.9,https://sba-cards-2024.s3.us-east-1.amazonaws.com/2024-cards/ivan-herrera.png,,506,AIIL,C,,,,,,,,,,,16,,"Herrera,I",herreiv01,3p40
11855,Jace Jung,0,https://sba-cards-2024.s3.us-east-1.amazonaws.com/2024-cards/jace-jung.png,,532,MDW,3B,2B,,,,,,,,,,1,,"Jung,Ja",jungja01,1p20
11856,Jack Flaherty,1.72,https://sba-cards-2024.s3.us-east-1.amazonaws.com/2024-cards/jack-flaherty.png,,538,CHC,SP,,,,,,,,,,w20g3,1,,"Flaherty,J",flaheja01,1p70
11857,Jack Kochanowicz,0.96,https://sba-cards-2024.s3.us-east-1.amazonaws.com/2024-cards/jack-kochanowicz.png,,498,FA,SP,,,,,,,,,,,14,https://i.postimg.cc/9FPkD566/images-11.jpg,"Kochanowicz,J",kochaja01,1p30
11858,Jack Leiter,0,https://sba-cards-2024.s3.us-east-1.amazonaws.com/2024-cards/jack-leiter.png,,498,FA,SP,RP,,,,,,,,,,-2,,"Leiter,J",leiteja01,1p20
11859,Jack Lopez,0,https://sba-cards-2024.s3.us-east-1.amazonaws.com/2024-cards/jack-lopez.png,,498,FA,2B,SS,RF,,,,,,,,,-2,,"Lopez,Ja",lopezja03,1p20
11860,Jack Suwinski,0,https://sba-cards-2024.s3.us-east-1.amazonaws.com/2024-cards/jack-suwinski.png,,498,FA,CF,LF,RF,,,,,,,,,-2,,"Suwinski,J",suwinja01,1p40
11861,Jackson Chourio,1.92,https://sba-cards-2024.s3.us-east-1.amazonaws.com/2024-cards/jackson-chourio.png,,517,MKE,LF,RF,,,,,,,,,,11,https://media.discordapp.net/attachments/1328448825626726552/1413223118411006042/image.png?ex=68bb2617&is=68b9d497&hm=05821ff4310b87f1f7e52b73e406558144a0880e1e414f9eaeeee2dee1a79278&=&format=webp&quality=lossless,"Chourio,J",chourja01,1p70
11862,Jackson Holliday,0.14,https://sba-cards-2024.s3.us-east-1.amazonaws.com/2024-cards/jackson-holliday.png,,501,WVMiL,2B,SS,,,,,,,,,,15,,"Holliday,J",hollija01,1p30
11863,Jackson Merrill,2.15,https://sba-cards-2024.s3.us-east-1.amazonaws.com/2024-cards/jackson-merrill.png,,544,CLS,CF,,,,,,,,,,,11,,"Merrill,J",merrija01,1p70
11864,Jacob Amaya,0,https://sba-cards-2024.s3.us-east-1.amazonaws.com/2024-cards/jacob-amaya.png,,498,FA,SS,2B,,,,,,,,,,-2,,"Amaya,J",amayaja01,1p20
11865,Jacob Barnes,0.07,https://sba-cards-2024.s3.us-east-1.amazonaws.com/2024-cards/jacob-barnes.png,,498,FA,RP,,,,,,,,,,,-2,,"Barnes,J",barneja01,1p60
11866,Jacob Hurtubise,0,https://sba-cards-2024.s3.us-east-1.amazonaws.com/2024-cards/jacob-hurtubise.png,,498,FA,LF,RF,,,,,,,,,,-2,,"Hurtubise,J",hurtuja01,1p20
11867,Jacob Latz,0.33,https://sba-cards-2024.s3.us-east-1.amazonaws.com/2024-cards/jacob-latz.png,,498,FA,RP,,,,,,,,,,,-2,,"Latz,J",latzja01,4p40
11868,Jacob Stallings,1.86,https://sba-cards-2024.s3.us-east-1.amazonaws.com/2024-cards/jacob-stallings.png,,519,MKEMiL,C,,,,,,,,,,,2,,"Stallings,J",stallja01,2p40
11869,Jacob Webb,0.76,https://sba-cards-2024.s3.us-east-1.amazonaws.com/2024-cards/jacob-webb.png,,508,NYD,RP,CP,,,,,,,,,,15,,"Webb,J",webbja01,2p50
11870,Jacob Wilson,0,https://sba-cards-2024.s3.us-east-1.amazonaws.com/2024-cards/jacob-wilson.png,,525,BSGMiL,SS,,,,,,,,,,,14,,"Wilson,Ja",wilsoja05,3p20
11871,Jacob Young,1.56,https://sba-cards-2024.s3.us-east-1.amazonaws.com/2024-cards/jacob-young.png,,525,BSGMiL,CF,,,,,,,,,,,14,,"Young,J",youngja03,1p70
11872,Jake Bauers,0,https://sba-cards-2024.s3.us-east-1.amazonaws.com/2024-cards/jake-bauers.png,,519,MKEMiL,1B,LF,RF,,,,,,,,,15,,"Bauers,J",bauerja01,1p60
11873,Jake Bird,0.54,https://sba-cards-2024.s3.us-east-1.amazonaws.com/2024-cards/jake-bird.png,,498,FA,RP,CP,,,,,,,,,,-2,,"Bird,J",birdja01,5p30
11874,Jake Burger,0.25,https://sba-cards-2024.s3.us-east-1.amazonaws.com/2024-cards/jake-burger.png,,505,AI,1B,3B,,,,,,,,,,14,,"Burger,J",burgeja01,1p65
11875,Jake Cave,0,https://sba-cards-2024.s3.us-east-1.amazonaws.com/2024-cards/jake-cave.png,,511,DAL,RF,LF,CF,,,,,,,,,17,,"Cave,J",caveja01,1p60
11876,Jake Cousins,0.88,https://sba-cards-2024.s3.us-east-1.amazonaws.com/2024-cards/jake-cousins.png,,541,CYP,RP,CP,,,,,,,,,,13,,"Cousins,J",cousija01,1p30
11877,Jake Cronenworth,0.84,https://sba-cards-2024.s3.us-east-1.amazonaws.com/2024-cards/jake-cronenworth.png,,526,WAI,1B,2B,,,,,,,,,,1,https://upload.wikimedia.org/wikipedia/commons/8/82/Francisco_de_Goya%2C_Saturno_devorando_a_su_hijo_%281819-1823%29.jpg,"Cronenworth,J",croneja01,1p70
11878,Jake Diekman,0,https://sba-cards-2024.s3.us-east-1.amazonaws.com/2024-cards/jake-diekman.png,,498,FA,RP,CP,,,,,,,,,,-2,,"Diekman,J",diekmja01,1p30
11879,Jake Fraley,0.23,https://sba-cards-2024.s3.us-east-1.amazonaws.com/2024-cards/jake-fraley.png,,523,BSG,RF,LF,CF,,,,,,,,,6,,"Fraley,J",fraleja01,1p60
11880,Jake Irvin,0.91,https://sba-cards-2024.s3.us-east-1.amazonaws.com/2024-cards/jake-irvin.png,,523,BSG,SP,,,,,,,,,,,1,,"Irvin,J",irvinja01,0p72
11881,Jake Junis,2.01,https://sba-cards-2024.s3.us-east-1.amazonaws.com/2024-cards/jake-junis.png,,545,CLSIL,SP,RP,CP,,,,,,,,,17,https://i.postimg.cc/XY68zCQR/temp-Imaget0-Pxhs.avif,"Junis,J",junisja01,5p40
11882,Jake McCarthy,1,https://sba-cards-2024.s3.us-east-1.amazonaws.com/2024-cards/jake-mccarthy.png,,520,POR,CF,RF,LF,,,,,,,,,11,,"McCarthy,J",mccarja02,1p65
11883,Jake Meyers,0.96,https://sba-cards-2024.s3.us-east-1.amazonaws.com/2024-cards/jake-meyers.png,,498,FA,CF,,,,,,,,,,w12g02,15,,"Meyers,J",meyerja02,1p70
11884,Jake Rogers,0.86,https://sba-cards-2024.s3.us-east-1.amazonaws.com/2024-cards/jake-rogers.png,,498,FA,C,,,,,,,,,,,15,,"Rogers,J",rogerja03,2p50
11885,Jake Woodford,0,https://sba-cards-2024.s3.us-east-1.amazonaws.com/2024-cards/jake-woodford.png,,498,FA,SP,RP,,,,,,,,,,-2,,"Woodford,J",woodfja01,1p20
11886,Jalen Beeks,0,https://sba-cards-2024.s3.us-east-1.amazonaws.com/2024-cards/jalen-beeks.png,,526,WAI,RP,CP,,,,,,,,,,11,,"Beeks,J",beeksja02,0p72
11887,James McArthur,0,https://sba-cards-2024.s3.us-east-1.amazonaws.com/2024-cards/james-mcarthur.png,,498,FA,RP,CP,,,,,,,,,,-2,,"McArthur,J",mcartja01,1p50
11888,James McCann,1,https://sba-cards-2024.s3.us-east-1.amazonaws.com/2024-cards/james-mccann.png,,528,WAIMiL,C,,,,,,,,,,,15,https://upload.wikimedia.org/wikipedia/commons/8/82/Francisco_de_Goya%2C_Saturno_devorando_a_su_hijo_(1819-1823).jpg,"McCann,J",mccanja02,2p30
11889,James Outman,0,https://sba-cards-2024.s3.us-east-1.amazonaws.com/2024-cards/james-outman.png,,498,FA,CF,,,,,,,,,,,-2,,"Outman,J",outmaja01,1p30
11890,James Paxton,0.07,https://sba-cards-2024.s3.us-east-1.amazonaws.com/2024-cards/james-paxton.png,,528,WAIMiL,SP,,,,,,,,,,w20g4,16,,"Paxton,J",paxtoja01,2p50
11891,James Wood,0.95,https://sba-cards-2024.s3.us-east-1.amazonaws.com/2024-cards/james-wood.png,,538,CHC,LF,,,,,,,,,,,14,,"Wood,J",woodja03,1p40
11892,Jameson Taillon,1.2,https://sba-cards-2024.s3.us-east-1.amazonaws.com/2024-cards/jameson-taillon.png,,522,PORMiL,SP,,,,,,,,,,,14,,"Taillon,J",taillja01,1p70
11893,Jared Jones,1.11,https://sba-cards-2024.s3.us-east-1.amazonaws.com/2024-cards/jared-jones.png,,514,GME,SP,,,,,,,,,,,18,,"Jones,J",jonesja09,2p65
11894,Jared Koenig,1.16,https://sba-cards-2024.s3.us-east-1.amazonaws.com/2024-cards/jared-koenig.png,,519,MKEMiL,SP,RP,CP,,,,,,,,,15,,"Koenig,J",koenija01,2p50
11895,Jared Shuster,0.98,https://sba-cards-2024.s3.us-east-1.amazonaws.com/2024-cards/jared-shuster.png,,498,FA,SP,RP,,,,,,,,,,-2,,"Shuster,J",shustja01,1p40
11896,Jared Triolo,0.85,https://sba-cards-2024.s3.us-east-1.amazonaws.com/2024-cards/jared-triolo.png,,519,MKEMiL,3B,2B,SS,1B,RF,,,,,,,15,,"Triolo,J",triolja01,1p60
11897,Jared Walsh,0,https://sba-cards-2024.s3.us-east-1.amazonaws.com/2024-cards/jared-walsh.png,,498,FA,1B,,,,,,,,,,,-2,,"Walsh,J",walshja01,1p20
11898,Jarred Kelenic,0.26,https://sba-cards-2024.s3.us-east-1.amazonaws.com/2024-cards/jarred-kelenic.png,,498,FA,LF,CF,,,,,,,,,,-2,,"Kelenic,J",kelenja01,1p60
11899,Jarren Duran,3.43,https://sba-cards-2024.s3.us-east-1.amazonaws.com/2024-cards/jarren-duran.png,,520,POR,CF,LF,,,,,,,,,,1,,"Duran,Jarren",duranja01,1p70
11900,Jason Adam,1.69,https://sba-cards-2024.s3.us-east-1.amazonaws.com/2024-cards/jason-adam.png,,501,WVMiL,RP,CP,,,,,,,,,,1,,"Adam,J",adamja01,0p72
11901,Jason Foley,0.64,https://sba-cards-2024.s3.us-east-1.amazonaws.com/2024-cards/jason-foley.png,,505,AI,RP,CP,,,,,,,,,,10,,"Foley,J",foleyja01,1p50
11902,Jason Heyward,1.35,https://sba-cards-2024.s3.us-east-1.amazonaws.com/2024-cards/jason-heyward.png,,498,FA,RF,LF,CF,,,,,,,,,-2,,"Heyward,J",heywaja01,4p40
11903,Jasson Dominguez,0,https://sba-cards-2024.s3.us-east-1.amazonaws.com/2024-cards/jasson-dominguez.png,,498,FA,LF,CF,,,,,,,,,,10,,"Dominguez,J",dominja01,6p20
11904,Javier Assad,0.82,https://sba-cards-2024.s3.us-east-1.amazonaws.com/2024-cards/javier-assad.png,,498,FA,SP,,,,,,,,,,,15,,"Assad,J",assadja01,1p70
11905,Javier Baez,0,https://sba-cards-2024.s3.us-east-1.amazonaws.com/2024-cards/javier-baez.png,,498,FA,SS,,,,,,,,,,,-2,,"Baez,J",baezja01,5p40
11906,Jay Jackson,0,https://sba-cards-2024.s3.us-east-1.amazonaws.com/2024-cards/jay-jackson.png,,498,FA,RP,,,,,,,,,,,-2,,"Jackson,J",jacksja01,1p20
11907,Jazz Chisholm,1.26,https://sba-cards-2024.s3.us-east-1.amazonaws.com/2024-cards/jazz-chisholm.png,,507,AIMiL,CF,3B,2B,,,,,,,,,13,,"Chisholm,J",chishja01,1p65
11908,JD Davis,0,https://sba-cards-2024.s3.us-east-1.amazonaws.com/2024-cards/jd-davis.png,,498,FA,1B,3B,,,,,,,,,,-2,,"Davis,JD",davisjd01,2p20
11909,JD Martinez,0.29,https://sba-cards-2024.s3.us-east-1.amazonaws.com/2024-cards/jd-martinez.png,,535,NSH,DH,,,,,,,,,,,14,,"Martinez,JD",martijd02,1p60
11910,Jeff Criswell,2.25,https://sba-cards-2024.s3.us-east-1.amazonaws.com/2024-cards/jeff-criswell.png,,498,FA,RP,,,,,,,,,,,-2,,"Criswell,J",criswje01,1p20
11911,Jeff Hoffman,1.45,https://sba-cards-2024.s3.us-east-1.amazonaws.com/2024-cards/jeff-hoffman.png,,541,CYP,RP,CP,,,,,,,,,,1,,"Hoffman,J",hoffmje02,1p60
11912,Jeff McNeil,0.98,https://sba-cards-2024.s3.us-east-1.amazonaws.com/2024-cards/jeff-mcneil.png,,540,CHCMiL,2B,RF,LF,,,,,,,,,17,,"McNeil,J",mcneije01,3p60
11913,Jeffrey Springs,2.05,https://sba-cards-2024.s3.us-east-1.amazonaws.com/2024-cards/jeffrey-springs.png,,535,NSH,SP,,,,,,,,,,,16,,"Springs,J",sprinje01,6p20
11914,Jeimer Candelario,0,https://sba-cards-2024.s3.us-east-1.amazonaws.com/2024-cards/jeimer-candelario.png,,498,FA,3B,1B,,,,,,,,,,-2,,"Candelario,J",candeje01,3p50
11915,Jerar Encarnacion,0.24,https://sba-cards-2024.s3.us-east-1.amazonaws.com/2024-cards/jerar-encarnacion.png,,498,FA,RF,LF,1B,,,,,,,,,6,,"Encarnacion,J",encarje01,1p20
11916,Jeremiah Estrada,0.94,https://sba-cards-2024.s3.us-east-1.amazonaws.com/2024-cards/jeremiah-estrada.png,,538,CHC,RP,CP,,,,,,,,,,1,,"Estrada,J",estraje01,1p50
11917,Jeremy Pena,1.83,https://sba-cards-2024.s3.us-east-1.amazonaws.com/2024-cards/jeremy-pena.png,,544,CLS,SS,,,,,,,,,,,1,https://i.postimg.cc/1RN77syN/temp-Image-Woi2-H5.avif,"Pena,J",penaje02,1p70
11918,Jesse Chavez,0.8,https://sba-cards-2024.s3.us-east-1.amazonaws.com/2024-cards/jesse-chavez.png,,498,FA,RP,,,,,,,,,,,-2,,"Chavez,J",chaveje01,1p40
11919,Jesse Winker,1.14,https://sba-cards-2024.s3.us-east-1.amazonaws.com/2024-cards/jesse-winker.png,,534,MDWMiL,LF,RF,,,,,,,,,,14,,"Winker,J",winkeje01,1p65
11920,Jesus Luzardo,1.01,https://sba-cards-2024.s3.us-east-1.amazonaws.com/2024-cards/jesus-luzardo.png,,520,POR,SP,,,,,,,,,,,16,,"Luzardo,J",luzarje01,5p40
11921,Jesus Sanchez,0.38,https://sba-cards-2024.s3.us-east-1.amazonaws.com/2024-cards/jesus-sanchez.png,,538,CHC,RF,LF,,,,,,,,,,8,,"Sanchez,J",sanchje02,1p70
11922,Jesus Tinoco,1.95,https://sba-cards-2024.s3.us-east-1.amazonaws.com/2024-cards/jesus-tinoco.png,,517,MKE,RP,CP,,,,,,,,,,9,,"Tinoco,J",tinocje01,1p30
11923,Jhoan Duran,0.18,https://sba-cards-2024.s3.us-east-1.amazonaws.com/2024-cards/jhoan-duran.png,,517,MKE,RP,CP,,,,,,,,,,6,,"Duran,Jhoan",duranjh01,3p50
11924,Jhonkensy Noel,1.46,https://sba-cards-2024.s3.us-east-1.amazonaws.com/2024-cards/jhonkensy-noel.png,,519,MKEMiL,RF,1B,,,,,,,,,,7,,"Noel,J",noeljh01,1p30
11925,Jhony Brito,0.33,https://sba-cards-2024.s3.us-east-1.amazonaws.com/2024-cards/jhony-brito.png,,498,FA,RP,,,,,,,,,,,9,,"Brito,J",britojh01,1p30
11926,Ji Hwan Bae,0,https://sba-cards-2024.s3.us-east-1.amazonaws.com/2024-cards/ji-hwan-bae.png,,498,FA,CF,RF,2B,,,,,,,,,-2,,"Bae,J",baeji01,3p20
11927,JJ Bleday,0.95,https://sba-cards-2024.s3.us-east-1.amazonaws.com/2024-cards/jj-bleday.png,,544,CLS,CF,,,,,,,,,,,1,https://i.postimg.cc/1XNXx4JT/temp-Images2-Flhv.avif,"Bleday,J",bledajj01,1p70
11928,Jo Adell,0.58,https://sba-cards-2024.s3.us-east-1.amazonaws.com/2024-cards/jo-adell.png,,501,WVMiL,RF,CF,,,,,,,,,,8,,"Adell,J",adelljo01,3p60
11929,Joc Pederson,1.87,https://sba-cards-2024.s3.us-east-1.amazonaws.com/2024-cards/joc-pederson.png,,532,MDW,DH,,,,,,,,,,,8,,"Pederson,J",pederjo01,1p60
11930,Joe Boyle,0,https://sba-cards-2024.s3.us-east-1.amazonaws.com/2024-cards/joe-boyle.png,,499,WV,SP,RP,,,,,,,,,,16,,"Boyle,J",boylejo01,2p30
11931,Joe Jimenez,1.26,https://sba-cards-2024.s3.us-east-1.amazonaws.com/2024-cards/joe-jimenez.png,,499,WV,RP,CP,,,,,,,,,,12,,"Jimenez,J",jimenjo02,1p60
11932,Joe Kelly,0,https://sba-cards-2024.s3.us-east-1.amazonaws.com/2024-cards/joe-kelly.png,,498,FA,RP,,,,,,,,,,,-1,,"Kelly,J",kellyjo05,5p30
11933,Joe Mantiply,0.48,https://sba-cards-2024.s3.us-east-1.amazonaws.com/2024-cards/joe-mantiply.png,,502,DEN,SP,RP,CP,,,,,,,,,1,,"Mantiply,J",mantijo01,0p72
11934,Joe Musgrove,1.54,https://sba-cards-2024.s3.us-east-1.amazonaws.com/2024-cards/joe-musgrove.png,,546,CLSMiL,SP,,,,,,,,,,,15,,"Musgrove,J",musgrjo01,3p50
11935,Joe Ross,0.51,https://sba-cards-2024.s3.us-east-1.amazonaws.com/2024-cards/joe-ross.png,,519,MKEMiL,SP,RP,,,,,,,,,,6,,"Ross,J",rossjo01,4p40
11936,Joe Ryan,1.53,https://sba-cards-2024.s3.us-east-1.amazonaws.com/2024-cards/joe-ryan.png,,511,DAL,SP,,,,,,,,,,,15,,"Ryan,J",ryanjo04,2p60
11937,Joel Payamps,0.89,https://sba-cards-2024.s3.us-east-1.amazonaws.com/2024-cards/joel-payamps.png,,511,DAL,RP,CP,,,,,,,,,,17,,"Payamps,J",payamjo01,1p50
11938,Joey Bart,2.26,https://sba-cards-2024.s3.us-east-1.amazonaws.com/2024-cards/joey-bart.png,,538,CHC,C,,,,,,,,,,,14,,"Bart,J",bartjo01,4p40
11939,Joey Cantillo,0,https://sba-cards-2024.s3.us-east-1.amazonaws.com/2024-cards/joey-cantillo.png,,519,MKEMiL,SP,RP,,,,,,,,,,17,,"Cantillo,J",cantijo01,1p20
11940,Joey Estes,0.41,https://sba-cards-2024.s3.us-east-1.amazonaws.com/2024-cards/joey-estes.png,,498,FA,SP,,,,,,,,,,,-2,,"Estes,J",estesjo01,1p65
11941,Joey Gallo,0.33,https://sba-cards-2024.s3.us-east-1.amazonaws.com/2024-cards/joey-gallo.png,,519,MKEMiL,1B,RF,LF,,,,,,,,w24g1,17,https://i.redd.it/ocov1w5uq3t21.jpg,"Gallo,J",gallojo01,5p40
11942,Joey Loperfido,0.55,https://sba-cards-2024.s3.us-east-1.amazonaws.com/2024-cards/joey-loperfido.png,,498,FA,LF,CF,RF,1B,,,,,,,,-2,,"Loperfido,J",loperjo01,1p40
11943,Joey Meneses,0,https://sba-cards-2024.s3.us-east-1.amazonaws.com/2024-cards/joey-meneses.png,,498,FA,1B,,,,,,,,,,,-2,,"Meneses,J",menesjo01,1p40
11944,Joey Ortiz,1.53,https://sba-cards-2024.s3.us-east-1.amazonaws.com/2024-cards/joey-ortiz.png,,532,MDW,3B,2B,SS,,,,,,,,,16,,"Ortiz,J",ortizjo06,1p65
11945,Joey Wentz,0.11,https://sba-cards-2024.s3.us-east-1.amazonaws.com/2024-cards/joey-wentz.png,,541,CYP,RP,CP,,,,,,,,,,5,,"Wentz,J",wentzjo01,1p40
11946,Johan Rojas,0.56,https://sba-cards-2024.s3.us-east-1.amazonaws.com/2024-cards/johan-rojas.png,,504,DENMiL,CF,,,,,,,,,,,15,,"Rojas,Johan",rojasjo03,1p60
11947,John Brebbia,0,https://sba-cards-2024.s3.us-east-1.amazonaws.com/2024-cards/john-brebbia.png,,498,FA,RP,CP,,,,,,,,,,-2,,"Brebbia,J",brebbjo01,2p50
11948,John King,0.96,https://sba-cards-2024.s3.us-east-1.amazonaws.com/2024-cards/john-king.png,,507,AIMiL,RP,,,,,,,,,,,15,,"King,J",kingjo01,1p40
11949,John Schreiber,0.46,https://sba-cards-2024.s3.us-east-1.amazonaws.com/2024-cards/john-schreiber.png,,544,CLS,RP,CP,,,,,,,,,,1,https://i.postimg.cc/C18C7Mbh/temp-Image-Rll-QMI.avif,"Schreiber,J",schrejo01,2p40
11950,JoJo Romero,0.73,https://sba-cards-2024.s3.us-east-1.amazonaws.com/2024-cards/jojo-romero.png,,525,BSGMiL,RP,CP,,,,,,,,,,10,,"Romero,J",romerjo01,1p50
11951,Jon Berti,2.35,https://sba-cards-2024.s3.us-east-1.amazonaws.com/2024-cards/jon-berti.png,,507,AIMiL,3B,2B,LF,,,,,,,,,15,,"Berti,J",bertijo01,6p20
11952,Jon Gray,0.37,https://sba-cards-2024.s3.us-east-1.amazonaws.com/2024-cards/jon-gray.png,,498,FA,SP,RP,,,,,,,,,,-2,,"Gray,J",grayjo02,3p60
11953,Jon Singleton,0.21,https://sba-cards-2024.s3.us-east-1.amazonaws.com/2024-cards/jon-singleton.png,,529,CAN,1B,,,,,,,,,,,15,,"Singleton,J",singljo02,1p60
11954,Jonah Bride,0.85,https://sba-cards-2024.s3.us-east-1.amazonaws.com/2024-cards/jonah-bride.png,,535,NSH,1B,3B,2B,,,,,,,,,14,,"Bride,J",bridejo01,1p40
11955,Jonah Heim,0.65,https://sba-cards-2024.s3.us-east-1.amazonaws.com/2024-cards/jonah-heim.png,,498,FA,C,,,,,,,,,,,-2,,"Heim,J",heimjo01,2p60
11956,Jonatan Clase,0,https://sba-cards-2024.s3.us-east-1.amazonaws.com/2024-cards/jonatan-clase.png,,499,WV,LF,CF,,,,,,,,,,15,,"Clase,J",clasejo01,1p20
11957,Jonathan Aranda,1.42,https://sba-cards-2024.s3.us-east-1.amazonaws.com/2024-cards/jonathan-aranda.png,,504,DENMiL,1B,2B,3B,,,,,,,,,15,,"Aranda,J",arandjo01,4p20
11958,Jonathan Cannon,1.38,https://sba-cards-2024.s3.us-east-1.amazonaws.com/2024-cards/jonathan-cannon.png,,498,FA,SP,RP,CP,,,,,,,,,-2,,"Cannon,J",cannojo02,1p60
11959,Jonathan Hernandez,0,https://sba-cards-2024.s3.us-east-1.amazonaws.com/2024-cards/jonathan-hernandez.png,,498,FA,RP,,,,,,,,,,,-2,,"Hernandez,Jonath",hernajo02,2p30
11960,Jonathan India,0.77,https://sba-cards-2024.s3.us-east-1.amazonaws.com/2024-cards/jonathan-india.png,,517,MKE,2B,,,,,,,,,,,11,,"India,J",indiajo01,1p70
11961,Jonny DeLuca,0.48,https://sba-cards-2024.s3.us-east-1.amazonaws.com/2024-cards/jonny-deluca.png,,498,FA,RF,CF,LF,,,,,,,,,-2,,"DeLuca,J",delucjo01,3p50
11962,Jordan Beck,0,https://sba-cards-2024.s3.us-east-1.amazonaws.com/2024-cards/jordan-beck.png,,498,FA,LF,RF,CF,,,,,,,,,-2,,"Beck,J",beckjo01,5p30
11963,Jordan Hicks,0.62,https://sba-cards-2024.s3.us-east-1.amazonaws.com/2024-cards/jordan-hicks.png,,501,WVMiL,SP,RP,CP,,,,,,,,,15,,"Hicks,J",hicksjo03,2p60
11964,Jordan Leasure,0,https://sba-cards-2024.s3.us-east-1.amazonaws.com/2024-cards/jordan-leasure.png,,498,FA,RP,CP,,,,,,,,,,-2,,"Leasure,J",leasujo01,5p30
11965,Jordan Montgomery,0,https://sba-cards-2024.s3.us-east-1.amazonaws.com/2024-cards/jordan-montgomery.png,,498,FA,SP,RP,CP,,,,,,,,,-2,,"Montgomery,J",montgjo01,2p60
11966,Jordan Walker,0,https://sba-cards-2024.s3.us-east-1.amazonaws.com/2024-cards/jordan-walker.png,,498,FA,RF,,,,,,,,,,,-2,,"Walker,J",walkejo02,1p30
11967,Jordan Weems,0,https://sba-cards-2024.s3.us-east-1.amazonaws.com/2024-cards/jordan-weems.png,,498,FA,RP,,,,,,,,,,,-2,,"Weems,J",weemsjo01,5p40
11968,Jordan Westburg,1.56,https://sba-cards-2024.s3.us-east-1.amazonaws.com/2024-cards/jordan-westburg.png,,529,CAN,3B,2B,SS,,,,,,,,,18,,"Westburg,J",westbjo01,3p50
11969,Jordan Wicks,0,https://sba-cards-2024.s3.us-east-1.amazonaws.com/2024-cards/jordan-wicks.png,,498,FA,SP,,,,,,,,,,,-2,,"Wicks,J",wicksjo01,6p30
11970,Jorge Alcala,1.15,https://sba-cards-2024.s3.us-east-1.amazonaws.com/2024-cards/jorge-alcala.png,,538,CHC,RP,,,,,,,,,,,1,,"Alcala,J",alcaljo01,1p50
11971,Jorge Lopez,0.82,https://sba-cards-2024.s3.us-east-1.amazonaws.com/2024-cards/jorge-lopez.png,,498,FA,RP,CP,,,,,,,,,,-2,,"Lopez,Jo",lopezjo02,2p50
11972,Jorge Mateo,1.25,https://sba-cards-2024.s3.us-east-1.amazonaws.com/2024-cards/jorge-mateo.png,,532,MDW,2B,SS,CF,,,,,,,,,16,,"Mateo,J",mateojo01,5p30
11973,Jorge Polanco,0.8,https://sba-cards-2024.s3.us-east-1.amazonaws.com/2024-cards/jorge-polanco.png,,498,FA,2B,,,,,,,,,,,-2,,"Polanco,J",polanjo01,2p60
11974,Jorge Soler,0.56,https://sba-cards-2024.s3.us-east-1.amazonaws.com/2024-cards/jorge-soler.png,,540,CHCMiL,RF,LF,,,,,,,,,,17,,"Soler,J",solerjo01,1p65
11975,Jose Ferrer,0.75,https://sba-cards-2024.s3.us-east-1.amazonaws.com/2024-cards/jose-ferrer.png,,541,CYP,RP,CP,,,,,,,,,,14,,"Ferrer,J",ferrejo01,5p30
11976,Jose Abreu,0,https://sba-cards-2024.s3.us-east-1.amazonaws.com/2024-cards/jose-abreu.png,,498,FA,1B,,,,,,,,,,,-2,,"Abreu,J",abreujo02,1p20
11977,Jose Altuve,1.45,https://sba-cards-2024.s3.us-east-1.amazonaws.com/2024-cards/jose-altuve.png,,541,CYP,2B,,,,,,,,,,,1,,"Altuve,J",altuvjo01,1p70
11978,Jose Alvarado,0.23,https://sba-cards-2024.s3.us-east-1.amazonaws.com/2024-cards/jose-alvarado.png,,513,DALMiL,RP,CP,,,,,,,,,,1,,"Alvarado,J",alvarjo03,1p50
11979,Jose Azocar,0,https://sba-cards-2024.s3.us-east-1.amazonaws.com/2024-cards/jose-azocar.png,,537,NSHMiL,LF,CF,RF,,,,,,,,,15,,"Azocar,J",azocajo01,1p30
11980,Jose Berrios,1.03,https://sba-cards-2024.s3.us-east-1.amazonaws.com/2024-cards/jose-berrios.png,,529,CAN,SP,,,,,,,,,,,17,,"Berrios,J",berrijo01,0p72
11981,Jose Butto,2.23,https://sba-cards-2024.s3.us-east-1.amazonaws.com/2024-cards/jose-butto.png,,514,GME,SP,RP,CP,,,,,,,,,1,,"Butto,J",buttojo01,1p40
11982,Jose Caballero,0.96,https://sba-cards-2024.s3.us-east-1.amazonaws.com/2024-cards/jose-caballero.png,,520,POR,SS,3B,2B,,,,,,,,,17,,"Caballero,J",cabaljo01,1p65
11983,Jose Fermin,0,https://sba-cards-2024.s3.us-east-1.amazonaws.com/2024-cards/jose-fermin.png,,498,FA,2B,3B,LF,,,,,,,,,-2,,"Fermin,J",fermijo01,1p20
11984,Jose Herrera,0,https://sba-cards-2024.s3.us-east-1.amazonaws.com/2024-cards/jose-herrera.png,,529,CAN,C,3B,,,,,,,,,,17,,"Herrera,J",herrejo04,2p20
11985,Jose Iglesias,3.09,https://sba-cards-2024.s3.us-east-1.amazonaws.com/2024-cards/jose-iglesias.png,,514,GME,2B,3B,SS,,,,,,,,,9,,"Iglesias,J",iglesjo01,1p40
11986,Jose Leclerc,0,https://sba-cards-2024.s3.us-east-1.amazonaws.com/2024-cards/jose-leclerc.png,,528,WAIMiL,RP,CP,,,,,,,,,,15,,"Leclerc,J",leclejo01,1p60
11987,Jose Miranda,1.15,https://sba-cards-2024.s3.us-east-1.amazonaws.com/2024-cards/jose-miranda.png,,520,POR,3B,1B,SS,,,,,,,,,13,,"Miranda,J",miranjo01,2p60
11988,Jose Quintana,1.1,https://sba-cards-2024.s3.us-east-1.amazonaws.com/2024-cards/jose-quintana.png,,498,FA,SP,,,,,,,,,,,-2,,"Quintana,J",quintjo01,1p70
11989,Jose Ramirez,2.89,https://sba-cards-2024.s3.us-east-1.amazonaws.com/2024-cards/jose-ramirez.png,,517,MKE,3B,,,,,,,,,,,1,https://cdn.discordapp.com/attachments/1328448825626726552/1387495791286812807/image.png?ex=685d8da7&is=685c3c27&hm=b54909c0c111a195fc4072966518ea8851017e3659b69b63d7d9988ef1dfcc52&,"Ramirez,J",ramirjo01,1p70
11990,Jose Ruiz,0.47,https://sba-cards-2024.s3.us-east-1.amazonaws.com/2024-cards/jose-ruiz.png,,498,FA,RP,CP,,,,,,,,,,-2,,"Ruiz,J",ruizjo01,1p40
11991,Jose Siri,1.17,https://sba-cards-2024.s3.us-east-1.amazonaws.com/2024-cards/jose-siri.png,,507,AIMiL,CF,1B,,,,,,,,,,15,,"Siri,J",sirijo01,1p60
11992,Jose Soriano,1.39,https://sba-cards-2024.s3.us-east-1.amazonaws.com/2024-cards/jose-soriano.png,,528,WAIMiL,SP,RP,,,,,,,,,,19,,"Soriano,J",soriajo02,3p60
11993,Jose Suarez,0,https://sba-cards-2024.s3.us-east-1.amazonaws.com/2024-cards/jose-suarez.png,,498,FA,SP,RP,CP,,,,,,,,,-2,,"Suarez,J",suarejo01,1p30
11994,Jose Tena,0.35,https://sba-cards-2024.s3.us-east-1.amazonaws.com/2024-cards/jose-tena.png,,498,FA,3B,2B,,,,,,,,,,-2,,"Tena,J",tenajo01,1p20
11995,Jose Trevino,0.74,https://sba-cards-2024.s3.us-east-1.amazonaws.com/2024-cards/jose-trevino.png,,543,CYPMiL,C,,,,,,,,,,,15,,"Trevino,J",trevijo01,4p40
11996,Jose Urena,0.41,https://sba-cards-2024.s3.us-east-1.amazonaws.com/2024-cards/jose-urena.png,,498,FA,SP,RP,CP,,,,,,,,,15,,"Urena,J",urenajo01,2p60
11997,Josh Bell,0,https://sba-cards-2024.s3.us-east-1.amazonaws.com/2024-cards/josh-bell.png,,498,FA,1B,,,,,,,,,,,-2,,"Bell,J",belljo02,1p65
11998,Josh Fleming,0,https://sba-cards-2024.s3.us-east-1.amazonaws.com/2024-cards/josh-fleming.png,,531,CANMiL,SP,RP,CP,,,,,,,,,19,,"Fleming,J",flemijo01,1p20
11999,Josh Hader,0.41,https://sba-cards-2024.s3.us-east-1.amazonaws.com/2024-cards/josh-hader.png,,517,MKE,RP,CP,,,,,,,,,,11,https://i.postimg.cc/wMtVScKp/temp-Image-Tmr4y-O.avif,"Hader,J",haderjo01,0p72
12000,Josh Jung,0.93,https://sba-cards-2024.s3.us-east-1.amazonaws.com/2024-cards/josh-jung.png,,498,FA,3B,,,,,,,,,,,12,,"Jung,Jo",jungjo01,5p20
12001,Josh Lowe,0.52,https://sba-cards-2024.s3.us-east-1.amazonaws.com/2024-cards/josh-lowe.png,,525,BSGMiL,RF,LF,CF,,,,,,,,,15,,"Lowe,J",lowejo01,4p50
12002,Josh Naylor,0.69,https://sba-cards-2024.s3.us-east-1.amazonaws.com/2024-cards/josh-naylor.png,,526,WAI,1B,,,,,,,,,,w20g4,11,https://upload.wikimedia.org/wikipedia/commons/8/82/Francisco_de_Goya%2C_Saturno_devorando_a_su_hijo_%281819-1823%29.jpg,"Naylor,J",naylojo01,1p70
12003,Josh Palacios,0,https://sba-cards-2024.s3.us-east-1.amazonaws.com/2024-cards/josh-palacios.png,,535,NSH,RF,LF,CF,,,,,,,,,17,,"Palacios,J",palacjo01,2p20
12004,Josh Rojas,1.34,https://sba-cards-2024.s3.us-east-1.amazonaws.com/2024-cards/josh-rojas.png,,543,CYPMiL,3B,2B,LF,1B,,,,,,,,15,,"Rojas,J",rojasjo01,1p65
12005,Josh Smith,1.57,https://sba-cards-2024.s3.us-east-1.amazonaws.com/2024-cards/josh-smith.png,,541,CYP,3B,SS,LF,RF,2B,,,,,,,1,,"Smith,J",smithjo11,1p70
12006,Josh Staumont,0.39,https://sba-cards-2024.s3.us-east-1.amazonaws.com/2024-cards/josh-staumont.png,,517,MKE,RP,,,,,,,,,,,11,,"Staumont,J",staumjo01,2p20
12007,Josh Winckowski,0.38,https://sba-cards-2024.s3.us-east-1.amazonaws.com/2024-cards/josh-winckowski.png,,498,FA,SP,RP,CP,,,,,,,,,-2,,"Winckowski,J",winckjo01,1p40
12008,JP Crawford,1.74,https://sba-cards-2024.s3.us-east-1.amazonaws.com/2024-cards/jp-crawford.png,,531,CANMiL,SS,,,,,,,,,,,17,,"Crawford,J",crawfjp01,4p50
12009,JP Sears,1.15,https://sba-cards-2024.s3.us-east-1.amazonaws.com/2024-cards/jp-sears.png,,534,MDWMiL,SP,,,,,,,,,,,15,,"Sears,J",searsjp01,0p72
12010,JT Chargois,1.19,https://sba-cards-2024.s3.us-east-1.amazonaws.com/2024-cards/jt-chargois.png,,528,WAIMiL,RP,,,,,,,,,,,15,,"Chargois,J",chargjt01,5p30
12011,JT Ginn,1.1,https://sba-cards-2024.s3.us-east-1.amazonaws.com/2024-cards/jt-ginn.png,,534,MDWMiL,SP,RP,,,,,,,,,,15,,"Ginn,J",ginnjt01,1p20
12012,JT Realmuto,2.11,https://sba-cards-2024.s3.us-east-1.amazonaws.com/2024-cards/jt-realmuto.png,,535,NSH,C,,,,,,,,,,,17,,"Realmuto,J",realmjt01,4p50
12013,Juan Soto,3.21,https://sba-cards-2024.s3.us-east-1.amazonaws.com/2024-cards/juan-soto.png,,505,AI,RF,LF,,,,,,,,,,1,,"Soto,J",sotoju01,1p70
12014,Juan Yepez,0.7,https://sba-cards-2024.s3.us-east-1.amazonaws.com/2024-cards/juan-yepez.png,,529,CAN,1B,,,,,,,,,,,15,,"Yepez,J",yepezju01,1p30
12015,Julian Aguiar,0,https://sba-cards-2024.s3.us-east-1.amazonaws.com/2024-cards/julian-aguiar.png,,498,FA,SP,,,,,,,,,,,-2,,"Aguiar,J",aguiaju01,1p20
12016,Julio Rodriguez,2.03,https://sba-cards-2024.s3.us-east-1.amazonaws.com/2024-cards/julio-rodriguez.png,,541,CYP,CF,,,,,,,,,,,1,,"Rodriguez,Julio",rodriju01,1p65
12017,Jung Hoo Lee,0.18,https://sba-cards-2024.s3.us-east-1.amazonaws.com/2024-cards/jung-hoo-lee.png,,523,BSG,CF,,,,,,,,,,,14,,"Hoo Lee,J",leeju01,5p20
12018,Junior Caminero,1.15,https://sba-cards-2024.s3.us-east-1.amazonaws.com/2024-cards/junior-caminero.png,,546,CLSMiL,3B,1B,,,,,,,,,,2,,"Caminero,J",caminju01,1p20
12019,Jurickson Profar,1.56,https://sba-cards-2024.s3.us-east-1.amazonaws.com/2024-cards/jurickson-profar.png,,532,MDW,LF,1B,,,,,,,,,,1,,"Profar,J",profaju01,1p70
12020,Justin Anderson,0.45,https://sba-cards-2024.s3.us-east-1.amazonaws.com/2024-cards/justin-anderson.png,,498,FA,RP,CP,,,,,,,,,,-2,,"Anderson,J",anderju01,1p50
12021,Justin Lawrence,0,https://sba-cards-2024.s3.us-east-1.amazonaws.com/2024-cards/justin-lawrence.png,,498,FA,RP,CP,,,,,,,,,,-2,,"Lawrence,J",lawreju01,2p50
12022,Justin Martinez,1.32,https://sba-cards-2024.s3.us-east-1.amazonaws.com/2024-cards/justin-martinez.png,,523,BSG,RP,CP,,,,,,,,,,1,,"Martinez,Ju",martiju01,1p60
12023,Justin Slaten,1.17,https://sba-cards-2024.s3.us-east-1.amazonaws.com/2024-cards/justin-slaten.png,,536,NSHIL,RP,CP,,,,,,,,,w40g2,9,,"Slaten,J",slateju01,4p30
12024,Justin Steele,1.06,https://sba-cards-2024.s3.us-east-1.amazonaws.com/2024-cards/justin-steele.png,,516,GMEMiL,SP,,,,,,,,,,,13,,"Steele,J",steelju01,2p70
12025,Justin Turner,0.81,https://sba-cards-2024.s3.us-east-1.amazonaws.com/2024-cards/justin-turner.png,,522,PORMiL,1B,3B,,,,,,,,,,15,,"Turner,J",turneju01,1p65
12026,Justin Verlander,0,https://sba-cards-2024.s3.us-east-1.amazonaws.com/2024-cards/justin-verlander.png,,498,FA,SP,,,,,,,,,,,-2,,"Verlander,J",verlaju01,4p50
12027,Justin Wilson,0,https://sba-cards-2024.s3.us-east-1.amazonaws.com/2024-cards/justin-wilson.png,,498,FA,RP,CP,,,,,,,,,,-2,,"Wilson,Ju",wilsoju10,1p40
12028,Justin Wrobleski,0,https://sba-cards-2024.s3.us-east-1.amazonaws.com/2024-cards/justin-wrobleski.png,,498,FA,SP,RP,CP,,,,,,,,,-2,,"Wrobleski,J",wroblju01,1p20
12029,Justyn Henry Malloy,0,https://sba-cards-2024.s3.us-east-1.amazonaws.com/2024-cards/justyn-henry-malloy.png,,535,NSH,DH,,,,,,,,,,,15,,"Henry Malloy,J",malloju02,1p40
12030,Kaleb Ort,1.46,https://sba-cards-2024.s3.us-east-1.amazonaws.com/2024-cards/kaleb-ort.png,,498,FA,RP,,,,,,,,,,,-2,,"Ort,K",ortka01,1p20
12031,Keaton Winn,0,https://sba-cards-2024.s3.us-east-1.amazonaws.com/2024-cards/keaton-winn.png,,498,FA,SP,,,,,,,,,,,-2,,"Winn,K",winnke01,5p30
12032,KeBryan Hayes,0.59,https://sba-cards-2024.s3.us-east-1.amazonaws.com/2024-cards/kebryan-hayes.png,,502,DEN,3B,,,,,,,,,,,1,,"Hayes,K",hayeske01,4p50
12033,Keegan Akin,1.01,https://sba-cards-2024.s3.us-east-1.amazonaws.com/2024-cards/keegan-akin.png,,544,CLS,RP,CP,,,,,,,,,,11,https://i.postimg.cc/C1T6CQ9q/temp-Imageztm5u-M.avif,"Akin,K",akinke01,1p50
12034,Keegan Thompson,1.42,https://sba-cards-2024.s3.us-east-1.amazonaws.com/2024-cards/keegan-thompson.png,,510,NYDMiL,RP,CP,,,,,,,,,,16,,"Thompson,K",thompke02,5p20
12035,Keibert Ruiz,0.36,https://sba-cards-2024.s3.us-east-1.amazonaws.com/2024-cards/keibert-ruiz.png,,498,FA,C,,,,,,,,,,,-2,,"Ruiz,K",ruizke01,2p60
12036,Keider Montero,0.08,https://sba-cards-2024.s3.us-east-1.amazonaws.com/2024-cards/keider-montero.png,,498,FA,SP,RP,,,,,,,,,,-2,,"Montero,K",monteke01,1p50
12037,Kenley Jansen,1.14,https://sba-cards-2024.s3.us-east-1.amazonaws.com/2024-cards/kenley-jansen.png,,502,DEN,RP,CP,,,,,,,,,,15,,"Jansen,K",janseke01,1p50
12038,Kenta Maeda,0,https://sba-cards-2024.s3.us-east-1.amazonaws.com/2024-cards/kenta-maeda.png,,498,FA,SP,RP,,,,,,,,,,-2,,"Maeda,K",maedake01,2p60
12039,Kerry Carpenter,2.16,https://sba-cards-2024.s3.us-east-1.amazonaws.com/2024-cards/kerry-carpenter.png,,521,PORIL,RF,LF,,,,,,,,,w20g1,17,,"Carpenter,K",carpeke01,5p40
12040,Ketel Marte,3.38,https://sba-cards-2024.s3.us-east-1.amazonaws.com/2024-cards/ketel-marte.png,,502,DEN,2B,SS,,,,,,,,,,7,https://i.postimg.cc/jdMK97M3/KETTLE-CHIPS-RECIPE-1-of-1-5.jpg,"Marte,K",marteke01,1p60
12041,Kevin Gausman,0.45,https://sba-cards-2024.s3.us-east-1.amazonaws.com/2024-cards/kevin-gausman.png,,508,NYD,SP,,,,,,,,,,,1,,"Gausman,K",gausmke01,1p70
12042,Kevin Ginkel,0.55,https://sba-cards-2024.s3.us-east-1.amazonaws.com/2024-cards/kevin-ginkel.png,,499,WV,RP,CP,,,,,,,,,,6,,"Ginkel,K",ginkeke01,1p60
12043,Kevin Kelly,1.15,https://sba-cards-2024.s3.us-east-1.amazonaws.com/2024-cards/kevin-kelly.png,,511,DAL,RP,CP,,,,,,,,,,1,,"Kelly,K",kellyke02,1p60
12044,Kevin Kiermaier,1.03,https://sba-cards-2024.s3.us-east-1.amazonaws.com/2024-cards/kevin-kiermaier.png,,538,CHC,CF,,,,,,,,,,,15,,"Kiermaier,K",kiermke01,1p60
12045,Kevin Newman,2.05,https://sba-cards-2024.s3.us-east-1.amazonaws.com/2024-cards/kevin-newman.png,,516,GMEMiL,SS,2B,1B,3B,LF,,,,,,,10,,"Newman,K",newmake01,1p50
12046,Kevin Pillar,0.37,https://sba-cards-2024.s3.us-east-1.amazonaws.com/2024-cards/kevin-pillar.png,,523,BSG,CF,LF,RF,,,,,,,,,1,,"Pillar,K",pillake01,1p50
12047,Kirby Yates,2.57,https://sba-cards-2024.s3.us-east-1.amazonaws.com/2024-cards/kirby-yates.png,,522,PORMiL,RP,CP,,,,,,,,,,14,,"Yates,K",yateski01,1p50
12048,Kody Clemens,0.73,https://sba-cards-2024.s3.us-east-1.amazonaws.com/2024-cards/kody-clemens.png,,525,BSGMiL,1B,3B,2B,LF,,,,,,,,15,,"Clemens,K",clemeko01,2p20
12049,Kody Funderburk,0,https://sba-cards-2024.s3.us-east-1.amazonaws.com/2024-cards/kody-funderburk.png,,498,FA,RP,CP,,,,,,,,,,-2,,"Funderburk,K",fundeko01,5p20
12050,Korey Lee,0.07,https://sba-cards-2024.s3.us-east-1.amazonaws.com/2024-cards/korey-lee.png,,520,POR,C,,,,,,,,,,,14,,"Lee,K",leeko01,2p60
12051,Kris Bryant,0,https://sba-cards-2024.s3.us-east-1.amazonaws.com/2024-cards/kris-bryant.png,,498,FA,1B,RF,,,,,,,,,,15,,"Bryant,K",bryankr01,5p20
12052,Kris Bubic,1.27,https://sba-cards-2024.s3.us-east-1.amazonaws.com/2024-cards/kris-bubic.png,,536,NSHIL,RP,CP,,,,,,,,,w40g3,13,,"Bubic,K",bubickr01,5p30
12053,Kutter Crawford,0.98,https://sba-cards-2024.s3.us-east-1.amazonaws.com/2024-cards/kutter-crawford.png,,523,BSG,SP,,,,,,,,,,,1,,"Crawford,K",crawfku01,0p72
12054,Kyle Bradish,1.91,https://sba-cards-2024.s3.us-east-1.amazonaws.com/2024-cards/kyle-bradish.png,,521,PORIL,SP,,,,,,,,,,w19g1,15,,"Bradish,K",bradiky01,6p20
12055,Kyle Farmer,0,https://sba-cards-2024.s3.us-east-1.amazonaws.com/2024-cards/kyle-farmer.png,,511,DAL,2B,3B,SS,1B,,,,,,,,10,,"Farmer,K",farmeky01,2p50
12056,Kyle Finnegan,0.68,https://sba-cards-2024.s3.us-east-1.amazonaws.com/2024-cards/kyle-finnegan.png,,529,CAN,RP,CP,,,,,,,,,,15,,"Finnegan,K",finneky01,1p50
12057,Kyle Freeland,0,https://sba-cards-2024.s3.us-east-1.amazonaws.com/2024-cards/kyle-freeland.png,,498,FA,SP,,,,,,,,,,,-2,,"Freeland,K",freelky01,3p60
12058,Kyle Gibson,0.48,https://sba-cards-2024.s3.us-east-1.amazonaws.com/2024-cards/kyle-gibson.png,,498,FA,SP,,,,,,,,,,,-2,,"Gibson,K",gibsoky01,1p70
12059,Kyle Harrison,0.36,https://sba-cards-2024.s3.us-east-1.amazonaws.com/2024-cards/kyle-harrison.png,,498,FA,SP,,,,,,,,,,,-2,,"Harrison,K",harriky01,2p65
12060,Kyle Hendricks,0,https://sba-cards-2024.s3.us-east-1.amazonaws.com/2024-cards/kyle-hendricks.png,,498,FA,SP,RP,,,,,,,,,,-2,,"Hendricks,K",hendrky01,1p65
12061,Kyle Higashioka,1.54,https://sba-cards-2024.s3.us-east-1.amazonaws.com/2024-cards/kyle-higashioka.png,,511,DAL,C,,,,,,,,,,,8,,"Higashioka,K",higasky01,2p40
12062,Kyle Isbel,1.23,https://sba-cards-2024.s3.us-east-1.amazonaws.com/2024-cards/kyle-isbel.png,,532,MDW,CF,,,,,,,,,,,19,,"Isbel,K",isbelky01,1p60
12063,Kyle Leahy,0.3,https://sba-cards-2024.s3.us-east-1.amazonaws.com/2024-cards/kyle-leahy.png,,526,WAI,RP,CP,,,,,,,,,,1,https://upload.wikimedia.org/wikipedia/commons/8/82/Francisco_de_Goya%2C_Saturno_devorando_a_su_hijo_%281819-1823%29.jpg,"Leahy,K",leahyky01,1p30
12064,Kyle Manzardo,0,https://sba-cards-2024.s3.us-east-1.amazonaws.com/2024-cards/kyle-manzardo.png,,498,FA,1B,,,,,,,,,,,-2,,"Manzardo,K",manzaky01,1p30
12065,Kyle McCann,0.37,https://sba-cards-2024.s3.us-east-1.amazonaws.com/2024-cards/kyle-mccann.png,,519,MKEMiL,C,,,,,,,,,,,15,,"McCann,K",mccanky01,2p30
12066,Kyle Muller,0.58,https://sba-cards-2024.s3.us-east-1.amazonaws.com/2024-cards/kyle-muller.png,,508,NYD,RP,,,,,,,,,,,17,,"Muller,K",mulleky01,3p30
12067,Kyle Nicolas,0.18,https://sba-cards-2024.s3.us-east-1.amazonaws.com/2024-cards/kyle-nicolas.png,,528,WAIMiL,RP,,,,,,,,,,,14,https://upload.wikimedia.org/wikipedia/commons/8/82/Francisco_de_Goya%2C_Saturno_devorando_a_su_hijo_(1819-1823).jpg,"Nicolas,K",nicolky01,1p50
12068,Kyle Schwarber,1.47,https://sba-cards-2024.s3.us-east-1.amazonaws.com/2024-cards/kyle-schwarber.png,,517,MKE,LF,,,,,,,,,,,1,https://media.discordapp.net/attachments/687509947575304309/1395924513895616602/image.png?ex=687c3783&is=687ae603&hm=7162318a2661daa17b3374649f0fed39d8eaf04c692088f070b9e05d1f5ba6c0&=&format=webp&quality=lossless,"Schwarber,K",schwaky01,1p70
12069,Kyle Stowers,0,https://sba-cards-2024.s3.us-east-1.amazonaws.com/2024-cards/kyle-stowers.png,,498,FA,LF,CF,RF,,,,,,,,,-2,,"Stowers,K",stoweky01,1p40
12070,Kyle Tucker,4.02,https://sba-cards-2024.s3.us-east-1.amazonaws.com/2024-cards/kyle-tucker.png,,502,DEN,RF,,,,,,,,,,,12,https://i.postimg.cc/hPLQ7pPz/1938-ffc736b3-589b-4f8c-af68-631ca46b9f86.jpg,"Tucker,K",tuckeky01,5p40
12071,Kyle Tyler,0.68,https://sba-cards-2024.s3.us-east-1.amazonaws.com/2024-cards/kyle-tyler.png,,498,FA,SP,RP,,,,,,,,,,-2,,"Tyler,K",tylerky01,1p20
12072,LaMonte Wade Jr,1.52,https://sba-cards-2024.s3.us-east-1.amazonaws.com/2024-cards/lamonte-wade-jr.png,,520,POR,1B,RF,LF,,,,,,,,,11,,"Wade Jr,L",wadela01,3p60
12073,Lance Lynn,0.19,https://sba-cards-2024.s3.us-east-1.amazonaws.com/2024-cards/lance-lynn.png,,498,FA,SP,,,,,,,,,,,15,,"Lynn,L",lynnla01,2p60
12074,Landen Roupp,0.89,https://sba-cards-2024.s3.us-east-1.amazonaws.com/2024-cards/landen-roupp.png,,517,MKE,SP,RP,,,,,,,,,,1,,"Roupp,L",rouppla01,1p30
12075,Landon Knack,0.98,https://sba-cards-2024.s3.us-east-1.amazonaws.com/2024-cards/landon-knack.png,,520,POR,SP,RP,CP,,,,,,,,,11,,"Knack,L",knackla01,1p40
12076,Lane Thomas,0.16,https://sba-cards-2024.s3.us-east-1.amazonaws.com/2024-cards/lane-thomas.png,,520,POR,RF,CF,,,,,,,,,,1,,"Thomas,L",thomala02,3p60
12077,Lars Nootbaar,1.07,https://sba-cards-2024.s3.us-east-1.amazonaws.com/2024-cards/lars-nootbaar.png,,500,WVIL,RF,LF,CF,,,,,,,,w20g4,16,,"Nootbaar,L",nootbla01,4p50
12078,Lawrence Butler,1.93,https://sba-cards-2024.s3.us-east-1.amazonaws.com/2024-cards/lawrence-butler.png,,514,GME,RF,CF,,,,,,,,,,18,,"Butler,L",butlela01,1p60
12079,Lenyn Sosa,0,https://sba-cards-2024.s3.us-east-1.amazonaws.com/2024-cards/lenyn-sosa.png,,526,WAI,3B,2B,1B,,,,,,,,,13,https://upload.wikimedia.org/wikipedia/commons/8/82/Francisco_de_Goya%2C_Saturno_devorando_a_su_hijo_(1819-1823).jpg,"Sosa,L",sosale01,1p50
12080,Leo Jimenez,1.24,https://sba-cards-2024.s3.us-east-1.amazonaws.com/2024-cards/leo-jimenez.png,,519,MKEMiL,SS,2B,,,,,,,,,,15,,"Jimenez,L",jimenle01,1p30
12081,Leo Rivas,1.01,https://sba-cards-2024.s3.us-east-1.amazonaws.com/2024-cards/leo-rivas.png,,504,DENMiL,SS,2B,3B,,,,,,,,,9,,"Rivas,L",rivasle01,1p20
12082,Leody Taveras,0.27,https://sba-cards-2024.s3.us-east-1.amazonaws.com/2024-cards/leody-taveras.png,,505,AI,CF,,,,,,,,,,w18g01,10,,"Taveras,L",taverle01,1p70
12083,Logan Allen,0,https://sba-cards-2024.s3.us-east-1.amazonaws.com/2024-cards/logan-allen.png,,498,FA,RP,CP,,,,,,,,,,-2,,"Allen,L",allenlo01,1p20
12084,Logan Gilbert,1.21,https://sba-cards-2024.s3.us-east-1.amazonaws.com/2024-cards/logan-gilbert.png,,514,GME,SP,,,,,,,,,,,1,,"Gilbert,L",gilbelo01,0p72
12085,Logan OHoppe,1.5,https://sba-cards-2024.s3.us-east-1.amazonaws.com/2024-cards/logan-ohoppe.png,,525,BSGMiL,C,,,,,,,,,,,2,,"OHoppe,L",ohopplo01,1p60
12086,Logan T Allen,0,https://sba-cards-2024.s3.us-east-1.amazonaws.com/2024-cards/logan-t-allen.png,,498,FA,SP,,,,,,,,,,,-2,,"T Allen,L",allenlo02,1p50
12087,Logan Webb,1.63,https://sba-cards-2024.s3.us-east-1.amazonaws.com/2024-cards/logan-webb.png,,541,CYP,SP,,,,,,,,,,,14,https://i.postimg.cc/HWbqTG3J/cy.png,"Webb,L",webblo01,0p72
12088,Louie Varland,0,https://sba-cards-2024.s3.us-east-1.amazonaws.com/2024-cards/louie-varland.png,,498,FA,SP,RP,,,,,,,,,,-2,,"Varland,L",varlalo01,1p30
12089,Lourdes Gurriel Jr,1.05,https://sba-cards-2024.s3.us-east-1.amazonaws.com/2024-cards/lourdes-gurriel-jr.png,,541,CYP,LF,1B,,,,,,,,,,1,,"Gurriel,L",gurrilo01,1p60
12090,Lucas Erceg,0.93,https://sba-cards-2024.s3.us-east-1.amazonaws.com/2024-cards/lucas-erceg.png,,538,CHC,RP,CP,,,,,,,,,,14,,"Erceg,L",erceglu01,1p50
12091,Lucas Sims,0.49,https://sba-cards-2024.s3.us-east-1.amazonaws.com/2024-cards/lucas-sims.png,,498,FA,RP,CP,,,,,,,,,,-2,,"Sims,L",simslu01,2p40
12092,Luis Arraez,0.43,https://sba-cards-2024.s3.us-east-1.amazonaws.com/2024-cards/luis-arraez.png,,520,POR,1B,2B,,,,,,,,,,1,,"Arraez,L",arraelu01,1p70
12093,Luis Campusano,0,https://sba-cards-2024.s3.us-east-1.amazonaws.com/2024-cards/luis-campusano.png,,526,WAI,C,1B,,,,,,,,,,6,,"Campusano,L",campulu01,2p40
12094,Luis Castillo,0.92,https://sba-cards-2024.s3.us-east-1.amazonaws.com/2024-cards/luis-castillo.png,,511,DAL,SP,,,,,,,,,,,8,,"Castillo,L",castilu02,1p70
12095,Luis Garcia,0,https://sba-cards-2024.s3.us-east-1.amazonaws.com/2024-cards/luis-v-garcia.png,,542,CYPIL,RP,CP,,,,,,,,,,14,,"Garcia,L",garcilu03,2p50
12096,Luis Gil,1.53,https://sba-cards-2024.s3.us-east-1.amazonaws.com/2024-cards/luis-gil.png,,541,CYP,SP,,,,,,,,,,,1,,"Gil,L",gillu01,1p70
12097,Luis Guillorme,0.47,https://sba-cards-2024.s3.us-east-1.amazonaws.com/2024-cards/luis-guillorme.png,,517,MKE,2B,3B,SS,,,,,,,,,11,,"Guillorme,L",guilllu01,1p40
12098,Luis Matos,0,https://sba-cards-2024.s3.us-east-1.amazonaws.com/2024-cards/luis-matos.png,,498,FA,CF,RF,LF,,,,,,,,,-2,,"Matos,L",matoslu02,1p20
12099,Luis Medina,0.56,https://sba-cards-2024.s3.us-east-1.amazonaws.com/2024-cards/luis-medina.png,,498,FA,SP,,,,,,,,,,,-2,,"Medina,L",medinlu02,6p20
12100,Luis Ortiz,1.99,https://sba-cards-2024.s3.us-east-1.amazonaws.com/2024-cards/luis-ortiz.png,,538,CHC,SP,RP,CP,,,,,,,,,6,,"Ortiz,L",ortizlu02,1p60
12101,Luis Rengifo,1.81,https://sba-cards-2024.s3.us-east-1.amazonaws.com/2024-cards/luis-rengifo.png,,505,AI,3B,2B,SS,RF,,,,,,,,11,,"Rengifo,L",rengilu01,1p40
12102,Luis Robert,0.96,https://sba-cards-2024.s3.us-east-1.amazonaws.com/2024-cards/luis-robert.png,,513,DALMiL,CF,,,,,,,,,,,16,,"Robert,L",roberlu01,4p50
12103,Luis Severino,0.79,https://sba-cards-2024.s3.us-east-1.amazonaws.com/2024-cards/luis-severino.png,,540,CHCMiL,SP,,,,,,,,,,,15,,"Severino,L",severlu01,1p70
12104,Luis Torrens,1.56,https://sba-cards-2024.s3.us-east-1.amazonaws.com/2024-cards/luis-torrens.png,,498,FA,C,,,,,,,,,,,15,,"Torrens,L",torrelu01,2p30
12105,Luis Urias,1.06,https://sba-cards-2024.s3.us-east-1.amazonaws.com/2024-cards/luis-urias.png,,498,FA,3B,,,,,,,,,,,-2,,"Urias,L",uriaslu01,1p20
12106,Luis V Garcia,1.21,https://sba-cards-2024.s3.us-east-1.amazonaws.com/2024-cards/luis-garcia.png,,514,GME,2B,,,,,,,,,,,18,,"Garcia,LV",garcilu04,1p65
12107,Luke Jackson,0,https://sba-cards-2024.s3.us-east-1.amazonaws.com/2024-cards/luke-jackson.png,,498,FA,RP,,,,,,,,,,,-2,,"Jackson,L",jackslu01,2p50
12108,Luke Little,0.55,https://sba-cards-2024.s3.us-east-1.amazonaws.com/2024-cards/luke-little.png,,511,DAL,RP,,,,,,,,,,,10,,"Little,L",littllu01,5p30
12109,Luke Maile,0,https://sba-cards-2024.s3.us-east-1.amazonaws.com/2024-cards/luke-maile.png,,535,NSH,C,,,,,,,,,,,1,,"Maile,L",mailelu01,3p30
12110,Luke Raley,2.04,https://sba-cards-2024.s3.us-east-1.amazonaws.com/2024-cards/luke-raley.png,,544,CLS,LF,1B,RF,CF,,,,,,,,1,https://i.postimg.cc/6qd0W6Qj/temp-Image-Tukw8-R.avif,"Raley,L",raleylu01,1p65
12111,Luke Weaver,1.63,https://sba-cards-2024.s3.us-east-1.amazonaws.com/2024-cards/luke-weaver.png,,514,GME,RP,CP,,,,,,,,,,1,,"Weaver,L",weavelu01,1p50
12112,MacKenzie Gore,0.36,https://sba-cards-2024.s3.us-east-1.amazonaws.com/2024-cards/mackenzie-gore.png,,498,FA,SP,,,,,,,,,,,-2,,"Gore,M",gorema01,0p72
12113,Maikel Garcia,0.56,https://sba-cards-2024.s3.us-east-1.amazonaws.com/2024-cards/maikel-garcia.png,,514,GME,3B,2B,SS,RF,,,,,,,,17,,"Garcia,M",garcima01,1p70
12114,Manny Machado,1.4,https://sba-cards-2024.s3.us-east-1.amazonaws.com/2024-cards/manny-machado.png,,511,DAL,3B,,,,,,,,,,,7,,"Machado,M",machama01,1p70
12115,Manuel Margot,0,https://sba-cards-2024.s3.us-east-1.amazonaws.com/2024-cards/manuel-margot.png,,498,FA,LF,RF,CF,,,,,,,,,-2,,"Margot,M",margoma01,1p60
12116,Manuel Rodriguez,1.4,https://sba-cards-2024.s3.us-east-1.amazonaws.com/2024-cards/manuel-rodriguez.png,,505,AI,RP,CP,,,,,,,,,,17,,"Rodriguez,M",rodrima01,1p30
12117,Marcell Ozuna,1.81,https://sba-cards-2024.s3.us-east-1.amazonaws.com/2024-cards/marcell-ozuna.png,,502,DEN,DH,,,,,,,,,,,1,https://i.postimg.cc/7ZR7nb7j/im-ozuna-from-the-braves-v0-ztwhmn20ey2b1-1.jpg,"Ozuna,M",ozunama01,0p72
12118,Marco Gonzales,1.11,https://sba-cards-2024.s3.us-east-1.amazonaws.com/2024-cards/marco-gonzales.png,,498,FA,SP,,,,,,,,,,,-2,,"Gonzales,M",gonzama02,6p20
12119,Marco Luciano,0,https://sba-cards-2024.s3.us-east-1.amazonaws.com/2024-cards/marco-luciano.png,,498,FA,SS,2B,,,,,,,,,,6,,"Luciano,M",luciama01,1p20
12120,Marcus Semien,1.66,https://sba-cards-2024.s3.us-east-1.amazonaws.com/2024-cards/marcus-semien.png,,535,NSH,2B,,,,,,,,,,,1,,"Semien,M",semiema01,1p70
12121,Marcus Stroman,0.34,https://sba-cards-2024.s3.us-east-1.amazonaws.com/2024-cards/marcus-stroman.png,,498,FA,SP,RP,CP,,,,,,,,,-2,,"Stroman,M",stromma01,1p70
12122,Mark Canha,0.38,https://sba-cards-2024.s3.us-east-1.amazonaws.com/2024-cards/mark-canha.png,,534,MDWMiL,1B,LF,RF,3B,,,,,,,,16,,"Canha,M",canhama01,1p60
12123,Mark Leiter,0,https://sba-cards-2024.s3.us-east-1.amazonaws.com/2024-cards/mark-leiter.png,,525,BSGMiL,RP,,,,,,,,,,,15,,"Leiter,M",leitema02,1p50
12124,Mark Vientos,1.98,https://sba-cards-2024.s3.us-east-1.amazonaws.com/2024-cards/mark-vientos.png,,514,GME,3B,1B,,,,,,,,,,14,,"Vientos,M",vientma01,1p50
12125,Martin Maldonado,0,https://sba-cards-2024.s3.us-east-1.amazonaws.com/2024-cards/martin-maldonado.png,,498,FA,C,,,,,,,,,,,-2,,"Maldonado,M",maldoma01,2p30
12126,Martin Perez,0.5,https://sba-cards-2024.s3.us-east-1.amazonaws.com/2024-cards/martin-perez.png,,498,FA,SP,,,,,,,,,,,-2,,"Perez,Martin",perezma02,1p70
12127,Masataka Yoshida,0.96,https://sba-cards-2024.s3.us-east-1.amazonaws.com/2024-cards/masataka-yoshida.png,,529,CAN,LF,,,,,,,,,,,15,,"Yoshida,M",yoshima02,3p50
12128,Mason Black,0,https://sba-cards-2024.s3.us-east-1.amazonaws.com/2024-cards/mason-black.png,,498,FA,SP,RP,,,,,,,,,,-2,,"Black,M",blackma01,1p20
12129,Mason Englert,0,https://sba-cards-2024.s3.us-east-1.amazonaws.com/2024-cards/mason-englert.png,,498,FA,RP,,,,,,,,,,,-2,,"Englert,M",englema01,1p20
12130,Mason Miller,1.77,https://sba-cards-2024.s3.us-east-1.amazonaws.com/2024-cards/mason-miller.png,,544,CLS,RP,CP,,,,,,,,,,11,,"Miller,M",millema03,2p60
12131,Masyn Winn,2.23,https://sba-cards-2024.s3.us-east-1.amazonaws.com/2024-cards/masyn-winn.png,,508,NYD,SS,,,,,,,,,,,1,,"Winn,M",winnma01,1p70
12132,Matt Bowman,0.7,https://sba-cards-2024.s3.us-east-1.amazonaws.com/2024-cards/matt-bowman.png,,540,CHCMiL,RP,,,,,,,,,,,19,,"Bowman,M",bowmama01,1p20
12133,Matt Boyd,1.32,https://sba-cards-2024.s3.us-east-1.amazonaws.com/2024-cards/matt-boyd.png,,513,DALMiL,SP,,,,,,,,,,,17,,"Boyd,M",boydma01,4p20
12134,Matt Carpenter,0,https://sba-cards-2024.s3.us-east-1.amazonaws.com/2024-cards/matt-carpenter.png,,529,CAN,1B,2B,3B,,,,,,,,,15,,"Carpenter,M",carpema01,4p30
12135,Matt Chapman,3.18,https://sba-cards-2024.s3.us-east-1.amazonaws.com/2024-cards/matt-chapman.png,,544,CLS,3B,,,,,,,,,,,1,https://i.postimg.cc/WpXcjsQY/temp-Image-ZEsfl7.avif,"Chapman,M",chapmma01,1p70
12136,Matt Festa,0,https://sba-cards-2024.s3.us-east-1.amazonaws.com/2024-cards/matt-festa.png,,513,DALMiL,RP,,,,,,,,,,,14,,"Festa,M",festama01,1p20
12137,Matt Moore,0,https://sba-cards-2024.s3.us-east-1.amazonaws.com/2024-cards/matt-moore.png,,498,FA,RP,CP,,,,,,,,,,-2,,"Moore,M",moorema02,3p40
12138,Matt Olson,1.61,https://sba-cards-2024.s3.us-east-1.amazonaws.com/2024-cards/matt-olson.png,,535,NSH,1B,,,,,,,,,,,1,,"Olson,M",olsonma02,0p72
12139,Matt Strahm,1.91,https://sba-cards-2024.s3.us-east-1.amazonaws.com/2024-cards/matt-strahm.png,,535,NSH,RP,CP,,,,,,,,,,1,,"Strahm,M",strahma01,1p50
12140,Matt Thaiss,0.94,https://sba-cards-2024.s3.us-east-1.amazonaws.com/2024-cards/matt-thaiss.png,,498,FA,C,,,,,,,,,,,-2,,"Thaiss,M",thaisma01,2p30
12141,Matt Vierling,1.53,https://sba-cards-2024.s3.us-east-1.amazonaws.com/2024-cards/matt-vierling.png,,541,CYP,CF,3B,RF,LF,1B,,,,,,,1,,"Vierling,M",vierlma01,1p65
12142,Matt Waldron,0.49,https://sba-cards-2024.s3.us-east-1.amazonaws.com/2024-cards/matt-waldron.png,,498,FA,SP,,,,,,,,,,,-2,,"Waldron,M",waldrma01,1p65
12143,Matt Wallner,2.44,https://sba-cards-2024.s3.us-east-1.amazonaws.com/2024-cards/matt-wallner.png,,504,DENMiL,RF,LF,,,,,,,,,,12,,"Wallner,M",wallnma01,1p40
12144,Matthew Liberatore,0.25,https://sba-cards-2024.s3.us-east-1.amazonaws.com/2024-cards/matthew-liberatore.png,,498,FA,SP,RP,,,,,,,,,,13,,"Liberatore,M",liberma01,1p50
12145,Mauricio Dubon,0.75,https://sba-cards-2024.s3.us-east-1.amazonaws.com/2024-cards/mauricio-dubon.png,,523,BSG,LF,CF,2B,1B,RF,3B,SS,,,,,1,,"Dubon,M",dubonma01,1p65
12146,Max Fried,1.81,https://sba-cards-2024.s3.us-east-1.amazonaws.com/2024-cards/max-fried.png,,504,DENMiL,SP,,,,,,,,,,,16,,"Fried,M",friedma01,1p70
12147,Max Kepler,0.73,https://sba-cards-2024.s3.us-east-1.amazonaws.com/2024-cards/max-kepler.png,,507,AIMiL,RF,,,,,,,,,,,17,,"Kepler,M",keplema01,4p50
12148,Max Meyer,0,https://sba-cards-2024.s3.us-east-1.amazonaws.com/2024-cards/max-meyer.png,,498,FA,SP,,,,,,,,,,,-2,,"Meyer,M",meyerma01,2p30
12149,Max Muncy,2.97,https://sba-cards-2024.s3.us-east-1.amazonaws.com/2024-cards/max-muncy.png,,531,CANMiL,3B,,,,,,,,,,,17,,"Muncy,M",muncyma01,5p40
12150,Max Scherzer,0.66,https://sba-cards-2024.s3.us-east-1.amazonaws.com/2024-cards/max-scherzer.png,,504,DENMiL,SP,,,,,,,,,,,15,,"Scherzer,M",scherma01,6p30
12151,Max Schuemann,0.51,https://sba-cards-2024.s3.us-east-1.amazonaws.com/2024-cards/max-schuemann.png,,498,FA,SS,3B,2B,LF,CF,,,,,,,16,,"Schuemann,M",schuema01,1p60
12152,Merrill Kelly,1.02,https://sba-cards-2024.s3.us-east-1.amazonaws.com/2024-cards/merrill-kelly.png,,498,FA,SP,,,,,,,,,,,-2,,"Kelly,Me",kellyme01,5p40
12153,Michael A Taylor,0.87,https://sba-cards-2024.s3.us-east-1.amazonaws.com/2024-cards/michael-a-taylor.png,,498,FA,CF,LF,,,,,,,,,,-2,,"Taylor,M",taylomi02,1p50
12154,Michael Busch,1.43,https://sba-cards-2024.s3.us-east-1.amazonaws.com/2024-cards/michael-busch.png,,523,BSG,1B,2B,3B,,,,,,,,,11,https://i.postimg.cc/N0JRB9kf/temp-Imaget1yso-Y.avif,"Busch,M",buschmi02,1p70
12155,Michael Conforto,0.77,https://sba-cards-2024.s3.us-east-1.amazonaws.com/2024-cards/michael-conforto.png,,510,NYDMiL,LF,,,,,,,,,,,11,,"Conforto,M",confomi01,2p60
12156,Michael Grove,0,https://sba-cards-2024.s3.us-east-1.amazonaws.com/2024-cards/michael-grove.png,,535,NSH,SP,RP,,,,,,,,,,6,,"Grove,M",grovemi01,4p40
12157,Michael Harris,1.97,https://sba-cards-2024.s3.us-east-1.amazonaws.com/2024-cards/michael-harris.png,,537,NSHMiL,CF,,,,,,,,,,,17,,"Harris,M",harrimi04,3p50
12158,Michael Kelly,1.84,https://sba-cards-2024.s3.us-east-1.amazonaws.com/2024-cards/michael-kelly.png,,498,FA,RP,,,,,,,,,,,-2,,"Kelly,Mi",kellymi03,1p20
12159,Michael King,1.81,https://sba-cards-2024.s3.us-east-1.amazonaws.com/2024-cards/michael-king.png,,526,WAI,SP,,,,,,,,,,,1,https://upload.wikimedia.org/wikipedia/commons/8/82/Francisco_de_Goya%2C_Saturno_devorando_a_su_hijo_%281819-1823%29.jpg,"King,M",kingmi01,1p70
12160,Michael Kopech,0.92,https://sba-cards-2024.s3.us-east-1.amazonaws.com/2024-cards/michael-kopech.png,,538,CHC,RP,CP,,,,,,,,,,10,,"Kopech,M",kopecmi01,1p60
12161,Michael Lorenzen,1.5,https://sba-cards-2024.s3.us-east-1.amazonaws.com/2024-cards/michael-lorenzen.png,,519,MKEMiL,SP,RP,,,,,,,,,,13,https://cdn.vox-cdn.com/thumbor/cYZFLDQkVRhSxqxs1qr0U_mTlKE=/0x0:2712x3288/1400x933/filters:focal(1116x773:1548x1205):no_upscale()/cdn.vox-cdn.com/uploads/chorus_image/image/68800046/1172361995.0.jpg,"Lorenzen,M",lorenmi01,2p65
12162,Michael Massey,1.3,https://sba-cards-2024.s3.us-east-1.amazonaws.com/2024-cards/michael-massey.png,,544,CLS,2B,,,,,,,,,,,1,https://i.postimg.cc/43NFWc3J/temp-Image9-Q5-Sc-Y.avif,"Massey,M",massemi02,4p50
12163,Michael Petersen,0,https://sba-cards-2024.s3.us-east-1.amazonaws.com/2024-cards/michael-petersen.png,,498,FA,RP,,,,,,,,,,,-2,,"Petersen,M",petermi01,1p20
12164,Michael Siani,0.61,https://sba-cards-2024.s3.us-east-1.amazonaws.com/2024-cards/michael-siani.png,,514,GME,CF,LF,RF,,,,,,,,,1,,"Siani,M",sianimi01,2p60
12165,Michael Soroka,0.56,https://sba-cards-2024.s3.us-east-1.amazonaws.com/2024-cards/michael-soroka.png,,498,FA,SP,RP,,,,,,,,,,-2,,"Soroka,M",sorokmi01,4p40
12166,Michael Stefanic,0,https://sba-cards-2024.s3.us-east-1.amazonaws.com/2024-cards/michael-stefanic.png,,498,FA,2B,3B,,,,,,,,,,-2,,"Stefanic,M",stefami01,5p20
12167,Michael Toglia,1.39,https://sba-cards-2024.s3.us-east-1.amazonaws.com/2024-cards/michael-toglia.png,,510,NYDMiL,1B,RF,,,,,,,,,,15,,"Toglia,M",toglimi01,1p60
12168,Michael Tonkin,0,https://sba-cards-2024.s3.us-east-1.amazonaws.com/2024-cards/michael-tonkin.png,,523,BSG,RP,CP,,,,,,,,,,1,,"Tonkin,M",tonkimi01,1p50
12169,Michael Wacha,1.89,https://sba-cards-2024.s3.us-east-1.amazonaws.com/2024-cards/michael-wacha.png,,500,WVIL,SP,,,,,,,,,,w20g4,1,,"Wacha,M",wachami01,1p70
12170,Michel Otanez,0.56,https://sba-cards-2024.s3.us-east-1.amazonaws.com/2024-cards/michel-otanez.png,,520,POR,RP,CP,,,,,,,,,,14,,"Otanez,M",otanemi01,1p30
12171,Mickey Moniak,0,https://sba-cards-2024.s3.us-east-1.amazonaws.com/2024-cards/mickey-moniak.png,,498,FA,CF,RF,LF,,,,,,,,,-2,,"Moniak,M",moniami01,1p60
12172,Miguel Amaya,1.52,https://sba-cards-2024.s3.us-east-1.amazonaws.com/2024-cards/miguel-amaya.png,,537,NSHMiL,C,,,,,,,,,,,15,,"Amaya,M",amayami01,2p60
12173,Miguel Andujar,0.36,https://sba-cards-2024.s3.us-east-1.amazonaws.com/2024-cards/miguel-andujar.png,,514,GME,LF,,,,,,,,,,,18,,"Andujar,M",andujmi01,4p40
12174,Miguel Rojas,2.93,https://sba-cards-2024.s3.us-east-1.amazonaws.com/2024-cards/miguel-rojas.png,,541,CYP,SS,2B,3B,1B,,,,,,,,1,,"Rojas,M",rojasmi02,1p50
12175,Miguel Sano,0,https://sba-cards-2024.s3.us-east-1.amazonaws.com/2024-cards/miguel-sano.png,,498,FA,3B,1B,,,,,,,,,,-2,,"Sano,M",sanomi01,4p20
12176,Miguel Vargas,0,https://sba-cards-2024.s3.us-east-1.amazonaws.com/2024-cards/miguel-vargas.png,,498,FA,3B,LF,,,,,,,,,,-2,,"Vargas,M",vargami01,1p40
12177,Mike Baumann,0,https://sba-cards-2024.s3.us-east-1.amazonaws.com/2024-cards/mike-baumann.png,,498,FA,RP,,,,,,,,,,,-2,,"Baumann,M",baumami01,1p50
12178,Mike Ford,0,https://sba-cards-2024.s3.us-east-1.amazonaws.com/2024-cards/mike-ford.png,,498,FA,1B,,,,,,,,,,,-2,,"Ford,M",fordmi01,1p20
12179,Mike Tauchman,0.5,https://sba-cards-2024.s3.us-east-1.amazonaws.com/2024-cards/mike-tauchman.png,,511,DAL,RF,LF,CF,,,,,,,,w19g3,17,,"Tauchman,M",tauchmi01,3p50
12180,Mike Trout,2.53,https://sba-cards-2024.s3.us-east-1.amazonaws.com/2024-cards/mike-trout.png,,533,MDWIL,CF,,,,,,,,,,w20g2,17,,"Trout,M",troutmi01,5p20
12181,Mike Yastrzemski,1.28,https://sba-cards-2024.s3.us-east-1.amazonaws.com/2024-cards/mike-yastrzemski.png,,508,NYD,RF,CF,,,,,,,,,,13,,"Yastrzemski,M",yastrmi01,1p65
12182,Miles Mastrobuoni,0,https://sba-cards-2024.s3.us-east-1.amazonaws.com/2024-cards/miles-mastrobuoni.png,,498,FA,3B,2B,SS,LF,RF,,,,,,,-2,,"Mastrobuoni,M",mastrmi01,1p30
12183,Miles Mikolas,0,https://sba-cards-2024.s3.us-east-1.amazonaws.com/2024-cards/miles-mikolas.png,,498,FA,SP,,,,,,,,,,,-2,,"Mikolas,M",mikolmi01,0p72
12184,Mitch Garver,0,https://sba-cards-2024.s3.us-east-1.amazonaws.com/2024-cards/mitch-garver.png,,544,CLS,C,,,,,,,,,,,5,https://i.postimg.cc/LXxQd8nz/temp-Image-HIzz-QG.avif,"Garver,M",garvemi01,2p60
12185,Mitch Haniger,0,https://sba-cards-2024.s3.us-east-1.amazonaws.com/2024-cards/mitch-haniger.png,,498,FA,RF,,,,,,,,,,,-2,,"Haniger,M",hanigmi01,1p60
12186,Mitch Keller,1.01,https://sba-cards-2024.s3.us-east-1.amazonaws.com/2024-cards/mitch-keller.png,,498,FA,SP,,,,,,,,,,,-2,,"Keller,M",kellemi03,1p70
12187,Mitch Spence,0.79,https://sba-cards-2024.s3.us-east-1.amazonaws.com/2024-cards/mitch-spence.png,,498,FA,SP,RP,,,,,,,,,,-2,,"Spence,M",spencmi01,1p70
12188,Mitch White,0,https://sba-cards-2024.s3.us-east-1.amazonaws.com/2024-cards/mitch-white.png,,498,FA,RP,,,,,,,,,,,-2,,"White,M",whitemi03,1p20
12189,Mitchell Parker,0.3,https://sba-cards-2024.s3.us-east-1.amazonaws.com/2024-cards/mitchell-parker.png,,498,FA,SP,,,,,,,,,,,16,https://i.postimg.cc/tT8SRmNT/temp-Imagetx-Uth-P.avif,"Parker,M",parkemi01,1p70
12190,MJ Melendez,0,https://sba-cards-2024.s3.us-east-1.amazonaws.com/2024-cards/mj-melendez.png,,498,FA,LF,RF,1B,,,,,,,,,-2,,"Melendez,M",melenmj01,1p60
12191,Mookie Betts,2.7,https://sba-cards-2024.s3.us-east-1.amazonaws.com/2024-cards/mookie-betts.png,,541,CYP,SS,RF,2B,,,,,,,,,12,,"Betts,M",bettsmo01,3p60
12192,Nasim Nunez,2.6,https://sba-cards-2024.s3.us-east-1.amazonaws.com/2024-cards/nasim-nunez.png,,498,FA,SS,2B,,,,,,,,,,-2,,"Nunez,N",nunezna01,1p30
12193,Nate Pearson,0,https://sba-cards-2024.s3.us-east-1.amazonaws.com/2024-cards/nate-pearson.png,,498,FA,RP,CP,,,,,,,,,,-2,,"Pearson,N",pearsna01,1p60
12194,Nathan Eovaldi,1.21,https://sba-cards-2024.s3.us-east-1.amazonaws.com/2024-cards/nathan-eovaldi.png,,505,AI,SP,,,,,,,,,,,14,,"Eovaldi,N",eovalna01,1p70
12195,Nathan Lukes,3.82,https://sba-cards-2024.s3.us-east-1.amazonaws.com/2024-cards/nathan-lukes.png,,538,CHC,LF,RF,CF,,,,,,,,,10,,"Lukes,N",lukesna01,1p20
12196,Nathaniel Lowe,1.39,https://sba-cards-2024.s3.us-east-1.amazonaws.com/2024-cards/nathaniel-lowe.png,,502,DEN,1B,,,,,,,,,,,16,,"Lowe,N",lowena01,2p65
12197,Nelson Velazquez,0,https://sba-cards-2024.s3.us-east-1.amazonaws.com/2024-cards/nelson-velazquez.png,,498,FA,RF,LF,,,,,,,,,,-2,,"Velazquez,N",velazne01,1p30
12198,Nestor Cortes Jr,1.12,https://sba-cards-2024.s3.us-east-1.amazonaws.com/2024-cards/nestor-cortes-jr.png,,510,NYDMiL,SP,,,,,,,,,,,2,,"Cortes,N",cortene01,1p70
12199,Nicholas Castellanos,0.35,https://sba-cards-2024.s3.us-east-1.amazonaws.com/2024-cards/nicholas-castellanos.png,,526,WAI,RF,,,,,,,,,,,15,,"Castellanos,N",casteni01,0p72
12200,Nick Ahmed,0,https://sba-cards-2024.s3.us-east-1.amazonaws.com/2024-cards/nick-ahmed.png,,514,GME,SS,2B,,,,,,,,,,18,,"Ahmed,N",ahmedni01,3p40
12201,Nick Allen,0.55,https://sba-cards-2024.s3.us-east-1.amazonaws.com/2024-cards/nick-allen.png,,498,FA,SS,3B,2B,,,,,,,,,-2,,"Allen,N",allenni02,1p20
12202,Nick Anderson,0.4,https://sba-cards-2024.s3.us-east-1.amazonaws.com/2024-cards/nick-anderson.png,,498,FA,RP,CP,,,,,,,,,,-2,,"Anderson,N",anderni01,1p30
12203,Nick Fortes,0,https://sba-cards-2024.s3.us-east-1.amazonaws.com/2024-cards/nick-fortes.png,,505,AI,C,,,,,,,,,,,1,,"Fortes,N",forteni01,2p50
12204,Nick Gonzales,0.67,https://sba-cards-2024.s3.us-east-1.amazonaws.com/2024-cards/nick-gonzales.png,,524,BSGIL,2B,SS,3B,,,,,,,,w19g4,14,,"Gonzales,N",gonzani01,2p50
12205,Nick Gordon,0,https://sba-cards-2024.s3.us-east-1.amazonaws.com/2024-cards/nick-gordon.png,,498,FA,LF,CF,2B,,,,,,,,,-2,,"Gordon,N",gordoni01,1p50
12206,Nick Lodolo,0.94,https://sba-cards-2024.s3.us-east-1.amazonaws.com/2024-cards/nick-lodolo.png,,543,CYPMiL,SP,,,,,,,,,,,15,,"Lodolo,N",lodolni01,3p50
12207,Nick Loftin,0.34,https://sba-cards-2024.s3.us-east-1.amazonaws.com/2024-cards/nick-loftin.png,,498,FA,2B,3B,1B,LF,,,,,,,,-2,,"Loftin,N",loftini01,1p30
12208,Nick Madrigal,0,https://sba-cards-2024.s3.us-east-1.amazonaws.com/2024-cards/nick-madrigal.png,,498,FA,3B,2B,,,,,,,,,,-2,,"Madrigal,N",madrini01,3p30
12209,Nick Martinez,2.11,https://sba-cards-2024.s3.us-east-1.amazonaws.com/2024-cards/nick-martinez.png,,532,MDW,SP,RP,,,,,,,,,,1,,"Martinez,N",martini01,1p70
12210,Nick Martini,0,https://sba-cards-2024.s3.us-east-1.amazonaws.com/2024-cards/nick-martini.png,,498,FA,LF,RF,,,,,,,,,,-2,,"Martini,N",martini02,5p30
12211,Nick Mears,0,https://sba-cards-2024.s3.us-east-1.amazonaws.com/2024-cards/nick-mears.png,,498,FA,RP,,,,,,,,,,,-2,,"Mears,N",mearsni01,3p50
12212,Nick Nastrini,0,https://sba-cards-2024.s3.us-east-1.amazonaws.com/2024-cards/nick-nastrini.png,,498,FA,SP,RP,,,,,,,,,,-2,,"Nastrini,N",nastrni01,1p20
12213,Nick Pivetta,0.93,https://sba-cards-2024.s3.us-east-1.amazonaws.com/2024-cards/nick-pivetta.png,,525,BSGMiL,SP,RP,,,,,,,,,,8,,"Pivetta,N",pivetni01,1p70
12214,Nick Sandlin,0,https://sba-cards-2024.s3.us-east-1.amazonaws.com/2024-cards/nick-sandlin.png,,534,MDWMiL,RP,CP,,,,,,,,,,16,,"Sandlin,N",sandlni01,1p50
12215,Nick Senzel,0,https://sba-cards-2024.s3.us-east-1.amazonaws.com/2024-cards/nick-senzel.png,,498,FA,3B,RF,,,,,,,,,,-2,,"Senzel,N",senzeni01,2p40
12216,Nick Sogard,1.01,https://sba-cards-2024.s3.us-east-1.amazonaws.com/2024-cards/nick-sogard.png,,498,FA,2B,3B,SS,,,,,,,,,-2,,"Sogard,N",sogarni01,1p20
12217,Nicky Lopez,0.13,https://sba-cards-2024.s3.us-east-1.amazonaws.com/2024-cards/nicky-lopez.png,,507,AIMiL,SS,2B,,,,,,,,,,15,,"Lopez,N",lopezni01,1p60
12218,Nico Hoerner,1.67,https://sba-cards-2024.s3.us-east-1.amazonaws.com/2024-cards/nico-hoerner.png,,523,BSG,2B,SS,,,,,,,,,,2,,"Hoerner,N",hoernni01,1p70
12219,Niko Kavadas,0,https://sba-cards-2024.s3.us-east-1.amazonaws.com/2024-cards/niko-kavadas.png,,498,FA,1B,,,,,,,,,,,-2,,"Kavadas,N",kavadni01,1p20
12220,Noah Davis,0,https://sba-cards-2024.s3.us-east-1.amazonaws.com/2024-cards/noah-davis.png,,498,FA,RP,,,,,,,,,,,-2,,"Davis,N",davisno01,1p20
12221,Noelvi Marte,0,https://sba-cards-2024.s3.us-east-1.amazonaws.com/2024-cards/noelvi-marte.png,,498,FA,3B,2B,,,,,,,,,,-2,,"Marte,N",marteno01,1p30
12222,Nolan Arenado,1.14,https://sba-cards-2024.s3.us-east-1.amazonaws.com/2024-cards/nolan-arenado.png,,502,DEN,3B,,,,,,,,,,,1,,"Arenado,N",arenano01,1p70
12223,Nolan Gorman,0.22,https://sba-cards-2024.s3.us-east-1.amazonaws.com/2024-cards/nolan-gorman.png,,535,NSH,2B,3B,,,,,,,,,,19,,"Gorman,N",gormano01,1p50
12224,Nolan Jones,0,https://sba-cards-2024.s3.us-east-1.amazonaws.com/2024-cards/nolan-jones.png,,498,FA,LF,,,,,,,,,,,-2,,"Jones,N",jonesno01,5p40
12225,Nolan Schanuel,0.62,https://sba-cards-2024.s3.us-east-1.amazonaws.com/2024-cards/nolan-schanuel.png,,513,DALMiL,1B,,,,,,,,,,,10,,"Schanuel,N",schanno01,1p65
12226,Oliver Dunn,0.56,https://sba-cards-2024.s3.us-east-1.amazonaws.com/2024-cards/oliver-dunn.png,,498,FA,3B,1B,2B,,,,,,,,,-2,,"Dunn,O",dunnol01,6p20
12227,Omar Narvaez,0,https://sba-cards-2024.s3.us-east-1.amazonaws.com/2024-cards/omar-narvaez.png,,507,AIMiL,C,,,,,,,,,,,15,,"Narvaez,O",narvaom01,2p20
12228,Oneil Cruz,1.21,https://sba-cards-2024.s3.us-east-1.amazonaws.com/2024-cards/oneil-cruz.png,,513,DALMiL,SS,CF,,,,,,,,,w18g3,17,,"Cruz,O",cruzon01,1p65
12229,Orion Kerkering,1.22,https://sba-cards-2024.s3.us-east-1.amazonaws.com/2024-cards/orion-kerkering.png,,499,WV,SP,RP,,,,,,,,,,1,,"Kerkering,O",kerkeor01,1p50
12230,Orlando Arcia,0.24,https://sba-cards-2024.s3.us-east-1.amazonaws.com/2024-cards/orlando-arcia.png,,498,FA,SS,,,,,,,,,,,-2,,"Arcia,O",arciaor01,1p70
12231,Osvaldo Bido,2.01,https://sba-cards-2024.s3.us-east-1.amazonaws.com/2024-cards/osvaldo-bido.png,,535,NSH,SP,RP,,,,,,,,,,15,,"Bido,O",bidoos01,2p40
12232,Oswaldo Cabrera,1.16,https://sba-cards-2024.s3.us-east-1.amazonaws.com/2024-cards/oswaldo-cabrera.png,,526,WAI,3B,2B,1B,SS,RF,LF,,,,,,16,https://media.discordapp.net/attachments/739619839685034095/1399594766047510708/image.png?ex=688991b3&is=68884033&hm=ba0802046c9663c7f2f1e2f2a716e069e7066988cb02545a25b2ff0ac541fb06&=&format=webp&quality=lossless&width=313&height=356,"Cabrera,O",cabreos01,1p50
12233,Otto Lopez,1.74,https://sba-cards-2024.s3.us-east-1.amazonaws.com/2024-cards/otto-lopez.png,,531,CANMiL,2B,SS,3B,LF,CF,,,,,,,18,,"Lopez,O",lopezot01,2p60
12234,Ozzie Albies,1.07,https://sba-cards-2024.s3.us-east-1.amazonaws.com/2024-cards/ozzie-albies.png,,514,GME,2B,,,,,,,,,,,18,,"Albies,O",albieoz01,4p50
12235,Pablo Lopez,1.21,https://sba-cards-2024.s3.us-east-1.amazonaws.com/2024-cards/pablo-lopez.png,,540,CHCMiL,SP,,,,,,,,,,,1,,"Lopez,P",lopezpa01,0p72
12236,Pablo Reyes,0,https://sba-cards-2024.s3.us-east-1.amazonaws.com/2024-cards/pablo-reyes.png,,498,FA,3B,2B,1B,SS,,,,,,,,-2,,"Reyes,P",reyespa01,1p20
12237,Parker Meadows,2.14,https://sba-cards-2024.s3.us-east-1.amazonaws.com/2024-cards/parker-meadows.png,,530,CANIL,CF,,,,,,,,,,,12,,"Meadows,P",meadopa01,2p40
12238,Patrick Bailey,1.17,https://sba-cards-2024.s3.us-east-1.amazonaws.com/2024-cards/patrick-bailey.png,,513,DALMiL,C,,,,,,,,,,,8,,"Bailey,P",bailepa01,3p60
12239,Patrick Corbin,0,https://sba-cards-2024.s3.us-east-1.amazonaws.com/2024-cards/patrick-corbin.png,,498,FA,SP,,,,,,,,,,,15,,"Corbin,P",corbipa01,0p72
12240,Patrick Sandoval,0,https://sba-cards-2024.s3.us-east-1.amazonaws.com/2024-cards/patrick-sandoval.png,,498,FA,SP,,,,,,,,,,,-2,,"Sandoval,P",sandopa02,5p40
12241,Patrick Wisdom,0,https://sba-cards-2024.s3.us-east-1.amazonaws.com/2024-cards/patrick-wisdom.png,,498,FA,1B,3B,LF,RF,2B,,,,,,,-2,,"Wisdom,P",wisdopa01,2p40
12242,Paul Blackburn,0.48,https://sba-cards-2024.s3.us-east-1.amazonaws.com/2024-cards/paul-blackburn.png,,498,FA,SP,,,,,,,,,,,-2,,"Blackburn,P",blackpa01,5p40
12243,Paul DeJong,0.54,https://sba-cards-2024.s3.us-east-1.amazonaws.com/2024-cards/paul-dejong.png,,513,DALMiL,SS,3B,,,,,,,,,,15,,"Dejong,P",dejonpa01,1p65
12244,Paul Goldschmidt,0.58,https://sba-cards-2024.s3.us-east-1.amazonaws.com/2024-cards/paul-goldschmidt.png,,532,MDW,1B,,,,,,,,,,,19,,"Goldschmidt,P",goldspa01,1p70
12245,Paul Sewald,0.24,https://sba-cards-2024.s3.us-east-1.amazonaws.com/2024-cards/paul-sewald.png,,525,BSGMiL,RP,CP,,,,,,,,,,15,,"Sewald,P",sewalpa01,5p40
12246,Paul Skenes,3.99,https://sba-cards-2024.s3.us-east-1.amazonaws.com/2024-cards/paul-skenes.png,,523,BSG,SP,,,,,,,,,,,8,,"Skenes,P",skenepa01,1p60
12247,Pavin Smith,1.1,https://sba-cards-2024.s3.us-east-1.amazonaws.com/2024-cards/pavin-smith.png,,527,WAIIL,LF,RF,1B,,,,,,,,w22g01,17,https://upload.wikimedia.org/wikipedia/commons/8/82/Francisco_de_Goya%2C_Saturno_devorando_a_su_hijo_%281819-1823%29.jpg,"Smith,P",smithpa04,1p30
12248,Pedro Avila,0.35,https://sba-cards-2024.s3.us-east-1.amazonaws.com/2024-cards/pedro-avila.png,,510,NYDMiL,RP,CP,,,,,,,,,,2,,"Avila,P",avilape01,1p50
12249,Pedro Pages,1.06,https://sba-cards-2024.s3.us-east-1.amazonaws.com/2024-cards/pedro-pages.png,,543,CYPMiL,C,1B,,,,,,,,,,2,,"Pages,P",pagespe02,2p30
12250,Pete Alonso,1.08,https://sba-cards-2024.s3.us-east-1.amazonaws.com/2024-cards/pete-alonso.png,,544,CLS,1B,,,,,,,,,,,1,https://i.postimg.cc/W4XhgBd9/temp-Image-K6pa49.avif,"Alonso,P",alonspe01,0p72
12251,Pete Crow Armstrong,1.63,https://sba-cards-2024.s3.us-east-1.amazonaws.com/2024-cards/pete-crow-armstrong.png,,499,WV,CF,,,,,,,,,,,14,,"Crow Armstrong,P",crowape01,1p60
12252,Pete Fairbanks,0.85,https://sba-cards-2024.s3.us-east-1.amazonaws.com/2024-cards/pete-fairbanks.png,,532,MDW,RP,CP,,,,,,,,,,16,,"Fairbanks,P",fairbpe01,5p40
12253,Peter Lambert,0,https://sba-cards-2024.s3.us-east-1.amazonaws.com/2024-cards/peter-lambert.png,,498,FA,SP,RP,,,,,,,,,,-2,,"Lambert,P",lambepe01,1p40
12254,Phil Maton,0.68,https://sba-cards-2024.s3.us-east-1.amazonaws.com/2024-cards/phil-maton.png,,504,DENMiL,RP,CP,,,,,,,,,,16,,"Maton,P",matonph01,0p72
12255,Pierce Johnson,0.6,https://sba-cards-2024.s3.us-east-1.amazonaws.com/2024-cards/pierce-johnson.png,,522,PORMiL,RP,CP,,,,,,,,,,12,,"Johnson,P",johnspi01,2p50
12256,Porter Hodge,1.45,https://sba-cards-2024.s3.us-east-1.amazonaws.com/2024-cards/porter-hodge.png,,529,CAN,RP,CP,,,,,,,,,,14,,"Hodge,P",hodgepo01,1p40
12257,Quinn Priester,0,https://sba-cards-2024.s3.us-east-1.amazonaws.com/2024-cards/quinn-priester.png,,525,BSGMiL,SP,RP,,,,,,,,,,8,,"Priester,Q",priesqu01,3p30
12258,Rafael Devers,1.79,https://sba-cards-2024.s3.us-east-1.amazonaws.com/2024-cards/rafael-devers.png,,514,GME,3B,,,,,,,,,,,1,,"Devers,R",deverra01,1p65
12259,Rafael Montero,0,https://sba-cards-2024.s3.us-east-1.amazonaws.com/2024-cards/rafael-montero.png,,498,FA,RP,,,,,,,,,,,-2,,"Montero,R",montera01,1p30
12260,Raisel Iglesias,2.01,https://sba-cards-2024.s3.us-east-1.amazonaws.com/2024-cards/raisel-iglesias.png,,526,WAI,RP,CP,,,,,,,,,,1,https://upload.wikimedia.org/wikipedia/commons/8/82/Francisco_de_Goya%2C_Saturno_devorando_a_su_hijo_%281819-1823%29.jpg,"Iglesias,R",iglesra01,1p60
12261,Ramon Laureano,1.22,https://sba-cards-2024.s3.us-east-1.amazonaws.com/2024-cards/ramon-laureano.png,,543,CYPMiL,RF,LF,CF,,,,,,,,,12,,"Laureano,R",laurera01,1p50
12262,Ramon Urias,1.45,https://sba-cards-2024.s3.us-east-1.amazonaws.com/2024-cards/ramon-urias.png,,499,WV,3B,1B,2B,,,,,,,,w19g4,12,,"Urias,R",uriasra01,2p50
12263,Randal Grichuk,2.29,https://sba-cards-2024.s3.us-east-1.amazonaws.com/2024-cards/randal-grichuk.png,,511,DAL,RF,LF,,,,,,,,,,1,,"Grichuk,R",grichra01,1p50
12264,Randy Arozarena,0.76,https://sba-cards-2024.s3.us-east-1.amazonaws.com/2024-cards/randy-arozarena.png,,502,DEN,LF,CF,,,,,,,,,,3,,"Arozarena,R",arozara01,1p70
12265,Randy Rodriguez,0,https://sba-cards-2024.s3.us-east-1.amazonaws.com/2024-cards/randy-rodriguez.png,,511,DAL,RP,,,,,,,,,,,14,,"Rodriguez,R",rodrira02,5p30
12266,Randy Vasquez,0.38,https://sba-cards-2024.s3.us-east-1.amazonaws.com/2024-cards/randy-vasquez.png,,498,FA,SP,,,,,,,,,,,-2,,"Vasquez,R",vasqura02,1p50
12267,Ranger Suarez,1.29,https://sba-cards-2024.s3.us-east-1.amazonaws.com/2024-cards/ranger-suarez.png,,513,DALMiL,SP,,,,,,,,,,,15,,"Suarez,R",suarera01,1p70
12268,Reed Garrett,0.17,https://sba-cards-2024.s3.us-east-1.amazonaws.com/2024-cards/reed-garrett.png,,498,FA,RP,CP,,,,,,,,,,-2,,"Garrett,R",garrere01,3p50
12269,Reese McGuire,0.18,https://sba-cards-2024.s3.us-east-1.amazonaws.com/2024-cards/reese-mcguire.png,,498,FA,C,,,,,,,,,,,-2,,"McGuire,R",mcguire01,2p30
12270,Reese Olson,0.8,https://sba-cards-2024.s3.us-east-1.amazonaws.com/2024-cards/reese-olson.png,,503,DENIL,SP,,,,,,,,,,,9,,"Olson,R",olsonre01,2p60
12271,Reid Detmers,0,https://sba-cards-2024.s3.us-east-1.amazonaws.com/2024-cards/reid-detmers.png,,498,FA,SP,,,,,,,,,,,-2,,"Detmers,R",detmere01,1p50
12272,Reynaldo Lopez,3.38,https://sba-cards-2024.s3.us-east-1.amazonaws.com/2024-cards/reynaldo-lopez.png,,505,AI,SP,,,,,,,,,,,12,,"Lopez,R",lopezre01,1p60
12273,Rhett Lowder,4.65,https://sba-cards-2024.s3.us-east-1.amazonaws.com/2024-cards/rhett-lowder.png,,520,POR,SP,,,,,,,,,,w23g2,12,,"Lowder,R",lowderh01,1p20
12274,Rhys Hoskins,0,https://sba-cards-2024.s3.us-east-1.amazonaws.com/2024-cards/rhys-hoskins.png,,499,WV,1B,,,,,,,,,,,16,,"Hoskins,R",hoskirh01,2p60
12275,Richard Lovelady,0.28,https://sba-cards-2024.s3.us-east-1.amazonaws.com/2024-cards/richard-lovelady.png,,498,FA,RP,CP,,,,,,,,,,9,,"Lovelady,R",lovelri01,5p30
12276,Richie Palacios,1.65,https://sba-cards-2024.s3.us-east-1.amazonaws.com/2024-cards/richie-palacios.png,,498,FA,LF,2B,RF,3B,SS,,,,,,,-2,,"Palacios,R",palacri01,4p50
12277,Riley Adams,0.45,https://sba-cards-2024.s3.us-east-1.amazonaws.com/2024-cards/riley-adams.png,,498,FA,C,,,,,,,,,,,-2,,"Adams,R",adamsri03,2p20
12278,Riley Greene,2.68,https://sba-cards-2024.s3.us-east-1.amazonaws.com/2024-cards/riley-greene.png,,523,BSG,LF,CF,RF,,,,,,,,,1,,"Greene,R",greenri03,1p65
12279,Roansy Contreras,0.53,https://sba-cards-2024.s3.us-east-1.amazonaws.com/2024-cards/roansy-contreras.png,,540,CHCMiL,SP,RP,CP,,,,,,,,,15,,"Contreras,R",contrro01,1p40
12280,Rob Refsnyder,0.76,https://sba-cards-2024.s3.us-east-1.amazonaws.com/2024-cards/rob-refsnyder.png,,502,DEN,LF,RF,,,,,,,,,,1,,"Refsnyder,R",refsnro01,3p50
12281,Robbie Grossman,0,https://sba-cards-2024.s3.us-east-1.amazonaws.com/2024-cards/robbie-grossman.png,,498,FA,RF,LF,,,,,,,,,,-2,,"Grossman,R",grossro01,1p40
12282,Robbie Ray,0,https://sba-cards-2024.s3.us-east-1.amazonaws.com/2024-cards/robbie-ray.png,,520,POR,SP,,,,,,,,,,w18g03,16,,"Ray,R",rayro02,6p20
12283,Robert Garcia,0,https://sba-cards-2024.s3.us-east-1.amazonaws.com/2024-cards/robert-garcia.png,,529,CAN,RP,,,,,,,,,,,1,,"Garcia,R",garciro04,0p72
12284,Robert Suarez,1.55,https://sba-cards-2024.s3.us-east-1.amazonaws.com/2024-cards/robert-suarez.png,,514,GME,RP,CP,,,,,,,,,,8,,"Suarez,Ro",suarero01,1p60
12285,Roddery Munoz,0,https://sba-cards-2024.s3.us-east-1.amazonaws.com/2024-cards/roddery-munoz.png,,498,FA,SP,,,,,,,,,,,-2,,"Munoz,R",munozro01,1p50
12286,Romy Gonzalez,1.21,https://sba-cards-2024.s3.us-east-1.amazonaws.com/2024-cards/romy-gonzalez.png,,510,NYDMiL,2B,1B,3B,SS,CF,RF,LF,,,,,2,,"Gonzalez,R",gonzaro01,3p40
12287,Ron Marinaccio,0.62,https://sba-cards-2024.s3.us-east-1.amazonaws.com/2024-cards/ron-marinaccio.png,,498,FA,RP,,,,,,,,,,,-2,,"Marinaccio,R",marinro01,1p20
12288,Ronald Acuna Jr,0,https://sba-cards-2024.s3.us-east-1.amazonaws.com/2024-cards/ronald-acuna-jr.png,,499,WV,RF,,,,,,,,,,,16,,"Acuna,R",acunaro01,5p30
12289,Ronel Blanco,2.42,https://sba-cards-2024.s3.us-east-1.amazonaws.com/2024-cards/ronel-blanco.png,,526,WAI,SP,,,,,,,,,,,1,https://upload.wikimedia.org/wikipedia/commons/8/82/Francisco_de_Goya%2C_Saturno_devorando_a_su_hijo_%281819-1823%29.jpg,"Blanco,R",blancro01,1p70
12290,Ross Stripling,0,https://sba-cards-2024.s3.us-east-1.amazonaws.com/2024-cards/ross-stripling.png,,498,FA,SP,RP,,,,,,,,,,-2,,"Stripling,R",stripro01,4p50
12291,Rowdy Tellez,0,https://sba-cards-2024.s3.us-east-1.amazonaws.com/2024-cards/rowdy-tellez.png,,498,FA,1B,,,,,,,,,,,-2,,"Tellez,R",tellero01,1p60
12292,Royce Lewis,0.62,https://sba-cards-2024.s3.us-east-1.amazonaws.com/2024-cards/royce-lewis.png,,527,WAIIL,3B,2B,,,,,,,,,w19g01,17,https://upload.wikimedia.org/wikipedia/commons/8/82/Francisco_de_Goya%2C_Saturno_devorando_a_su_hijo_(1819-1823).jpg,"Lewis,R",lewisro02,5p40
12293,Ryan Bliss,1.63,https://sba-cards-2024.s3.us-east-1.amazonaws.com/2024-cards/ryan-bliss.png,,498,FA,2B,,,,,,,,,,,-2,,"Bliss,R",blissry01,1p20
12294,Ryan Brasier,0.34,https://sba-cards-2024.s3.us-east-1.amazonaws.com/2024-cards/ryan-brasier.png,,502,DEN,SP,RP,,,,,,,,,,10,,"Brasier,R",brasiry01,5p30
12295,Ryan Burr,0,https://sba-cards-2024.s3.us-east-1.amazonaws.com/2024-cards/ryan-burr.png,,544,CLS,SP,RP,,,,,,,,,,1,https://i.postimg.cc/ZY1FWNtW/temp-Imagezd6e-MS.avif,"Burr,R",burrry01,1p30
12296,Ryan Feltner,0.51,https://sba-cards-2024.s3.us-east-1.amazonaws.com/2024-cards/ryan-feltner.png,,510,NYDMiL,SP,,,,,,,,,,,15,,"Feltner,R",feltnry01,1p70
12297,Ryan Fernandez,0.72,https://sba-cards-2024.s3.us-east-1.amazonaws.com/2024-cards/ryan-fernandez.png,,499,WV,RP,CP,,,,,,,,,,10,,"Fernandez,R",fernary01,1p60
12298,Ryan Helsley,2.17,https://sba-cards-2024.s3.us-east-1.amazonaws.com/2024-cards/ryan-helsley.png,,541,CYP,RP,CP,,,,,,,,,,1,,"Helsley,R",helslry01,1p60
12299,Ryan Jeffers,1.31,https://sba-cards-2024.s3.us-east-1.amazonaws.com/2024-cards/ryan-jeffers.png,,528,WAIMiL,C,,,,,,,,,,,12,,"Jeffers,R",jeffery01,2p60
12300,Ryan Kreidler,0,https://sba-cards-2024.s3.us-east-1.amazonaws.com/2024-cards/ryan-kreidler.png,,522,PORMiL,SS,3B,LF,CF,,,,,,,,15,,"Kreidler,R",kreidry01,1p20
12301,Ryan McMahon,1.12,https://sba-cards-2024.s3.us-east-1.amazonaws.com/2024-cards/ryan-mcmahon.png,,523,BSG,3B,,,,,,,,,,,4,,"McMahon,R",mcmahry01,1p70
12302,Ryan Mountcastle,1.49,https://sba-cards-2024.s3.us-east-1.amazonaws.com/2024-cards/ryan-mountcastle.png,,516,GMEMiL,1B,,,,,,,,,,,15,,"Mountcastle,R",mountry01,2p60
12303,Ryan Noda,0,https://sba-cards-2024.s3.us-east-1.amazonaws.com/2024-cards/ryan-noda.png,,498,FA,1B,RF,,,,,,,,,,-2,,"Noda,R",nodary01,1p20
12304,Ryan OHearn,1.12,https://sba-cards-2024.s3.us-east-1.amazonaws.com/2024-cards/ryan-ohearn.png,,519,MKEMiL,1B,RF,LF,,,,,,,,,16,,"OHearn,R",ohearry01,1p65
12305,Ryan Pepiot,1.21,https://sba-cards-2024.s3.us-east-1.amazonaws.com/2024-cards/ryan-pepiot.png,,526,WAI,SP,,,,,,,,,,,16,https://upload.wikimedia.org/wikipedia/commons/8/82/Francisco_de_Goya%2C_Saturno_devorando_a_su_hijo_%281819-1823%29.jpg,"Pepiot,R",pepiory01,1p65
12306,Ryan Pressly,0.34,https://sba-cards-2024.s3.us-east-1.amazonaws.com/2024-cards/ryan-pressly.png,,498,FA,RP,CP,,,,,,,,,,-2,,"Pressly,R",pressry01,2p50
12307,Ryan Thompson,0.72,https://sba-cards-2024.s3.us-east-1.amazonaws.com/2024-cards/ryan-thompson.png,,516,GMEMiL,RP,CP,,,,,,,,,,18,,"Thompson,R",thompry02,1p60
12308,Ryan Walker,1.68,https://sba-cards-2024.s3.us-east-1.amazonaws.com/2024-cards/ryan-walker.png,,505,AI,RP,CP,,,,,,,,,,1,,"Walker,R",walkery01,0p72
12309,Ryan Weathers,1.9,https://sba-cards-2024.s3.us-east-1.amazonaws.com/2024-cards/ryan-weathers.png,,540,CHCMiL,SP,,,,,,,,,,,14,,"Weathers,R",weathry01,5p50
12310,Ryan Yarbrough,0.88,https://sba-cards-2024.s3.us-east-1.amazonaws.com/2024-cards/ryan-yarbrough.png,,538,CHC,RP,CP,,,,,,,,,,4,,"Yarbrough,R",yarbrry01,1p60
12311,Ryder Ryan,0,https://sba-cards-2024.s3.us-east-1.amazonaws.com/2024-cards/ryder-ryan.png,,498,FA,RP,,,,,,,,,,,9,,"Ryan,R",ryanry01,1p20
12312,Ryne Nelson,1.02,https://sba-cards-2024.s3.us-east-1.amazonaws.com/2024-cards/ryne-nelson.png,,498,FA,SP,RP,CP,,,,,,,,,-2,,"Nelson,R",nelsory01,2p65
12313,Ryne Stanek,0,https://sba-cards-2024.s3.us-east-1.amazonaws.com/2024-cards/ryne-stanek.png,,523,BSG,RP,CP,,,,,,,,,,1,,"Stanek,R",stanery01,1p50
12314,Sal Frelick,1.16,https://sba-cards-2024.s3.us-east-1.amazonaws.com/2024-cards/sal-frelick.png,,519,MKEMiL,RF,LF,CF,3B,,,,,,,,14,,"Frelick,S",frelisa01,1p65
12315,Salvador Perez,1.11,https://sba-cards-2024.s3.us-east-1.amazonaws.com/2024-cards/salvador-perez.png,,541,CYP,C,1B,,,,,,,,,,1,,"Perez,S",perezsa02,1p70
12316,Sam Hentges,0.81,https://sba-cards-2024.s3.us-east-1.amazonaws.com/2024-cards/sam-hentges.png,,498,FA,RP,,,,,,,,,,,-2,,"Hentges,S",hentgsa01,5p20
12317,Sam Hilliard,0.92,https://sba-cards-2024.s3.us-east-1.amazonaws.com/2024-cards/sam-hilliard.png,,531,CANMiL,LF,CF,RF,,,,,,,,,14,,"Hilliard,S",hillisa01,1p30
12318,Sam Long,0.79,https://sba-cards-2024.s3.us-east-1.amazonaws.com/2024-cards/sam-long.png,,525,BSGMiL,RP,CP,,,,,,,,,,8,,"Long,S",longsa01,1p40
12319,Sam Moll,1.02,https://sba-cards-2024.s3.us-east-1.amazonaws.com/2024-cards/sam-moll.png,,535,NSH,RP,,,,,,,,,,,16,,"Moll,S",mollsa01,4p30
12320,Santiago Espinal,0,https://sba-cards-2024.s3.us-east-1.amazonaws.com/2024-cards/santiago-espinal.png,,526,WAI,3B,2B,SS,LF,RF,,,,,,,1,https://upload.wikimedia.org/wikipedia/commons/8/82/Francisco_de_Goya%2C_Saturno_devorando_a_su_hijo_%281819-1823%29.jpg,"Espinal,S",espinsa01,1p60
12321,Scott Alexander,1.49,https://sba-cards-2024.s3.us-east-1.amazonaws.com/2024-cards/scott-alexander.png,,498,FA,RP,,,,,,,,,,,4,,"Alexander,S",alexasc02,5p30
12322,Scott Barlow,0.17,https://sba-cards-2024.s3.us-east-1.amazonaws.com/2024-cards/scott-barlow.png,,546,CLSMiL,RP,CP,,,,,,,,,,12,,"Barlow,S",barlosc01,1p50
12323,Scott Blewett,2.83,https://sba-cards-2024.s3.us-east-1.amazonaws.com/2024-cards/scott-blewett.png,,498,FA,RP,,,,,,,,,,,-2,,"Blewett,S",blewesc01,1p20
12324,Scott McGough,0,https://sba-cards-2024.s3.us-east-1.amazonaws.com/2024-cards/scott-mcgough.png,,498,FA,SP,RP,,,,,,,,,,-2,,"McGough,S",mcgousc01,1p30
12325,Sean Bouchard,0,https://sba-cards-2024.s3.us-east-1.amazonaws.com/2024-cards/sean-bouchard.png,,498,FA,RF,LF,,,,,,,,,,-2,,"Bouchard,S",bouchse01,1p20
12326,Sean Guenther,3.43,https://sba-cards-2024.s3.us-east-1.amazonaws.com/2024-cards/sean-guenther.png,,511,DAL,RP,,,,,,,,,,w18g03,15,,"Guenther,S",guentse01,1p20
12327,Sean Hjelle,0.54,https://sba-cards-2024.s3.us-east-1.amazonaws.com/2024-cards/sean-hjelle.png,,507,AIMiL,RP,,,,,,,,,,,15,,"Hjelle,S",hjellse01,2p50
12328,Sean Manaea,1.49,https://sba-cards-2024.s3.us-east-1.amazonaws.com/2024-cards/sean-manaea.png,,522,PORMiL,SP,,,,,,,,,,,9,,"Manaea,S",manaese01,0p72
12329,Sean Murphy,1.43,https://sba-cards-2024.s3.us-east-1.amazonaws.com/2024-cards/sean-murphy.png,,510,NYDMiL,C,,,,,,,,,,,15,,"Murphy,S",murphse01,5p40
12330,Sean Reid-Foley,0.44,https://sba-cards-2024.s3.us-east-1.amazonaws.com/2024-cards/sean-reid-foley.png,,520,POR,RP,,,,,,,,,,,16,,"Reid-Foley,S",reidfse01,5p20
12331,Seiya Suzuki,1.74,https://sba-cards-2024.s3.us-east-1.amazonaws.com/2024-cards/seiya-suzuki.png,,505,AI,RF,LF,,,,,,,,,,17,,"Suzuki,S",suzukse01,1p60
12332,Seranthony Dominguez,0.08,https://sba-cards-2024.s3.us-east-1.amazonaws.com/2024-cards/seranthony-dominguez.png,,498,FA,RP,CP,,,,,,,,,,16,,"Dominguez,S",dominse01,1p50
12333,Seth Brown,0,https://sba-cards-2024.s3.us-east-1.amazonaws.com/2024-cards/seth-brown.png,,498,FA,LF,1B,RF,,,,,,,,,-2,,"Brown,S",brownse01,1p60
12334,Seth Lugo,2.31,https://sba-cards-2024.s3.us-east-1.amazonaws.com/2024-cards/seth-lugo.png,,526,WAI,SP,,,,,,,,,,,1,https://upload.wikimedia.org/wikipedia/commons/8/82/Francisco_de_Goya%2C_Saturno_devorando_a_su_hijo_%281819-1823%29.jpg,"Lugo,S",lugose01,0p72
12335,Seth Martinez,0.55,https://sba-cards-2024.s3.us-east-1.amazonaws.com/2024-cards/seth-martinez.png,,543,CYPMiL,RP,CP,,,,,,,,,,15,,"Martinez,S",martise01,1p30
12336,Shane Baz,1.99,https://sba-cards-2024.s3.us-east-1.amazonaws.com/2024-cards/shane-baz.png,,534,MDWMiL,SP,,,,,,,,,,,15,,"Baz,S",bazsh01,4p40
12337,Shawn Armstrong,0,https://sba-cards-2024.s3.us-east-1.amazonaws.com/2024-cards/shawn-armstrong.png,,498,FA,SP,RP,CP,,,,,,,,,-2,,"Armstrong,S",armstsh01,1p60
12338,Shawn Dubin,0,https://sba-cards-2024.s3.us-east-1.amazonaws.com/2024-cards/shawn-dubin.png,,525,BSGMiL,SP,RP,CP,,,,,,,,,8,,"Dubin,S",dubinsh01,2p30
12339,Shea Langeliers,1.57,https://sba-cards-2024.s3.us-east-1.amazonaws.com/2024-cards/shea-langeliers.png,,500,WVIL,C,,,,,,,,,,,13,,"Langeliers,S",langesh01,1p65
12340,Shelby Miller,0,https://sba-cards-2024.s3.us-east-1.amazonaws.com/2024-cards/shelby-miller.png,,535,NSH,RP,CP,,,,,,,,,,7,,"Miller,S",millesh01,2p50
12341,Shohei Ohtani,3.65,https://sba-cards-2024.s3.us-east-1.amazonaws.com/2024-cards/shohei-ohtani.png,,535,NSH,DH,,,,,,,,,,,1,,"Ohtani,S",ohtansh01,1p70
12342,Shota Imanaga,1.56,https://sba-cards-2024.s3.us-east-1.amazonaws.com/2024-cards/shota-imanaga.png,,541,CYP,SP,,,,,,,,,,,17,,"Imanaga,S",imanash01,1p70
12343,Simeon Woods Richardson,1.12,https://sba-cards-2024.s3.us-east-1.amazonaws.com/2024-cards/simeon-woods-richardson.png,,508,NYD,SP,,,,,,,,,,,16,,"Woods Richardson,S",woodssi01,1p70
12344,Sixto Sanchez,0,https://sba-cards-2024.s3.us-east-1.amazonaws.com/2024-cards/sixto-sanchez.png,,498,FA,SP,RP,,,,,,,,,,13,,"Sanchez,S",sanchsi01,6p20
12345,Slade Cecconi,0,https://sba-cards-2024.s3.us-east-1.amazonaws.com/2024-cards/slade-cecconi.png,,498,FA,SP,RP,,,,,,,,,,-2,,"Cecconi,S",ceccosl01,1p40
12346,Sonny Gray,0.97,https://sba-cards-2024.s3.us-east-1.amazonaws.com/2024-cards/sonny-gray.png,,502,DEN,SP,,,,,,,,,,,1,,"Gray,S",grayso01,1p70
12347,Spencer Arrighetti,0.16,https://sba-cards-2024.s3.us-east-1.amazonaws.com/2024-cards/spencer-arrighetti.png,,498,FA,SP,,,,,,,,,,,-2,,"Arrighetti,S",arrigsp01,1p70
12348,Spencer Bivens,0.89,https://sba-cards-2024.s3.us-east-1.amazonaws.com/2024-cards/spencer-bivens.png,,542,CYPIL,SP,RP,CP,,,,,,,,,17,,"Bivens,S",bivensp01,1p30
12349,Spencer Horwitz,0.91,https://sba-cards-2024.s3.us-east-1.amazonaws.com/2024-cards/spencer-horwitz.png,,538,CHC,2B,1B,,,,,,,,,,1,,"Horwitz,S",horwisp01,1p50
12350,Spencer Schwellenbach,1.96,https://sba-cards-2024.s3.us-east-1.amazonaws.com/2024-cards/spencer-schwellenbach.png,,513,DALMiL,SP,,,,,,,,,,,15,,"Schwellenbach,S",schwesp01,1p60
12351,Spencer Steer,0.66,https://sba-cards-2024.s3.us-east-1.amazonaws.com/2024-cards/spencer-steer.png,,511,DAL,LF,1B,2B,RF,SS,,,,,,,17,,"Steer,S",steersp01,1p70
12352,Spencer Torkelson,0.23,https://sba-cards-2024.s3.us-east-1.amazonaws.com/2024-cards/spencer-torkelson.png,,498,FA,1B,,,,,,,,,,,-2,,"Torkelson,S",torkesp01,1p50
12353,Spencer Turnbull,1.66,https://sba-cards-2024.s3.us-east-1.amazonaws.com/2024-cards/spencer-turnbull.png,,544,CLS,SP,RP,,,,,,,,,,17,https://i.postimg.cc/jjpPDVmG/temp-Image-Pzsmu-Q.avif,"Turnbull,S",turnbsp01,4p30
12354,Starling Marte,0.55,https://sba-cards-2024.s3.us-east-1.amazonaws.com/2024-cards/starling-marte.png,,532,MDW,RF,,,,,,,,,,,16,,"Marte,S",martest01,4p50
12355,Stephen Kolek,0,https://sba-cards-2024.s3.us-east-1.amazonaws.com/2024-cards/stephen-kolek.png,,498,FA,RP,,,,,,,,,,,-2,,"Kolek,S",kolekst01,5p30
12356,Steven Kwan,2.15,https://sba-cards-2024.s3.us-east-1.amazonaws.com/2024-cards/steven-kwan.png,,509,NYDIL,LF,,,,,,,,,,w19g4,17,,"Kwan,S",kwanst01,3p60
12357,Steven Matz,0,https://sba-cards-2024.s3.us-east-1.amazonaws.com/2024-cards/steven-matz.png,,498,FA,SP,RP,,,,,,,,,,-2,,"Matz,S",matzst01,6p30
12358,Steven Okert,0,https://sba-cards-2024.s3.us-east-1.amazonaws.com/2024-cards/steven-okert.png,,498,FA,RP,CP,,,,,,,,,,-2,,"Okert,S",okertst01,1p30
12359,Steven Wilson,0,https://sba-cards-2024.s3.us-east-1.amazonaws.com/2024-cards/steven-wilson.png,,498,FA,RP,,,,,,,,,,,-2,,"Wilson,S",wilsost02,5p30
12360,Stuart Fairchild,1.24,https://sba-cards-2024.s3.us-east-1.amazonaws.com/2024-cards/stuart-fairchild.png,,498,FA,CF,RF,LF,,,,,,,,,-2,,"Fairchild,S",faircst01,4p50
12361,Taijuan Walker,0,https://sba-cards-2024.s3.us-east-1.amazonaws.com/2024-cards/taijuan-walker.png,,498,FA,SP,RP,,,,,,,,,,-2,,"Walker,T",walketa01,4p50
12362,Taj Bradley,1.04,https://sba-cards-2024.s3.us-east-1.amazonaws.com/2024-cards/taj-bradley.png,,516,GMEMiL,SP,,,,,,,,,,,17,,"Bradley,T",bradlta01,1p60
12363,Tanner Banks,0.07,https://sba-cards-2024.s3.us-east-1.amazonaws.com/2024-cards/tanner-banks.png,,535,NSH,RP,CP,,,,,,,,,,14,,"Banks,T",banksta01,1p60
12364,Tanner Bibee,1.12,https://sba-cards-2024.s3.us-east-1.amazonaws.com/2024-cards/tanner-bibee.png,,529,CAN,SP,,,,,,,,,,,19,,"Bibee,T",bibeeta01,1p70
12365,Tanner Gordon,0,https://sba-cards-2024.s3.us-east-1.amazonaws.com/2024-cards/tanner-gordon.png,,498,FA,SP,,,,,,,,,,,-2,,"Gordon,T",gordota01,1p20
12366,Tanner Houck,1.76,https://sba-cards-2024.s3.us-east-1.amazonaws.com/2024-cards/tanner-houck.png,,545,CLSIL,SP,,,,,,,,,,w19g3,16,https://i.postimg.cc/7PcXSc7Y/temp-Image-Naglm5.avif,"Houck,T",houckta01,1p70
12367,Tanner Rainey,0.09,https://sba-cards-2024.s3.us-east-1.amazonaws.com/2024-cards/tanner-rainey.png,,498,FA,RP,,,,,,,,,,,-2,,"Rainey,T",raineta01,1p40
12368,Tanner Scott,2.67,https://sba-cards-2024.s3.us-east-1.amazonaws.com/2024-cards/tanner-scott.png,,499,WV,RP,CP,,,,,,,,,,1,,"Scott,Tanner",scottta01,0p72
12369,Tarik Skubal,2.95,https://sba-cards-2024.s3.us-east-1.amazonaws.com/2024-cards/tarik-skubal.png,,523,BSG,SP,,,,,,,,,,,1,https://cdn.discordapp.com/attachments/976093776479129642/1430931583791005716/G35yEPBXQAANmua.png?ex=68fb9262,"Skubal,T",skubata01,1p70
12370,Tayler Saucedo,0.5,https://sba-cards-2024.s3.us-east-1.amazonaws.com/2024-cards/tayler-saucedo.png,,498,FA,RP,CP,,,,,,,,,,-2,,"Saucedo,T",sauceta01,2p30
12371,Tayler Scott,1.19,https://sba-cards-2024.s3.us-east-1.amazonaws.com/2024-cards/tayler-scott.png,,526,WAI,RP,,,,,,,,,,,1,https://upload.wikimedia.org/wikipedia/commons/8/82/Francisco_de_Goya%2C_Saturno_devorando_a_su_hijo_%281819-1823%29.jpg,"Scott,T",scottta02,1p60
12372,Taylor Rogers,0.88,https://sba-cards-2024.s3.us-east-1.amazonaws.com/2024-cards/taylor-rogers.png,,540,CHCMiL,RP,,,,,,,,,,,15,,"Rogers,Ta",rogerta01,1p50
12373,Taylor Walls,1.61,https://sba-cards-2024.s3.us-east-1.amazonaws.com/2024-cards/taylor-walls.png,,504,DENMiL,SS,,,,,,,,,,,15,,"Walls,T",wallsta01,5p40
12374,Taylor Ward,1.01,https://sba-cards-2024.s3.us-east-1.amazonaws.com/2024-cards/taylor-ward.png,,517,MKE,LF,,,,,,,,,,,16,,"Ward,T",wardta01,1p70
12375,Teoscar Hernandez,1.91,https://sba-cards-2024.s3.us-east-1.amazonaws.com/2024-cards/teoscar-hernandez.png,,526,WAI,LF,RF,,,,,,,,,,15,https://upload.wikimedia.org/wikipedia/commons/8/82/Francisco_de_Goya%2C_Saturno_devorando_a_su_hijo_(1819-1823).jpg,"Hernandez,T",hernate01,1p70
12376,Thairo Estrada,0,https://sba-cards-2024.s3.us-east-1.amazonaws.com/2024-cards/thairo-estrada.png,,498,FA,2B,,,,,,,,,,,-2,,"Estrada,T",estrath01,3p50
12377,Thyago Vieira,0,https://sba-cards-2024.s3.us-east-1.amazonaws.com/2024-cards/thyago-vieira.png,,498,FA,RP,CP,,,,,,,,,,-2,,"Vieira,T",vieirth01,1p20
12378,Tim Anderson,0,https://sba-cards-2024.s3.us-east-1.amazonaws.com/2024-cards/tim-anderson.png,,498,FA,SS,,,,,,,,,,,-2,,"Anderson,Tim",anderti01,1p30
12379,Tim Herrin,1.24,https://sba-cards-2024.s3.us-east-1.amazonaws.com/2024-cards/tim-herrin.png,,517,MKE,RP,,,,,,,,,,,1,,"Herrin,T",herriti01,0p72
12380,Tim Hill,0.36,https://sba-cards-2024.s3.us-east-1.amazonaws.com/2024-cards/tim-hill.png,,498,FA,RP,,,,,,,,,,,-2,,"Hill,T",hillti01,1p60
12381,Tim Mayza,0,https://sba-cards-2024.s3.us-east-1.amazonaws.com/2024-cards/tim-mayza.png,,498,FA,RP,,,,,,,,,,,-2,,"Mayza,T",mayzati01,1p40
12382,TJ Friedl,0.43,https://sba-cards-2024.s3.us-east-1.amazonaws.com/2024-cards/tj-friedl.png,,498,FA,CF,,,,,,,,,,,4,,"Friedl,T",friedtj01,5p40
12383,TJ McFarland,0.51,https://sba-cards-2024.s3.us-east-1.amazonaws.com/2024-cards/tj-mcfarland.png,,507,AIMiL,RP,,,,,,,,,,,12,,"McFarland,T",mcfartj01,0p72
12384,Tobias Myers,1.47,https://sba-cards-2024.s3.us-east-1.amazonaws.com/2024-cards/tobias-myers.png,,531,CANMiL,SP,RP,,,,,,,,,,13,,"Myers,T",myersto01,1p70
12385,Tomas Nido,0,https://sba-cards-2024.s3.us-east-1.amazonaws.com/2024-cards/tomas-nido.png,,498,FA,C,,,,,,,,,,,9,,"Nido,T",nidoto01,4p30
12386,Tommy Edman,1.71,https://sba-cards-2024.s3.us-east-1.amazonaws.com/2024-cards/tommy-edman.png,,520,POR,CF,SS,2B,,,,,,,,,17,,"Edman,T",edmanto01,5p20
12387,Tommy Henry,0,https://sba-cards-2024.s3.us-east-1.amazonaws.com/2024-cards/tommy-henry.png,,498,FA,SP,RP,,,,,,,,,,-2,,"Henry,T",henryto01,1p20
12388,Tommy Kahnle,0.9,https://sba-cards-2024.s3.us-east-1.amazonaws.com/2024-cards/tommy-kahnle.png,,520,POR,RP,CP,,,,,,,,,,1,,"Kahnle,T",kahnlto01,4p40
12389,Tommy Nance,0,https://sba-cards-2024.s3.us-east-1.amazonaws.com/2024-cards/tommy-nance.png,,508,NYD,RP,,,,,,,,,,,1,,"Nance,T",nanceto01,1p20
12390,Tommy Pham,0,https://sba-cards-2024.s3.us-east-1.amazonaws.com/2024-cards/tommy-pham.png,,498,FA,RF,LF,CF,,,,,,,,,-2,,"Pham,T",phamth01,1p60
12391,Tony Santillan,1.12,https://sba-cards-2024.s3.us-east-1.amazonaws.com/2024-cards/tony-santillan.png,,514,GME,RP,,,,,,,,,,,10,,"Santillan,T",santito01,1p30
12392,Touki Toussaint,0,https://sba-cards-2024.s3.us-east-1.amazonaws.com/2024-cards/touki-toussaint.png,,498,FA,RP,,,,,,,,,,,-2,,"Toussaint,T",toussto01,1p20
12393,Travis dArnaud,0.94,https://sba-cards-2024.s3.us-east-1.amazonaws.com/2024-cards/travis-darnaud.png,,508,NYD,C,,,,,,,,,,,14,,"DArnaud,T",darnatr01,2p50
12394,Travis Jankowski,0.42,https://sba-cards-2024.s3.us-east-1.amazonaws.com/2024-cards/travis-jankowski.png,,498,FA,RF,LF,CF,,,,,,,,,-2,,"Jankowski,T",jankotr01,1p50
12395,Trea Turner,1.61,https://sba-cards-2024.s3.us-east-1.amazonaws.com/2024-cards/trea-turner.png,,499,WV,SS,,,,,,,,,,,1,,"Turner,T",turnetr01,1p60
12396,Trent Grisham,0.56,https://sba-cards-2024.s3.us-east-1.amazonaws.com/2024-cards/trent-grisham.png,,546,CLSMiL,CF,,,,,,,,,,,9,,"Grisham,T",grishtr01,1p40
12397,Trent Thornton,0.2,https://sba-cards-2024.s3.us-east-1.amazonaws.com/2024-cards/trent-thornton.png,,498,FA,RP,CP,,,,,,,,,,15,,"Thornton,T",thorntr01,0p72
12398,Trevor Larnach,0.94,https://sba-cards-2024.s3.us-east-1.amazonaws.com/2024-cards/trevor-larnach.png,,540,CHCMiL,LF,RF,,,,,,,,,,15,,"Larnach,T",larnatr01,1p50
12399,Trevor Megill,1.35,https://sba-cards-2024.s3.us-east-1.amazonaws.com/2024-cards/trevor-megill.png,,508,NYD,RP,CP,,,,,,,,,,16,,"Megill,T",megiltr01,4p40
12400,Trevor Richards,0,https://sba-cards-2024.s3.us-east-1.amazonaws.com/2024-cards/trevor-richards.png,,544,CLS,SP,RP,CP,,,,,,,,,1,https://i.postimg.cc/HW534ztw/temp-Image-Xs-YXf6.avif,"Richards,T",richatr01,1p60
12401,Trevor Rogers,0.6,https://sba-cards-2024.s3.us-east-1.amazonaws.com/2024-cards/trevor-rogers.png,,498,FA,SP,,,,,,,,,,,-2,,"Rogers,Tr",rogertr01,1p65
12402,Trevor Story,1.92,https://sba-cards-2024.s3.us-east-1.amazonaws.com/2024-cards/trevor-story.png,,520,POR,SS,,,,,,,,,,,14,,"Story,T",storytr01,6p20
12403,Trevor Williams,2.93,https://sba-cards-2024.s3.us-east-1.amazonaws.com/2024-cards/trevor-williams.png,,529,CAN,SP,,,,,,,,,,,18,,"Williams,T",willitr01,5p40
12404,Trey Cabbage,0,https://sba-cards-2024.s3.us-east-1.amazonaws.com/2024-cards/trey-cabbage.png,,498,FA,RF,LF,,,,,,,,,,-2,,"Cabbage,T",cabbatr01,1p20
12405,Trey Lipscomb,0,https://sba-cards-2024.s3.us-east-1.amazonaws.com/2024-cards/trey-lipscomb.png,,498,FA,3B,1B,2B,,,,,,,,,-2,,"Lipscomb,T",lipsctr01,1p30
12406,Trey Sweeney,1.71,https://sba-cards-2024.s3.us-east-1.amazonaws.com/2024-cards/trey-sweeney.png,,498,FA,SS,,,,,,,,,,,-2,,"Sweeney,T",sweentr01,1p20
12407,Triston Casas,0.72,https://sba-cards-2024.s3.us-east-1.amazonaws.com/2024-cards/triston-casas.png,,512,DALIL,1B,,,,,,,,,,w20g2,17,,"Casas,T",casastr01,5p30
12408,Triston McKenzie,0,https://sba-cards-2024.s3.us-east-1.amazonaws.com/2024-cards/triston-mckenzie.png,,498,FA,SP,,,,,,,,,,,-2,,"McKenzie,T",mckentr01,1p40
12409,Tucker Barnhart,0.91,https://sba-cards-2024.s3.us-east-1.amazonaws.com/2024-cards/tucker-barnhart.png,,498,FA,C,,,,,,,,,,,-2,,"Barnhart,T",barnhtu01,2p20
12410,Ty Blach,0,https://sba-cards-2024.s3.us-east-1.amazonaws.com/2024-cards/ty-blach.png,,498,FA,SP,RP,,,,,,,,,,-2,,"Blach,T",blachty01,1p40
12411,Ty France,0,https://sba-cards-2024.s3.us-east-1.amazonaws.com/2024-cards/ty-france.png,,498,FA,1B,2B,,,,,,,,,,-2,,"France,T",francty01,1p65
12412,Tyler Alexander,0.2,https://sba-cards-2024.s3.us-east-1.amazonaws.com/2024-cards/tyler-alexander.png,,498,FA,SP,RP,,,,,,,,,,-2,,"Alexander,T",alexaty01,1p60
12413,Tyler Anderson,1.56,https://sba-cards-2024.s3.us-east-1.amazonaws.com/2024-cards/tyler-anderson.png,,498,FA,SP,,,,,,,,,,,-2,,"Anderson,T",anderty01,1p70
12414,Tyler Ferguson,0.65,https://sba-cards-2024.s3.us-east-1.amazonaws.com/2024-cards/tyler-ferguson.png,,523,BSG,RP,CP,,,,,,,,,,1,,"Ferguson,T",ferguty01,1p40
12415,Tyler Fitzgerald,2.38,https://sba-cards-2024.s3.us-east-1.amazonaws.com/2024-cards/tyler-fitzgerald.png,,538,CHC,SS,CF,2B,LF,1B,,,,,,,15,,"Fitzgerald,T",fitzgty01,1p50
12416,Tyler Freeman,0.68,https://sba-cards-2024.s3.us-east-1.amazonaws.com/2024-cards/tyler-freeman.png,,498,FA,CF,SS,2B,3B,,,,,,,,-2,,"Freeman,T",freemty01,1p60
12417,Tyler Glasnow,1.28,https://sba-cards-2024.s3.us-east-1.amazonaws.com/2024-cards/tyler-glasnow.png,,511,DAL,SP,,,,,,,,,,,17,,"Glasnow,T",glasnty01,3p60
12418,Tyler Holton,1.58,https://sba-cards-2024.s3.us-east-1.amazonaws.com/2024-cards/tyler-holton.png,,535,NSH,SP,RP,CP,,,,,,,,,14,,"Holton,T",holtoty01,1p70
12419,Tyler Kinley,0,https://sba-cards-2024.s3.us-east-1.amazonaws.com/2024-cards/tyler-kinley.png,,498,FA,RP,CP,,,,,,,,,,-2,,"Kinley,T",kinlety01,1p50
12420,Tyler Nevin,0,https://sba-cards-2024.s3.us-east-1.amazonaws.com/2024-cards/tyler-nevin.png,,498,FA,1B,3B,RF,LF,,,,,,,,-2,,"Nevin,T",nevinty01,1p40
12421,Tyler ONeill,1.59,https://sba-cards-2024.s3.us-east-1.amazonaws.com/2024-cards/tyler-oneill.png,,511,DAL,LF,RF,,,,,,,,,,1,,"ONeill,T",oneilty01,2p50
12422,Tyler Phillips,0,https://sba-cards-2024.s3.us-east-1.amazonaws.com/2024-cards/tyler-phillips.png,,498,FA,SP,RP,,,,,,,,,,-2,,"Phillips,T",phillty01,1p20
12423,Tyler Rogers,1.02,https://sba-cards-2024.s3.us-east-1.amazonaws.com/2024-cards/tyler-rogers.png,,532,MDW,RP,CP,,,,,,,,,,1,,"Rogers,Tyler",rogerty01,0p72
12424,Tyler Soderstrom,0.68,https://sba-cards-2024.s3.us-east-1.amazonaws.com/2024-cards/tyler-soderstrom.png,,502,DEN,1B,C,,,,,,,,,,8,https://i.postimg.cc/L8ytnNNk/black-sodastream-soda-machines-1012911011-31-600.jpg,"Soderstrom,T",soderty01,5p30
12425,Tyler Stephenson,1.35,https://sba-cards-2024.s3.us-east-1.amazonaws.com/2024-cards/tyler-stephenson.png,,520,POR,C,,,,,,,,,,w18g02,17,,"Stephenson,T",stephty01,1p65
12426,Tyler Wade,0,https://sba-cards-2024.s3.us-east-1.amazonaws.com/2024-cards/tyler-wade.png,,502,DEN,3B,SS,2B,LF,CF,RF,,,,,,11,,"Wade,T",wadety01,1p40
12427,Tylor Megill,0.48,https://sba-cards-2024.s3.us-east-1.amazonaws.com/2024-cards/tylor-megill.png,,545,CLSIL,SP,,,,,,,,,,w14g02,12,,"Megill,Tylor",megilty01,3p40
12428,Tyrone Taylor,1.68,https://sba-cards-2024.s3.us-east-1.amazonaws.com/2024-cards/tyrone-taylor.png,,510,NYDMiL,RF,CF,LF,,,,,,,,,17,,"Taylor,T",tayloty01,1p60
12429,Tyson Miller,1.08,https://sba-cards-2024.s3.us-east-1.amazonaws.com/2024-cards/tyson-miller.png,,502,DEN,RP,CP,,,,,,,,,,6,,"Miller,T",millety01,1p50
12430,Valente Bellozo,1.64,https://sba-cards-2024.s3.us-east-1.amazonaws.com/2024-cards/valente-bellozo.png,,531,CANMiL,SP,,,,,,,,,,,13,,"Bellozo,V",bellova01,1p40
12431,Vaughn Grissom,0,https://sba-cards-2024.s3.us-east-1.amazonaws.com/2024-cards/vaughn-grissom.png,,498,FA,2B,,,,,,,,,,,-2,,"Grissom,V",grissva01,5p20
12432,Victor Caratini,1.38,https://sba-cards-2024.s3.us-east-1.amazonaws.com/2024-cards/victor-caratini.png,,531,CANMiL,C,1B,,,,,,,,,,15,,"Caratini,V",caratvi01,4p40
12433,Victor Gonzalez,0.21,https://sba-cards-2024.s3.us-east-1.amazonaws.com/2024-cards/victor-gonzalez.png,,514,GME,RP,CP,,,,,,,,,,1,,"Gonzalez,V",gonzavi02,1p20
12434,Victor Robles,3.05,https://sba-cards-2024.s3.us-east-1.amazonaws.com/2024-cards/victor-robles.png,,532,MDW,CF,RF,LF,,,,,,,,,17,,"Robles,V",roblevi01,3p40
12435,Victor Scott,0,https://sba-cards-2024.s3.us-east-1.amazonaws.com/2024-cards/victor-scott.png,,498,FA,CF,RF,LF,,,,,,,,,-2,,"Scott II,V",scottvi01,1p30
12436,Victor Vodnik,0.78,https://sba-cards-2024.s3.us-east-1.amazonaws.com/2024-cards/victor-vodnik.png,,499,WV,RP,CP,,,,,,,,,,16,,"Vodnik,V",vodnivi01,1p40
12437,Vidal Brujan,0.52,https://sba-cards-2024.s3.us-east-1.amazonaws.com/2024-cards/vidal-brujan.png,,501,WVMiL,2B,SS,CF,3B,RF,LF,1B,,,,,16,,"Brujan,V",brujavi01,2p50
12438,Vinnie Pasquantino,0.58,https://sba-cards-2024.s3.us-east-1.amazonaws.com/2024-cards/vinnie-pasquantino.png,,525,BSGMiL,1B,,,,,,,,,,,15,,"Pasquantino,V",pasquvi01,3p60
12439,Vladimir Guerrero Jr,2.58,https://sba-cards-2024.s3.us-east-1.amazonaws.com/2024-cards/vladimir-guerrero-jr.png,,514,GME,1B,3B,,,,,,,,,,1,,"Guerrero Jr,V",guerrvl02,1p70
12440,Walker Buehler,0,https://sba-cards-2024.s3.us-east-1.amazonaws.com/2024-cards/walker-buehler.png,,498,FA,SP,,,,,,,,,,,-2,,"Buehler,W",buehlwa01,5p40
12441,Wandy Peralta,0.5,https://sba-cards-2024.s3.us-east-1.amazonaws.com/2024-cards/wandy-peralta.png,,534,MDWMiL,RP,,,,,,,,,,,16,,"Peralta,W",peralwa01,4p30
12442,Wenceel Perez,0.48,https://sba-cards-2024.s3.us-east-1.amazonaws.com/2024-cards/wenceel-perez.png,,498,FA,RF,CF,LF,,,,,,,,,-2,,"Perez,W",perezwe01,3p50
12443,Weston Wilson,2.07,https://sba-cards-2024.s3.us-east-1.amazonaws.com/2024-cards/weston-wilson.png,,540,CHCMiL,LF,3B,RF,2B,1B,,,,,,,15,,"Wilson,W",wilsowe01,1p20
12444,Whit Merrifield,0.26,https://sba-cards-2024.s3.us-east-1.amazonaws.com/2024-cards/whit-merrifield.png,,498,FA,2B,LF,3B,,,,,,,,,17,,"Merrifield,W",merriwh01,1p50
12445,Will Benson,0,https://sba-cards-2024.s3.us-east-1.amazonaws.com/2024-cards/will-benson.png,,498,FA,LF,RF,CF,,,,,,,,,-2,,"Benson,W",bensowi01,1p60
12446,Will Brennan,0,https://sba-cards-2024.s3.us-east-1.amazonaws.com/2024-cards/will-brennan.png,,522,PORMiL,RF,LF,CF,,,,,,,,,15,,"Brennan,W",brennwi02,1p60
12447,Will D Smith,1.87,https://sba-cards-2024.s3.us-east-1.amazonaws.com/2024-cards/will-d-smith.png,,517,MKE,C,,,,,,,,,,,2,,"Smith,Wd",smithwi05,2p60
12448,Will Smith,0,https://sba-cards-2024.s3.us-east-1.amazonaws.com/2024-cards/will-smith.png,,498,FA,RP,CP,,,,,,,,,,-2,,"Smith,W",smithwi04,3p40
12449,Will Vest,1.02,https://sba-cards-2024.s3.us-east-1.amazonaws.com/2024-cards/will-vest.png,,499,WV,RP,CP,,,,,,,,,w20g1,5,,"Vest,W",vestwi01,1p60
12450,Will Wagner,2.36,https://sba-cards-2024.s3.us-east-1.amazonaws.com/2024-cards/will-wagner.png,,507,AIMiL,2B,1B,,,,,,,,,,14,,"Wagner,W",wagnewi01,2p20
12451,Willi Castro,0.73,https://sba-cards-2024.s3.us-east-1.amazonaws.com/2024-cards/willi-castro.png,,541,CYP,SS,2B,LF,CF,3B,,,,,,,1,,"Castro,W",castrwi01,1p70
12452,William Contreras,2.09,https://sba-cards-2024.s3.us-east-1.amazonaws.com/2024-cards/william-contreras.png,,514,GME,C,,,,,,,,,,,1,,"Contreras,William",contrwi02,1p70
12453,Willie Calhoun,0,https://sba-cards-2024.s3.us-east-1.amazonaws.com/2024-cards/willie-calhoun.png,,498,FA,1B,LF,,,,,,,,,,-2,,"Calhoun,W",calhowi01,1p30
12454,Willson Contreras,2.43,https://sba-cards-2024.s3.us-east-1.amazonaws.com/2024-cards/willson-contreras.png,,532,MDW,C,,,,,,,,,,,16,,"Contreras,Willson",contrwi01,5p40
12455,Willy Adames,1.31,https://sba-cards-2024.s3.us-east-1.amazonaws.com/2024-cards/willy-adames.png,,544,CLS,SS,,,,,,,,,,,1,https://i.postimg.cc/W1zKsrMh/temp-Image0phi-Uc.avif,"Adames,W",adamewi01,1p70
12456,Wilmer Flores,0,https://sba-cards-2024.s3.us-east-1.amazonaws.com/2024-cards/wilmer-flores.png,,498,FA,1B,3B,,,,,,,,,,-2,,"Flores,W",florewi01,5p40
12457,Wilyer Abreu,2.21,https://sba-cards-2024.s3.us-east-1.amazonaws.com/2024-cards/wilyer-abreu.png,,522,PORMiL,RF,LF,,,,,,,,,,17,,"Abreu,W",abreuwi02,2p60
12458,Wyatt Langford,2.03,https://sba-cards-2024.s3.us-east-1.amazonaws.com/2024-cards/wyatt-langford.png,,511,DAL,LF,CF,,,,,,,,,,1,,"Langford,W",langfwy01,2p60
12459,Xander Bogaerts,0.75,https://sba-cards-2024.s3.us-east-1.amazonaws.com/2024-cards/xander-bogaerts.png,,513,DALMiL,2B,SS,,,,,,,,,,15,,"Bogaerts,X",bogaexa01,3p50
12460,Xavier Edwards,1.91,https://sba-cards-2024.s3.us-east-1.amazonaws.com/2024-cards/xavier-edwards.png,,529,CAN,SS,2B,,,,,,,,,,16,,"Edwards,X",edwarxa01,5p40
12461,Xzavion Curry,0.34,https://sba-cards-2024.s3.us-east-1.amazonaws.com/2024-cards/xzavion-curry.png,,535,NSH,SP,RP,,,,,,,,,,4,,"Curry,X",curryxz01,2p30
12462,Yainer Diaz,1.5,https://sba-cards-2024.s3.us-east-1.amazonaws.com/2024-cards/yainer-diaz.png,,523,BSG,C,1B,,,,,,,,,,1,,"Diaz,Yainer",diazya02,1p70
12463,Yan Gomes,0,https://sba-cards-2024.s3.us-east-1.amazonaws.com/2024-cards/yan-gomes.png,,498,FA,C,,,,,,,,,,,-2,,"Gomes,Y",gomesya01,2p20
12464,Yandy Diaz,0.75,https://sba-cards-2024.s3.us-east-1.amazonaws.com/2024-cards/yandy-diaz.png,,523,BSG,1B,,,,,,,,,,,1,,"Diaz,Yandy",diazya01,1p65
12465,Yariel Rodriguez,0,https://sba-cards-2024.s3.us-east-1.amazonaws.com/2024-cards/yariel-rodriguez.png,,505,AI,SP,,,,,,,,,,,1,,"Rodriguez,Ya",rodriya01,2p50
12466,Yasmani Grandal,0.72,https://sba-cards-2024.s3.us-east-1.amazonaws.com/2024-cards/yasmani-grandal.png,,546,CLSMiL,C,1B,,,,,,,,,,15,,"Grandal,Y",grandya01,4p40
12467,Yennier Cano,0.64,https://sba-cards-2024.s3.us-east-1.amazonaws.com/2024-cards/yennier-cano.png,,513,DALMiL,RP,CP,,,,,,,,,,15,,"Cano,Y",canoye01,0p72
12468,Yerry Rodriguez,0,https://sba-cards-2024.s3.us-east-1.amazonaws.com/2024-cards/yerry-rodriguez.png,,498,FA,RP,,,,,,,,,,,-2,,"Rodriguez,Ye",rodriye01,2p20
12469,Yimi Garcia,0.62,https://sba-cards-2024.s3.us-east-1.amazonaws.com/2024-cards/yimi-garcia.png,,514,GME,RP,CP,,,,,,,,,,18,,"Garcia,Y",garciyi01,5p40
12470,Yohan Ramirez,0,https://sba-cards-2024.s3.us-east-1.amazonaws.com/2024-cards/yohan-ramirez.png,,498,FA,RP,CP,,,,,,,,,,-2,,"Ramirez,Y",ramiryo01,1p30
12471,Yonny Chirinos,0,https://sba-cards-2024.s3.us-east-1.amazonaws.com/2024-cards/yonny-chirinos.png,,498,FA,SP,,,,,,,,,,,-2,,"Chirinos,Y",chiriyo01,1p20
12472,Yordan Alvarez,2.47,https://sba-cards-2024.s3.us-east-1.amazonaws.com/2024-cards/yordan-alvarez.png,,499,WV,LF,,,,,,,,,,,15,,"Alvarez,Y",alvaryo01,1p65
12473,Yoshinobu Yamamoto,1.42,https://sba-cards-2024.s3.us-east-1.amazonaws.com/2024-cards/yoshinobu-yamamoto.png,,499,WV,SP,,,,,,,,,,,6,,"Yamamoto,Y",yamamyo01,3p50
12474,Yu Darvish,1.84,https://sba-cards-2024.s3.us-east-1.amazonaws.com/2024-cards/yu-darvish.png,,499,WV,SP,,,,,,,,,,,14,,"Darvish,Y",darviyu01,5p50
12475,Yuki Matsui,0.61,https://sba-cards-2024.s3.us-east-1.amazonaws.com/2024-cards/yuki-matsui.png,,511,DAL,RP,,,,,,,,,,,16,https://upload.wikimedia.org/wikipedia/commons/8/82/Francisco_de_Goya%2C_Saturno_devorando_a_su_hijo_%281819-1823%29.jpg,"Matsui,Y",matsuyu01,1p50
12476,Yuli Gurriel,0.45,https://sba-cards-2024.s3.us-east-1.amazonaws.com/2024-cards/yuli-gurriel.png,,498,FA,1B,,,,,,,,,,,-2,,"Gurriel,Y",gourryu01,1p20
12477,Yunior Marte,0,https://sba-cards-2024.s3.us-east-1.amazonaws.com/2024-cards/yunior-marte.png,,498,FA,RP,,,,,,,,,,,-2,,"Marte,Y",marteyu01,5p30
12478,Yusei Kikuchi,0.72,https://sba-cards-2024.s3.us-east-1.amazonaws.com/2024-cards/yusei-kikuchi.png,,532,MDW,SP,,,,,,,,,,,1,,"Kikuchi,Y",kikucyu01,0p72
12479,Zac Gallen,1.37,https://sba-cards-2024.s3.us-east-1.amazonaws.com/2024-cards/zac-gallen.png,,500,WVIL,SP,,,,,,,,,,,16,,"Gallen,Z",galleza01,1p70
12480,Zach DeLoach,0,https://sba-cards-2024.s3.us-east-1.amazonaws.com/2024-cards/zach-deloach.png,,498,FA,RF,LF,CF,,,,,,,,,-2,,"DeLoach,Z",deloaza01,1p20
12481,Zach Dezenzo,0,https://sba-cards-2024.s3.us-east-1.amazonaws.com/2024-cards/zach-dezenzo.png,,498,FA,1B,3B,,,,,,,,,,-2,,"Dezenzo,Z",dezenza01,1p20
12482,Zach Eflin,1.42,https://sba-cards-2024.s3.us-east-1.amazonaws.com/2024-cards/zach-eflin.png,,546,CLSMiL,SP,,,,,,,,,,,16,https://i.postimg.cc/7ZV8dTyN/temp-Imagetlc5-RZ.avif,"Eflin,Z",eflinza01,1p70
12483,Zach McKinstry,0.71,https://sba-cards-2024.s3.us-east-1.amazonaws.com/2024-cards/zach-mckinstry.png,,498,FA,SS,3B,2B,LF,RF,,,,,,,-2,,"McKinstry,Z",mckinza01,1p60
12484,Zach Neto,2.46,https://sba-cards-2024.s3.us-east-1.amazonaws.com/2024-cards/zach-neto.png,,516,GMEMiL,SS,,,,,,,,,,,18,,"Neto,Z",netoza01,1p70
12485,Zach Pop,0,https://sba-cards-2024.s3.us-east-1.amazonaws.com/2024-cards/zach-pop.png,,498,FA,RP,CP,,,,,,,,,,-2,,"Pop,Z",popza01,1p40
12486,Zack Gelof,0.74,https://sba-cards-2024.s3.us-east-1.amazonaws.com/2024-cards/zack-gelof.png,,512,DALIL,2B,,,,,,,,,,w19g1,5,,"Gelof,Z",gelofza01,2p65
12487,Zack Kelly,0.51,https://sba-cards-2024.s3.us-east-1.amazonaws.com/2024-cards/zack-kelly.png,,498,FA,SP,RP,,,,,,,,,,15,,"Kelly,Z",kellyza01,1p50
12488,Zack Littell,1.34,https://sba-cards-2024.s3.us-east-1.amazonaws.com/2024-cards/zack-littell.png,,501,WVMiL,SP,,,,,,,,,,,15,,"Littell,Z",litteza01,1p70
12489,Zack Short,0,https://sba-cards-2024.s3.us-east-1.amazonaws.com/2024-cards/zack-short.png,,498,FA,3B,SS,2B,,,,,,,,,-2,,"Short,Z",shortza01,1p20
12490,Zack Wheeler,2.75,https://sba-cards-2024.s3.us-east-1.amazonaws.com/2024-cards/zack-wheeler.png,,511,DAL,SP,,,,,,,,,,,1,,"Wheeler,Z",wheelza01,0p72
12491,Zebby Matthews,0,https://sba-cards-2024.s3.us-east-1.amazonaws.com/2024-cards/zebby-matthews.png,,498,FA,SP,,,,,,,,,,,-2,,"Matthews,Z",matthze01,1p20
